
> statefall@1.10.61 verify
> npm run verify:fast && npm run verify:browser


> statefall@1.10.61 verify:fast
> npm run syntax && npm test


> statefall@1.10.61 syntax
> node tools/check-game-syntax.js && node --check playwright.config.js && node --check playwright.wordpress.config.js && node --check tools/package-zip.js && node --check tools/build-release.js && node --check tools/build-plugin.js && node --check tools/build-previous-plugin.js && node --check tests/build-package-fixtures.js && npm run syntax:prototype

Syntax OK: module entry and 281 source/tool/test files

> statefall@1.10.61 syntax:prototype
> node --check prototypes/graphics-vertical-slice/scene.js && node --check prototypes/graphics-vertical-slice/graphics-vertical-slice.spec.js && node --check prototypes/graphics-vertical-slice/playwright.config.js


> statefall@1.10.61 test
> npm run test:rendering-contract && npm run test:runtime && npm run test:engine && npm run test:engine-isolation && npm run test:relay && npm run test:adversarial-boundaries && npm run test:compatibility-effects && npm run test:world-loop && npm run test:command-router && npm run test:rules-geometry && npm run test:state && npm run test:map-generation && npm run test:world-setup && npm run test:match-flow && npm run test:diplomacy && npm run test:land-combat && npm run test:ai && npm run test:logistics && npm run test:economy && npm run test:structures && npm run test:missiles && npm run test:fog && npm run test:air && npm run test:naval && npm run test:simulation-ports && npm run test:harness-hardening && npm run test:help-contract && npm run test:browser-server && npm run test:security && npm run test:seeded-order && npm run test:replaycheck && npm run test:phase-d-parity && npm run test:smoke && npm run test:restart && npm run test:renderer-independence && npm run determinism


> statefall@1.10.61 test:rendering-contract
> node tests/classic-motion.js && node tests/presentation-step-clock.js && node tests/classic-terrain-client.js && node tests/area-labels.js && node tests/rendering-contract.js && node tests/atlas-manifest.js && node tests/phase-e-hardware-harness.js && node tests/structure-layer-model.js && node tests/pre-structure-layer-model.js && node tests/naval-logistics-model.js && node tests/warship-layer-model.js && node tests/projectile-layer-model.js && node tests/missile-layer-model.js && node tests/aircraft-layer-model.js && node tests/map-label-layer-model.js && node tests/support-actor-layer-model.js && node tests/floating-text-layer-model.js && node tests/global-effects-layer-model.js && node tests/nation-overlay-layer-model.js && node tests/world-annotation-layer-model.js && node tests/notification-overlay-layer-model.js && node tests/interaction-overlay-layer-model.js

PASS motion tracker first observation, firing, cooldown, pause, rewind and 320 heading anchors
Effect clock 10–144 Hz, pause gap bound, exact batched aging and zero-step purity PASS
Classic terrain worker snapshot, coalescing, camera, reset, failure, timeout and teardown PASS
Area label exact-reference and linear-scaling regressions PASS
Terrain F2 high-resolution deterministic cache and semantic fixture PASS
Camera and viewport contracts PASS
Atlas manifest contract tests passed.
Phase E evidence mutation contracts passed (60 Hz: 3600 frames/60000.000 ms; 30 Hz: 1800 frames/60000.000 ms).
Structure layer model contracts PASS
Pre-structure layer model contracts PASS
Naval logistics model contracts PASS
Warship layer model contracts PASS
Projectile layer model contracts PASS
Missile layer model contracts PASS
Aircraft layer model contracts PASS
Map label layer model contracts PASS
Support actor layer model contracts PASS
Floating text layer model contracts PASS
Global effects layer model contracts PASS
Nation overlay layer model contracts PASS
World annotation layer model contracts PASS
Notification overlay layer model contracts PASS
Interaction overlay layer model contracts PASS

> statefall@1.10.61 test:runtime
> node tests/sha256.js && node tests/strict-math.js && node tests/canonical-typed-cache.js && node tests/deterministic-runtime.js

SHA-256 native-oracle vectors PASS (525 cases)
Portable math exact historical-runtime vectors PASS (530563 cases)
Canonical typed cache exact-byte, mutation, alias, unaligned-view and restart checks PASS (280 cases)
(node:26324) [MODULE_TYPELESS_PACKAGE_JSON] Warning: Module type of file:///D:/One%20Drive/projects%20-%20local/statefall/statefall-repo-2026-09-12/game/src/config/maps.js is not specified and it doesn't parse as CommonJS.
Reparsing as ES module because module syntax was detected. This incurs a performance overhead.
To eliminate this warning, add "type": "module" to D:\One Drive\projects - local\statefall\statefall-repo-2026-09-12\package.json.
(Use `node --trace-warnings ...` to show where the warning was created)
Deterministic runtime contracts PASS

> statefall@1.10.61 test:engine
> node tests/checkpoint-origins.js && node tests/rollback-copy.js && node tests/engine.js

Retired attack-origin checkpoint restore, continuation and rejection regressions PASS
Retired transport-origin acceptance and invalid-origin atomic rejection PASS
(node:43936) [MODULE_TYPELESS_PACKAGE_JSON] Warning: Module type of file:///D:/One%20Drive/projects%20-%20local/statefall/statefall-repo-2026-09-12/game/src/config/maps.js is not specified and it doesn't parse as CommonJS.
Reparsing as ES module because module syntax was detected. This incurs a performance overhead.
To eliminate this warning, add "type": "module" to D:\One Drive\projects - local\statefall\statefall-repo-2026-09-12\package.json.
(Use `node --trace-warnings ...` to show where the warning was created)
Rollback copy parity, aliases, cycles, numeric fidelity and isolation PASS
Engine integration checks PASS
(node:59668) [MODULE_TYPELESS_PACKAGE_JSON] Warning: Module type of file:///D:/One%20Drive/projects%20-%20local/statefall/statefall-repo-2026-09-12/game/src/config/maps.js is not specified and it doesn't parse as CommonJS.
Reparsing as ES module because module syntax was detected. This incurs a performance overhead.
To eliminate this warning, add "type": "module" to D:\One Drive\projects - local\statefall\statefall-repo-2026-09-12\package.json.
(Use `node --trace-warnings ...` to show where the warning was created)

> statefall@1.10.61 test:engine-isolation
> node tests/engine-isolation.js

Phase D direct-engine isolation, checkpoint, restart, ownership, and identity evidence PASS
(node:12376) [MODULE_TYPELESS_PACKAGE_JSON] Warning: Module type of file:///D:/One%20Drive/projects%20-%20local/statefall/statefall-repo-2026-09-12/game/src/config/maps.js is not specified and it doesn't parse as CommonJS.
Reparsing as ES module because module syntax was detected. This incurs a performance overhead.
To eliminate this warning, add "type": "module" to D:\One Drive\projects - local\statefall\statefall-repo-2026-09-12\package.json.
(Use `node --trace-warnings ...` to show where the warning was created)

> statefall@1.10.61 test:relay
> node tests/multiplayer-relay.js

Phase D2 hardened relay consensus, recovery, bounds, and 400+ tick lockstep PASS
(node:18296) [MODULE_TYPELESS_PACKAGE_JSON] Warning: Module type of file:///D:/One%20Drive/projects%20-%20local/statefall/statefall-repo-2026-09-12/game/src/config/maps.js is not specified and it doesn't parse as CommonJS.
Reparsing as ES module because module syntax was detected. This incurs a performance overhead.
To eliminate this warning, add "type": "module" to D:\One Drive\projects - local\statefall\statefall-repo-2026-09-12\package.json.
(Use `node --trace-warnings ...` to show where the warning was created)

> statefall@1.10.61 test:adversarial-boundaries
> node tests/adversarial-boundaries.js && node tests/custom-flag-null.js && node tests/custom-country-replay.js

Adversarial boundaries PASS: 13 direct commands, 34 menu actions, command semantics, configuration, replay, queries, and readonly containers
(node:11528) [MODULE_TYPELESS_PACKAGE_JSON] Warning: Module type of file:///D:/One%20Drive/projects%20-%20local/statefall/statefall-repo-2026-09-12/game/src/config/maps.js is not specified and it doesn't parse as CommonJS.
Reparsing as ES module because module syntax was detected. This incurs a performance overhead.
To eliminate this warning, add "type": "module" to D:\One Drive\projects - local\statefall\statefall-repo-2026-09-12\package.json.
(Use `node --trace-warnings ...` to show where the warning was created)
PASS optional emblem accent, malformed values, player/bot start and checkpoint round-trip
(node:49180) [MODULE_TYPELESS_PACKAGE_JSON] Warning: Module type of file:///D:/One%20Drive/projects%20-%20local/statefall/statefall-repo-2026-09-12/game/src/config/maps.js is not specified and it doesn't parse as CommonJS.
Reparsing as ES module because module syntax was detected. This incurs a performance overhead.
To eliminate this warning, add "type": "module" to D:\One Drive\projects - local\statefall\statefall-repo-2026-09-12\package.json.
(Use `node --trace-warnings ...` to show where the warning was created)
PASS custom-country replay sentinel, negative controls and engine restoration
(node:42948) [MODULE_TYPELESS_PACKAGE_JSON] Warning: Module type of file:///D:/One%20Drive/projects%20-%20local/statefall/statefall-repo-2026-09-12/game/src/config/maps.js is not specified and it doesn't parse as CommonJS.
Reparsing as ES module because module syntax was detected. This incurs a performance overhead.
To eliminate this warning, add "type": "module" to D:\One Drive\projects - local\statefall\statefall-repo-2026-09-12\package.json.
(Use `node --trace-warnings ...` to show where the warning was created)

> statefall@1.10.61 test:compatibility-effects
> node tests/compatibility-effects.js

Compatibility effect RNG count, payload, order, sink independence, and browser-free contracts PASS

> statefall@1.10.61 test:world-loop
> node tests/world-loop.js

World-loop poisoned-global, ordering, cadence, stopped/draft, and instance isolation contracts PASS

> statefall@1.10.61 test:command-router
> node tests/command-router.js

Command router browser-poisoning, isolation, actor, and historical replay contracts PASS

> statefall@1.10.61 test:rules-geometry
> node tests/rules-geometry.js

Immutable rules and deterministic geometry contracts PASS

> statefall@1.10.61 test:state
> node tests/authoritative-state.js && node tests/state-oracle.js

Authoritative state isolation contracts PASS
State oracle and authoritative reset isolation PASS

> statefall@1.10.61 test:map-generation
> node tests/map-generation.js

Map generation isolation and browser-free contracts PASS

> statefall@1.10.61 test:world-setup
> node tests/world-setup.js

World setup isolation and browser-free contracts PASS

> statefall@1.10.61 test:match-flow
> node tests/match-flow.js

Match-flow poisoned-global, draft, allied decision, RNG, outcome, and isolation contracts PASS

> statefall@1.10.61 test:diplomacy
> node tests/diplomacy.js

Diplomacy isolation, browser-free, and deterministic RNG contracts PASS

> statefall@1.10.61 test:land-combat
> node tests/land-combat.js

Land combat isolation, ownership, identity, garrison, and deterministic RNG contracts PASS

> statefall@1.10.61 test:ai
> node tests/ai.js

AI browser-free profiles, scheduling, seeded decisions, adapters, actor identity, and instance isolation contracts PASS

> statefall@1.10.61 test:logistics
> node tests/logistics.js

Logistics poisoned-global, stable garrison, troop synchronization, engineering, and instance isolation contracts PASS

> statefall@1.10.61 test:economy
> node tests/economy.js

Economy browser-free growth, aid, treasury/region identity, ordering, and instance isolation contracts PASS

> statefall@1.10.61 test:structures
> node tests/structures.js

Structures browser-free placement, capture, destruction, index, counter, queue, and instance isolation contracts PASS

> statefall@1.10.61 test:missiles
> node tests/missiles.js

Missiles browser-free launch, interception, blast damage, and instance isolation contracts PASS

> statefall@1.10.61 test:fog
> node tests/fog.js && node tests/fog-transition.js

Fog browser-free visibility, cooldown, spy actor, and instance isolation contracts PASS
Fog fade timing, pause, reacquisition and reset PASS

> statefall@1.10.61 test:air
> node tests/air.js

Air browser-free operations, adapters, cleanup, and instance isolation contracts PASS

> statefall@1.10.61 test:naval
> node tests/naval.js

Naval browser-free pathing, transport, ordering, cleanup, and instance isolation contracts PASS

> statefall@1.10.61 test:simulation-ports
> node tests/simulation-ports.js

Simulation presentation ports PASS

> statefall@1.10.61 test:harness-hardening
> node tests/harness-hardening.js

Harness direct-import boundary and isolation checks PASS
(node:57516) [MODULE_TYPELESS_PACKAGE_JSON] Warning: Module type of file:///D:/One%20Drive/projects%20-%20local/statefall/statefall-repo-2026-09-12/game/src/config/maps.js is not specified and it doesn't parse as CommonJS.
Reparsing as ES module because module syntax was detected. This incurs a performance overhead.
To eliminate this warning, add "type": "module" to D:\One Drive\projects - local\statefall\statefall-repo-2026-09-12\package.json.
(Use `node --trace-warnings ...` to show where the warning was created)

> statefall@1.10.61 test:help-contract
> node tests/help-contract.js

Static help and release-tool module contracts PASS
(node:56080) [MODULE_TYPELESS_PACKAGE_JSON] Warning: Module type of file:///D:/One%20Drive/projects%20-%20local/statefall/statefall-repo-2026-09-12/game/src/config/build.js is not specified and it doesn't parse as CommonJS.
Reparsing as ES module because module syntax was detected. This incurs a performance overhead.
To eliminate this warning, add "type": "module" to D:\One Drive\projects - local\statefall\statefall-repo-2026-09-12\package.json.
(Use `node --trace-warnings ...` to show where the warning was created)

> statefall@1.10.61 test:browser-server
> node tests/browser-server.js

Browser server path and Host hardening PASS

> statefall@1.10.61 test:security
> node tests/security.js

PASS replay identity markup is normalized before simulation setup
(node:55420) [MODULE_TYPELESS_PACKAGE_JSON] Warning: Module type of file:///D:/One%20Drive/projects%20-%20local/statefall/statefall-repo-2026-09-12/game/src/config/maps.js is not specified and it doesn't parse as CommonJS.
Reparsing as ES module because module syntax was detected. This incurs a performance overhead.
To eliminate this warning, add "type": "module" to D:\One Drive\projects - local\statefall\statefall-repo-2026-09-12\package.json.
(Use `node --trace-warnings ...` to show where the warning was created)

> statefall@1.10.61 test:seeded-order
> node tests/seeded-tier-order.js

Seeded tier ordering PASS
(node:15816) [MODULE_TYPELESS_PACKAGE_JSON] Warning: Module type of file:///D:/One%20Drive/projects%20-%20local/statefall/statefall-repo-2026-09-12/game/src/config/maps.js is not specified and it doesn't parse as CommonJS.
Reparsing as ES module because module syntax was detected. This incurs a performance overhead.
To eliminate this warning, add "type": "module" to D:\One Drive\projects - local\statefall\statefall-repo-2026-09-12\package.json.
(Use `node --trace-warnings ...` to show where the warning was created)

> statefall@1.10.61 test:replaycheck
> node tests/replaycheck.js

Replay checker strict positive and negative checks PASS
(node:39228) [MODULE_TYPELESS_PACKAGE_JSON] Warning: Module type of file:///D:/One%20Drive/projects%20-%20local/statefall/statefall-repo-2026-09-12/game/src/config/maps.js is not specified and it doesn't parse as CommonJS.
Reparsing as ES module because module syntax was detected. This incurs a performance overhead.
To eliminate this warning, add "type": "module" to D:\One Drive\projects - local\statefall\statefall-repo-2026-09-12\package.json.
(Use `node --trace-warnings ...` to show where the warning was created)

> statefall@1.10.61 test:phase-d-parity
> node tests/phase-d-parity-corpus.js

PARITY standard-random 400 ticks 4 commands 3fe9e126 4a559a11fc57
PARITY fog-world 400 ticks 4 commands a0b8763a f302ebf1a87d
PARITY garrisons-land 400 ticks 4 commands 94c4e860 7402870b5d07
PARITY quick-europe 400 ticks 4 commands d8ceb5df dbab8e35e823
PARITY endgame-asia 400 ticks 4 commands 45767b79 4d79214fd333
PARITY risky-draft-random 100 ticks 10 commands b76753eb d57baa8bee76
PARITY combined-arms-islands 400 ticks 20 commands 76964ee7 ce2d0e639917
Phase D old-versus-extracted parity corpus PASS (7 scenarios, oracle ad30188)
(node:56788) [MODULE_TYPELESS_PACKAGE_JSON] Warning: Module type of file:///D:/One%20Drive/projects%20-%20local/statefall/statefall-repo-2026-09-12/game/src/config/maps.js is not specified and it doesn't parse as CommonJS.
Reparsing as ES module because module syntax was detected. This incurs a performance overhead.
To eliminate this warning, add "type": "module" to D:\One Drive\projects - local\statefall\statefall-repo-2026-09-12\package.json.
(Use `node --trace-warnings ...` to show where the warning was created)

> statefall@1.10.61 test:smoke
> node tests/smoke.js

PASS continents 10350 land 20 players 48e6ee21 b1febe45039c
(node:48560) [MODULE_TYPELESS_PACKAGE_JSON] Warning: Module type of file:///D:/One%20Drive/projects%20-%20local/statefall/statefall-repo-2026-09-12/game/src/config/maps.js is not specified and it doesn't parse as CommonJS.
Reparsing as ES module because module syntax was detected. This incurs a performance overhead.
To eliminate this warning, add "type": "module" to D:\One Drive\projects - local\statefall\statefall-repo-2026-09-12\package.json.
(Use `node --trace-warnings ...` to show where the warning was created)
PASS world 4011 land 14 players ffd5ae71 5a8a3f3324b9
(node:17504) [MODULE_TYPELESS_PACKAGE_JSON] Warning: Module type of file:///D:/One%20Drive/projects%20-%20local/statefall/statefall-repo-2026-09-12/game/src/config/maps.js is not specified and it doesn't parse as CommonJS.
Reparsing as ES module because module syntax was detected. This incurs a performance overhead.
To eliminate this warning, add "type": "module" to D:\One Drive\projects - local\statefall\statefall-repo-2026-09-12\package.json.
(Use `node --trace-warnings ...` to show where the warning was created)
PASS europe 16755 land 23 players ae7faa06 a00885ed8cdc
(node:47648) [MODULE_TYPELESS_PACKAGE_JSON] Warning: Module type of file:///D:/One%20Drive/projects%20-%20local/statefall/statefall-repo-2026-09-12/game/src/config/maps.js is not specified and it doesn't parse as CommonJS.
Reparsing as ES module because module syntax was detected. This incurs a performance overhead.
To eliminate this warning, add "type": "module" to D:\One Drive\projects - local\statefall\statefall-repo-2026-09-12\package.json.
(Use `node --trace-warnings ...` to show where the warning was created)
PASS atoll 5712 land 15 players 69444c48 d388b083ee46
(node:16228) [MODULE_TYPELESS_PACKAGE_JSON] Warning: Module type of file:///D:/One%20Drive/projects%20-%20local/statefall/statefall-repo-2026-09-12/game/src/config/maps.js is not specified and it doesn't parse as CommonJS.
Reparsing as ES module because module syntax was detected. This incurs a performance overhead.
To eliminate this warning, add "type": "module" to D:\One Drive\projects - local\statefall\statefall-repo-2026-09-12\package.json.
(Use `node --trace-warnings ...` to show where the warning was created)
PASS medium islands 8690 land 16 players 5900f336 08aada7fb1c5
(node:34108) [MODULE_TYPELESS_PACKAGE_JSON] Warning: Module type of file:///D:/One%20Drive/projects%20-%20local/statefall/statefall-repo-2026-09-12/game/src/config/maps.js is not specified and it doesn't parse as CommonJS.
Reparsing as ES module because module syntax was detected. This incurs a performance overhead.
To eliminate this warning, add "type": "module" to D:\One Drive\projects - local\statefall\statefall-repo-2026-09-12\package.json.
(Use `node --trace-warnings ...` to show where the warning was created)
PASS quick start 16643 land 25 players d507184a fc68e7122c3a
(node:57228) [MODULE_TYPELESS_PACKAGE_JSON] Warning: Module type of file:///D:/One%20Drive/projects%20-%20local/statefall/statefall-repo-2026-09-12/game/src/config/maps.js is not specified and it doesn't parse as CommonJS.
Reparsing as ES module because module syntax was detected. This incurs a performance overhead.
To eliminate this warning, add "type": "module" to D:\One Drive\projects - local\statefall\statefall-repo-2026-09-12\package.json.
(Use `node --trace-warnings ...` to show where the warning was created)
PASS fog 21154 land 27 players 5b80f0de 3589b433bd13
(node:23564) [MODULE_TYPELESS_PACKAGE_JSON] Warning: Module type of file:///D:/One%20Drive/projects%20-%20local/statefall/statefall-repo-2026-09-12/game/src/config/maps.js is not specified and it doesn't parse as CommonJS.
Reparsing as ES module because module syntax was detected. This incurs a performance overhead.
To eliminate this warning, add "type": "module" to D:\One Drive\projects - local\statefall\statefall-repo-2026-09-12\package.json.
(Use `node --trace-warnings ...` to show where the warning was created)
PASS end game 18911 land 25 players 7239c17e 8a11327e2f45
(node:45672) [MODULE_TYPELESS_PACKAGE_JSON] Warning: Module type of file:///D:/One%20Drive/projects%20-%20local/statefall/statefall-repo-2026-09-12/game/src/config/maps.js is not specified and it doesn't parse as CommonJS.
Reparsing as ES module because module syntax was detected. This incurs a performance overhead.
To eliminate this warning, add "type": "module" to D:\One Drive\projects - local\statefall\statefall-repo-2026-09-12\package.json.
(Use `node --trace-warnings ...` to show where the warning was created)
PASS garrisons 15579 land 26 players c40420d6 e3061dde7e07
(node:53620) [MODULE_TYPELESS_PACKAGE_JSON] Warning: Module type of file:///D:/One%20Drive/projects%20-%20local/statefall/statefall-repo-2026-09-12/game/src/config/maps.js is not specified and it doesn't parse as CommonJS.
Reparsing as ES module because module syntax was detected. This incurs a performance overhead.
To eliminate this warning, add "type": "module" to D:\One Drive\projects - local\statefall\statefall-repo-2026-09-12\package.json.
(Use `node --trace-warnings ...` to show where the warning was created)
PASS risky start 13190 land 23 players 8b4175ed 9914b324e043
(node:6172) [MODULE_TYPELESS_PACKAGE_JSON] Warning: Module type of file:///D:/One%20Drive/projects%20-%20local/statefall/statefall-repo-2026-09-12/game/src/config/maps.js is not specified and it doesn't parse as CommonJS.
Reparsing as ES module because module syntax was detected. This incurs a performance overhead.
To eliminate this warning, add "type": "module" to D:\One Drive\projects - local\statefall\statefall-repo-2026-09-12\package.json.
(Use `node --trace-warnings ...` to show where the warning was created)

> statefall@1.10.61 test:restart
> node tests/restart-replay.js standard && node tests/restart-replay.js fog && node tests/restart-replay.js garrisons

RESTART REPLAY MATCH standard 77683843 3cf3f0ded683 1464 tiles 14 commands
(node:36872) [MODULE_TYPELESS_PACKAGE_JSON] Warning: Module type of file:///D:/One%20Drive/projects%20-%20local/statefall/statefall-repo-2026-09-12/game/src/config/maps.js is not specified and it doesn't parse as CommonJS.
Reparsing as ES module because module syntax was detected. This incurs a performance overhead.
To eliminate this warning, add "type": "module" to D:\One Drive\projects - local\statefall\statefall-repo-2026-09-12\package.json.
(Use `node --trace-warnings ...` to show where the warning was created)
RESTART REPLAY MATCH fog 69bcdf18 b9811f9c8cbc 1750 tiles 14 commands
(node:55256) [MODULE_TYPELESS_PACKAGE_JSON] Warning: Module type of file:///D:/One%20Drive/projects%20-%20local/statefall/statefall-repo-2026-09-12/game/src/config/maps.js is not specified and it doesn't parse as CommonJS.
Reparsing as ES module because module syntax was detected. This incurs a performance overhead.
To eliminate this warning, add "type": "module" to D:\One Drive\projects - local\statefall\statefall-repo-2026-09-12\package.json.
(Use `node --trace-warnings ...` to show where the warning was created)
RESTART REPLAY MATCH garrisons 81232aef b1ea57c49266 1492 tiles 10 commands
(node:27864) [MODULE_TYPELESS_PACKAGE_JSON] Warning: Module type of file:///D:/One%20Drive/projects%20-%20local/statefall/statefall-repo-2026-09-12/game/src/config/maps.js is not specified and it doesn't parse as CommonJS.
Reparsing as ES module because module syntax was detected. This incurs a performance overhead.
To eliminate this warning, add "type": "module" to D:\One Drive\projects - local\statefall\statefall-repo-2026-09-12\package.json.
(Use `node --trace-warnings ...` to show where the warning was created)

> statefall@1.10.61 test:renderer-independence
> node tests/renderer-independence.js

Headless event-delivery independence PASS (browser Canvas render purity is covered by Playwright)
(node:22896) [MODULE_TYPELESS_PACKAGE_JSON] Warning: Module type of file:///D:/One%20Drive/projects%20-%20local/statefall/statefall-repo-2026-09-12/game/src/config/maps.js is not specified and it doesn't parse as CommonJS.
Reparsing as ES module because module syntax was detected. This incurs a performance overhead.
To eliminate this warning, add "type": "module" to D:\One Drive\projects - local\statefall\statefall-repo-2026-09-12\package.json.
(Use `node --trace-warnings ...` to show where the warning was created)

> statefall@1.10.61 determinism
> node tools/determinism.js

run 1: commands 85 checkpoints 30 final bc43ad4e 509ad7e54aa2 tiles 214
run 2: final bc43ad4e 509ad7e54aa2 tiles 214 diverged flag false applied 85 / 85
DETERMINISTIC ✓

> statefall@1.10.61 verify:browser
> npm run test:browser && npm run test:desktop-scale && npm run test:prototype


> statefall@1.10.61 test:browser
> npm run build:game && playwright test --project=chromium-desktop --project=firefox-desktop --project=webkit-desktop --project=chromium-reduced-motion --project=chromium-source-contract --project=chromium-built-contract


> statefall@1.10.61 build:game
> vite build && node tools/build-howto.js dist/howto && node tools/build-flags.js dist/flags.js && node tools/finalize-game-build.js

vite v7.3.6 building client environment for production...
transforming...
✓ 100 modules transformed.
rendering chunks...
computing gzip size...
../dist/assets/terrain-raster-worker-CLeriLB5.js           8.84 kB
../dist/assets/CREDITS.CI7BT1uz.txt                       11.21 kB │ gzip:   3.66 kB
../dist/assets/construction-radar.BYMq1I8r.ogg            11.47 kB
../dist/assets/attack-start.CGsRx-b1.ogg                  13.27 kB
../dist/assets/construction-lradar.B9cHv6Lg.ogg           13.35 kB
../dist/assets/sam-launch.C7fCzSZS.ogg                    13.78 kB
../dist/assets/construction-engcmd.DxYxdTfW.ogg           16.77 kB
../dist/assets/construction-satellite.Bs8hdmou.ogg        17.20 kB
../dist/assets/construction-port.5m7qgOz6.ogg             17.71 kB
../dist/assets/attack-stalled.BuZ-w6O4.ogg                18.02 kB
../dist/assets/construction-sam.BCoQ6zaA.ogg              18.17 kB
../dist/assets/construction-subbase.tLivGB3Z.ogg          19.03 kB
../dist/assets/construction-shore.BEZndTDf.ogg            19.06 kB
../dist/assets/transport.uFOOuNMF.webp                    19.07 kB
../dist/assets/sam.CkktHUk3.webp                          19.37 kB
../dist/assets/shell-impact.33uSdFCN.ogg                  20.09 kB
../dist/index.html                                        20.27 kB │ gzip:   5.99 kB
../dist/assets/flightops.CmlKgzna.webp                    20.49 kB
../dist/assets/airfield.DoaqS2Go.webp                     20.78 kB
../dist/assets/sam-intercept.ByftU06W.ogg                 20.99 kB
../dist/assets/construction-flightops.VIkhw6EU.ogg        21.72 kB
../dist/assets/sub.BPrUd6iE.webp                          21.90 kB
../dist/assets/battery.Dp8hAS9O.webp                      21.95 kB
../dist/assets/radar.DOCXPpIw.webp                        22.00 kB
../dist/assets/silo.CGocG91k.webp                         22.39 kB
../dist/assets/city.C-_ns83z.webp                         22.44 kB
../dist/assets/layer-machineguns.B3UI_Zyf.ogg             22.99 kB
../dist/assets/hunter.u1BIKrVw.webp                       23.27 kB
../dist/assets/construction-factory.BdzJTT9Y.ogg          23.27 kB
../dist/assets/engcmd.b7DNwJxR.webp                       23.44 kB
../dist/assets/scout.Cub5FsSa.webp                        23.95 kB
../dist/assets/port.C8LDPiM1.webp                         24.70 kB
../dist/assets/warship.CsCdiM_8.webp                      24.71 kB
../dist/assets/factory.CszCQo-B.webp                      24.96 kB
../dist/assets/construction-command.BAV_a7SW.ogg          25.26 kB
../dist/assets/heavytransport.jiwASQRd.webp               25.26 kB
../dist/assets/jammer.BCFhSz4o.webp                       25.59 kB
../dist/assets/rship.Du93rFD7.webp                        25.61 kB
../dist/assets/construction-jammer.DVBETfl0.ogg           26.74 kB
../dist/assets/construction-silo.CJI6wUu_.ogg             26.80 kB
../dist/assets/cruiser.Btcxe4wS.webp                      26.81 kB
../dist/assets/satellite.wsAf_yqE.webp                    27.16 kB
../dist/assets/attack-failed.Dx12q7w7.ogg                 27.22 kB
../dist/assets/spy.DVlcTsjA.webp                          27.48 kB
../dist/assets/battleship.CMa6Vr3I.webp                   27.90 kB
../dist/assets/bertha.iuxoryxl.webp                       27.96 kB
../dist/assets/airfield-level2.Dm-AO7Ce.webp              27.98 kB
../dist/assets/troopcmd.BBHa6HYX.webp                     28.12 kB
../dist/assets/layer-artillery.QGLdAoRd.ogg               28.25 kB
../dist/assets/command.BGJc27jO.webp                      28.90 kB
../dist/assets/capture-neutral.7iFR-8an.ogg               28.93 kB
../dist/assets/shore.DkoBowlT.webp                        29.02 kB
../dist/assets/merchant.CmaNDhnI.webp                     29.13 kB
../dist/assets/bomber.vCyUYVmX.webp                       29.51 kB
../dist/assets/truck.CQFV7wMD.webp                        29.81 kB
../dist/assets/lradar.BHDBiBak.webp                       29.99 kB
../dist/assets/fighter.LyTzn5bp.webp                      30.48 kB
../dist/assets/artillery.CO7U-4uP.ogg                     30.84 kB
../dist/assets/privateer.BoNvWPSJ.webp                    31.80 kB
../dist/assets/subbase.8JWbtTrM.webp                      32.02 kB
../dist/assets/construction-troopcmd.XgMfS9rt.ogg         32.35 kB
../dist/assets/construction-fort.CXHjHMam.ogg             32.79 kB
../dist/assets/missile-launch.DYNKhuog.ogg                32.94 kB
../dist/assets/fort-level2.CGk7IK6i.webp                  33.30 kB
../dist/assets/shield.DyrkHtE0.webp                       33.57 kB
../dist/assets/construction-shield.41IsRhsw.ogg           34.58 kB
../dist/assets/carrier.DTDHsreo.webp                      35.13 kB
../dist/assets/classic-terrain-worker-DbixG6kC.js         35.52 kB
../dist/assets/port-level2.DsxvAANN.webp                  35.61 kB
../dist/assets/construction-bertha.B53p2FNk.ogg           36.20 kB
../dist/assets/fort.C9uNcj6U.webp                         36.86 kB
../dist/assets/capture-enemy.BlL2PXpG.ogg                 37.25 kB
../dist/assets/incoming-warning.B7opzLix.ogg              38.49 kB
../dist/assets/nuclear-detonation.8lokG4Ht.ogg            39.43 kB
../dist/assets/fort-level3.SPfiemnC.webp                  39.63 kB
../dist/assets/construction-battery.BPSBhelb.ogg          40.61 kB
../dist/assets/construction-airfield.ByQ9Uzgx.ogg         42.58 kB
../dist/assets/construction-start.D8HmVWzh.ogg            43.48 kB
../dist/assets/construction-city.C06fbj7X.ogg             54.19 kB
../dist/assets/ship-sinking.BpWdtiaD.ogg                  59.97 kB
../dist/assets/enemy-eliminated.BG-SPIRF.ogg              95.30 kB
../dist/assets/layer-tracks.CltHjs7U.ogg                 138.46 kB
../dist/assets/attack-progress.BAHszaEM.ogg              159.81 kB
../dist/assets/spy-directions.DtF7O0Lw.png               739.12 kB
../dist/assets/sub-directions.UIukOQ0g.png               797.92 kB
../dist/assets/scout-directions.8DJqo1uL.png             838.96 kB
../dist/assets/hunter-directions.DsmpFbK8.png            848.20 kB
../dist/assets/silo-layered-v2.By3OUt3k.png              855.43 kB
../dist/assets/destroyer-directions.Bn0IdzHr.png         932.62 kB
../dist/assets/rship-directions.7lr-mIv4.png           1,050.92 kB
../dist/assets/transport-directions.BLM_oUCL.png       1,079.67 kB
../dist/assets/cruiser-directions.Cmpwy1ko.png         1,082.27 kB
../dist/assets/battleship-directions.q9N9MxIe.png      1,094.65 kB
../dist/assets/merchant-directions.DU7IfVj-.png        1,097.69 kB
../dist/assets/fighter-directions.BJodwhUi.png         1,109.64 kB
../dist/assets/carrier-directions.2BGiq__M.png         1,149.05 kB
../dist/assets/bomber-directions.B_iZkf5O.png          1,272.79 kB
../dist/assets/privateer-directions.lidVSLc7.png       1,277.95 kB
../dist/assets/heavytransport-directions.DP80JD89.png  1,392.20 kB
../dist/assets/fort-level2.CJiWC7AM.png                1,439.12 kB
../dist/assets/truck-directions.CtEFX2Mw.png           1,449.87 kB
../dist/assets/units.CPVKFj2k.png                      1,515.39 kB
../dist/assets/airfield-level2.h5hjsl38.png            1,602.10 kB
../dist/assets/port-level2.B_j6EYvf.png                1,882.34 kB
../dist/assets/fort-level3.DW81DmkH.png                1,976.55 kB
../dist/assets/structures-complete.Bm3RzRlB.png        2,030.23 kB
../dist/assets/sam-base-v1.Cf8gTYxL.png                2,648.24 kB
../dist/assets/terrain.C-2eEVb_.png                    3,581.89 kB
../dist/assets/index.DnPvDDna.css                         13.30 kB │ gzip:   3.44 kB
../dist/assets/module-preload.PPVm8Dsz.js                  1.23 kB │ gzip:   0.71 kB
../dist/assets/classic-terrain-client.CacUzfzd.js          3.18 kB │ gzip:   1.59 kB
../dist/assets/index.NCLRj5qy.js                           3.27 kB │ gzip:   1.45 kB
../dist/assets/unit-art-metadata.B1x0u96r.js               4.60 kB │ gzip:   1.89 kB
../dist/assets/terrain-raster-client.2__AgCLY.js           5.05 kB │ gzip:   1.90 kB
../dist/assets/classic-sam-sequence.BL3iuRRN.js            8.14 kB │ gzip:   3.44 kB
../dist/assets/classic-battlefield.Co918GEZ.js            21.71 kB │ gzip:   9.01 kB
../dist/assets/legacy-game.ByKPYc1Z.js                   847.14 kB │ gzip: 276.23 kB

(!) Some chunks are larger than 500 kB after minification. Consider:
- Using dynamic import() to code-split the application
- Use build.rollupOptions.output.manualChunks to improve chunking: https://rollupjs.org/configuration-options/#output-manualchunks
- Adjust chunk size limit for this warning via build.chunkSizeWarningLimit.
✓ built in 1.26s
copied 8 pages to dist/howto
(node:16720) [MODULE_TYPELESS_PACKAGE_JSON] Warning: Module type of file:///D:/One%20Drive/projects%20-%20local/statefall/statefall-repo-2026-09-12/game/src/config/build.js is not specified and it doesn't parse as CommonJS.
Reparsing as ES module because module syntax was detected. This incurs a performance overhead.
To eliminate this warning, add "type": "module" to D:\One Drive\projects - local\statefall\statefall-repo-2026-09-12\package.json.
(Use `node --trace-warnings ...` to show where the warning was created)
flags.js 18128 bytes
dist/release.json 137 files sha256 e6466282ae5599312c6401eec60fc9d533e4ab26ea31c6533150cebddb47ba1d

[WebServer] (node:54104) Warning: The 'NO_COLOR' env is ignored due to the 'FORCE_COLOR' env being set.
[WebServer] (Use `node --trace-warnings ...` to show where the warning was created)

Running 1362 tests using 1 worker



(node:59104) Warning: The 'NO_COLOR' env is ignored due to the 'FORCE_COLOR' env being set.
(Use `node --trace-warnings ...` to show where the warning was created)
[1/1362] [chromium-desktop] › tests\browser\audio.spec.js:3:1 › approved audio decodes and situation / Radio controls survive mute and reload
[2/1362] [chromium-desktop] › tests\browser\audio.spec.js:42:1 › pausing during a pending score download cannot start late playback
[3/1362] [chromium-desktop] › tests\browser\build-contract.spec.js:4:1 › source and built module applications load every chunk and preserve the canonical simulation
[4/1362] [chromium-desktop] › tests\browser\canvas.spec.js:93:1 › launches a fixed-seed match, renders the map, and supports camera zoom
[5/1362] [chromium-desktop] › tests\browser\canvas.spec.js:135:1 › all map buttons launch useful maps and match the strategic/close visual matrix
[6/1362] [chromium-desktop] › tests\browser\canvas.spec.js:162:1 › major modes launch individually and expose their defining state
[7/1362] [chromium-desktop] › tests\browser\canvas.spec.js:197:1 › real pointer targeting and context interaction use the expected tile
[8/1362] [chromium-desktop] › tests\browser\canvas.spec.js:241:1 › Billionaire allied aid sends gold and troops independently
[9/1362] [chromium-desktop] › tests\browser\canvas.spec.js:273:1 › dense late-game fixture exposes strategic visual layers
[10/1362] [chromium-desktop] › tests\browser\canvas.spec.js:292:1 › loads and plays the historical replay fixture in the browser
[11/1362] [chromium-desktop] › tests\browser\canvas.spec.js:314:1 › 8x watch stops and finalizes exactly at the replay target
[12/1362] [chromium-desktop] › tests\browser\canvas.spec.js:326:1 › resume catch-up suspends once on checkpoint divergence and Continue reaches exact live target
[13/1362] [chromium-desktop] › tests\browser\canvas.spec.js:352:1 › Stop replay resets a diverged resume and a subsequent ordinary resume succeeds
[14/1362] [chromium-desktop] › tests\browser\canvas.spec.js:371:1 › browser replay payload includes strong final evidence for a short save
[15/1362] [chromium-desktop] › tests\browser\canvas.spec.js:386:1 › a save from the pause menu resumes with verified final evidence
[16/1362] [chromium-desktop] › tests\browser\canvas.spec.js:402:1 › credits replay reset clears setup scratch before rebuilding the match
[17/1362] [chromium-desktop] › tests\browser\canvas.spec.js:411:1 › rejects malformed and unsupported replay commands before configuration
[18/1362] [chromium-desktop] › tests\browser\canvas.spec.js:433:1 › invalid replay settings leave start state usable and allow a successful retry
[19/1362] [chromium-desktop] › tests\browser\canvas.spec.js:455:1 › invalid start configuration reports the error without hiding the start card
[20/1362] [chromium-desktop] › tests\browser\canvas.spec.js:472:1 › start and settings cards avoid horizontal overflow on desktop and mobile
[21/1362] [chromium-desktop] › tests\browser\canvas.spec.js:491:1 › resizes without document overflow and keeps the Canvas usable
[22/1362] [chromium-desktop] › tests\browser\canvas.spec.js:518:1 › fixed-seed simulation has the same canonical digest in Chromium, Firefox, and WebKit
[23/1362] [chromium-desktop] › tests\browser\canvas.spec.js:568:1 › real Canvas rendering is pure and irregular render cadence cannot change simulation
[24/1362] [chromium-desktop] › tests\browser\classic-combat-effects.spec.js:2:1 › combat effects have distinct stages, restore Canvas state and respect lifecycle/visibility
[25/1362] [chromium-desktop] › tests\browser\classic-map-edge.spec.js:2:1 › classic terrain preserves all four map edges across cache pans and worker output
[26/1362] [chromium-desktop] › tests\browser\classic-motion.spec.js:2:1 › classic motion covers roster, guards fog/offscreen/reduced motion and leaves state unchanged
[27/1362] [chromium-desktop] › tests\browser\classic-sam-runtime.spec.js:2:1 › runtime SAM preserves aim during reload, supports every bearing and freezes when paused
[28/1362] [chromium-desktop] › tests\browser\classic-silo-sequence.spec.js:2:1 › silo starts closed, opens before elevation, holds before ignition and closes after flight
[29/1362] [chromium-desktop] › tests\browser\classic-tree-coverage.spec.js:2:1 › large close-up terrain draws trees through the bottom of the view and reuses its cache
[30/1362] [chromium-desktop] › tests\browser\desktop-scale.spec.js:98:1 › keeps Canvas, layout, targeting, and camera stable across desktop display scales
[31/1362] [chromium-desktop] › tests\browser\desktop-scale.spec.js:139:1 › keeps Pixi raster and Canvas overlay aligned across desktop display scales
[32/1362] [chromium-desktop] › tests\browser\desktop-scale.spec.js:163:1 › keeps Pixi structure sprites aligned to Canvas CSS-pixel coordinates across desktop display scales
[33/1362] [chromium-desktop] › tests\browser\desktop-scale.spec.js:177:1 › uses rasterized scaled-texture fringe for edge culling and ordered overlap at every DPR
[34/1362] [chromium-desktop] › tests\browser\desktop-scale.spec.js:214:1 › matches Canvas alphabetic-baseline label semantics and overlapping level/queue/arc pixels at every DPR
[35/1362] [chromium-desktop] › tests\browser\desktop-scale.spec.js:232:1 › keeps Pixi naval logistics hulls, routes, wakes, labels, cargo, and boarding aligned at every DPR
[36/1362] [chromium-desktop] › tests\browser\desktop-scale.spec.js:243:1 › distinguishes merchant miter corners and boarding butt/round endpoints at every DPR
[37/1362] [chromium-desktop] › tests\browser\deterministic-math.spec.js:2:1 › portable simulation math matches the historical runtime bit for bit
[38/1362] [chromium-desktop] › tests\browser\help-guide.spec.js:5:1 › field guide stays readable on desktop and mobile, with working reference disclosures
[39/1362] [chromium-desktop] › tests\browser\help-guide.spec.js:30:1 › app guide shares current About and resets the reading position on tab changes
[40/1362] [chromium-desktop] › tests\browser\help-roster.spec.js:3:1 › in-game guide loads every current unit portrait and practical usage note
[41/1362] [chromium-desktop] › tests\browser\help-roster.spec.js:21:1 › packaged website guide is self-contained and readable at narrow widths
[42/1362] [chromium-desktop] › tests\browser\phase-g-all-units.spec.js:15:1 › all shipped unit families expose isolated Unit Direction 02 candidates without canonical state
[43/1362] [chromium-desktop] › tests\browser\phase-g-projectiles.spec.js:11:1 › all nine shipped projectile rows expose isolated production-render candidates
[44/1362] [chromium-desktop] › tests\browser\phase-g-radar-sam.spec.js:23:1 › Phase G radar and SAM dishes use bounded Pixi overlays with deterministic state-safe motion
[45/1362] [chromium-desktop] › tests\browser\phase-g-radar-sam.spec.js:54:1 › Phase G Canvas fallback shares moving and reduced-motion dish policy
[46/1362] [chromium-desktop] › tests\browser\phase-g-radar-sam.spec.js:66:40 › Phase G medium-quality Pixi keeps bounded readable dishes without texture churn
[47/1362] [chromium-desktop] › tests\browser\phase-g-radar-sam.spec.js:66:40 › Phase G low-quality Pixi keeps bounded readable dishes without texture churn
[48/1362] [chromium-desktop] › tests\browser\phase-g-radar-sam.spec.js:77:1 › Phase G evidence identifies the approved Unit Direction 02 source
[49/1362] [chromium-desktop] › tests\browser\pixi-aircraft.spec.js:26:1 › Pixi owns the exact aircraft block with interpolation-ready coordinates and Canvas handoff
[50/1362] [chromium-desktop] › tests\browser\pixi-aircraft.spec.js:32:1 › synthetic malformed stepped bomber rejects Pixi but direct Canvas fallback remains legacy-safe
[51/1362] [chromium-desktop] › tests\browser\pixi-aircraft.spec.js:36:1 › isolated real Pixi Graphics rasterize every aircraft primitive at DPR 1, 1.5, and 2
[52/1362] [chromium-desktop] › tests\browser\pixi-aircraft.spec.js:47:1 › aircraft stays above missiles and real Air-list hover drives the patrol highlight
[53/1362] [chromium-desktop] › tests\browser\pixi-aircraft.spec.js:52:1 › aircraft resource failures withdraw all aircraft, directly Canvas-paint, and retry cleanly
[54/1362] [chromium-desktop] › tests\browser\pixi-aircraft.spec.js:63:4 › aircraft entry cap rejects without truncation, uses uncapped Canvas, and recovers
[55/1362] [chromium-desktop] › tests\browser\pixi-aircraft.spec.js:63:4 › aircraft primitive cap rejects without truncation, uses uncapped Canvas, and recovers
[56/1362] [chromium-desktop] › tests\browser\pixi-aircraft.spec.js:63:4 › aircraft segment cap rejects without truncation, uses uncapped Canvas, and recovers
[57/1362] [chromium-desktop] › tests\browser\pixi-aircraft.spec.js:63:4 › aircraft container cap rejects without truncation, uses uncapped Canvas, and recovers
[58/1362] [chromium-desktop] › tests\browser\pixi-aircraft.spec.js:63:4 › aircraft Graphics cap rejects without truncation, uses uncapped Canvas, and recovers
[59/1362] [chromium-desktop] › tests\browser\pixi-aircraft.spec.js:68:1 › stable positive aircraft IDs survive reorder/remove/re-add and reject duplicate or missing IDs
[60/1362] [chromium-desktop] › tests\browser\pixi-aircraft.spec.js:72:1 › aircraft ownership requires every prerequisite through missiles
[61/1362] [chromium-desktop] › tests\browser\pixi-aircraft.spec.js:76:1 › aircraft container and Graphics constructor failures leave no phantom resources
[62/1362] [chromium-desktop] › tests\browser\pixi-aircraft.spec.js:80:1 › fatal final submission replays aircraft once with omission-sensitive primitives
[63/1362] [chromium-desktop] › tests\browser\pixi-aircraft.spec.js:84:1 › active aircraft resources recreate after BFCache loss and clean up on context loss
[64/1362] [chromium-desktop] › tests\browser\pixi-aircraft.spec.js:88:1 › 1800-frame type/state/color/HP/heading/pull/patrol/fog/cull/reorder churn plateaus
[chromium-desktop] › tests\browser\pixi-aircraft.spec.js:88:1 › 1800-frame type/state/color/HP/heading/pull/patrol/fog/cull/reorder churn plateaus
pixi E9 aircraft churn: mean 3.763 ms, p95 4.200 ms, p99 10.900 ms, max 4394.400 ms

[65/1362] [chromium-desktop] › tests\browser\pixi-atlas.spec.js:4:1 › synthetic Canvas atlas creates real Pixi subtextures at DPR 1, 1.5, and 2 and tears down
[66/1362] [chromium-desktop] › tests\browser\pixi-atlas.spec.js:14:1 › atlas loading failures are categorized, atomic, and choose Canvas fallback
[67/1362] [chromium-desktop] › tests\browser\pixi-atlas.spec.js:35:1 › atlas references prevent eviction and released atlases evict in LRU order
[68/1362] [chromium-desktop] › tests\browser\pixi-atlas.spec.js:44:1 › concurrent atlas commits recheck duplicate, atlas, byte, and aggregate frame caps in completion order
[69/1362] [chromium-desktop] › tests\browser\pixi-atlas.spec.js:71:1 › failed staged replacement and destroy-during-load preserve publication atomically
[70/1362] [chromium-desktop] › tests\browser\pixi-floating-text.spec.js:14:1 › Pixi owns exactly floating text after support and preserves formulas, style, order, and handoff
[71/1362] [chromium-desktop] › tests\browser\pixi-floating-text.spec.js:16:1 › actual Pixi raster matches direct Canvas at DPR 1, 1.5, and 2 including mid-fade and subpixels
[72/1362] [chromium-desktop] › tests\browser\pixi-floating-text.spec.js:18:150 › floating-text-after-raster withdraws every floater and paints uncapped Canvas
[73/1362] [chromium-desktop] › tests\browser\pixi-floating-text.spec.js:18:150 › floating-text-final-append withdraws every floater and paints uncapped Canvas
[74/1362] [chromium-desktop] › tests\browser\pixi-floating-text.spec.js:20:276 › production renderPass floating-text-final-append keeps support below and Canvas effects above without double-age
[75/1362] [chromium-desktop] › tests\browser\pixi-floating-text.spec.js:20:276 › production renderPass floating-text-update keeps support below and Canvas effects above without double-age
[76/1362] [chromium-desktop] › tests\browser\pixi-floating-text.spec.js:20:276 › production renderPass final-render keeps support below and Canvas effects above without double-age
[77/1362] [chromium-desktop] › tests\browser\pixi-floating-text.spec.js:22:444 › floating text entry-cap rejects without truncation
[78/1362] [chromium-desktop] › tests\browser\pixi-floating-text.spec.js:22:444 › floating text label-cap rejects without truncation
[79/1362] [chromium-desktop] › tests\browser\pixi-floating-text.spec.js:22:444 › floating text char-cap rejects without truncation
[80/1362] [chromium-desktop] › tests\browser\pixi-floating-text.spec.js:22:444 › floating text container-cap rejects without truncation
[81/1362] [chromium-desktop] › tests\browser\pixi-floating-text.spec.js:22:444 › floating text sprite-cap rejects without truncation
[82/1362] [chromium-desktop] › tests\browser\pixi-floating-text.spec.js:22:444 › floating text texture-cap rejects without truncation
[83/1362] [chromium-desktop] › tests\browser\pixi-floating-text.spec.js:22:444 › floating text source-byte-cap rejects without truncation
[84/1362] [chromium-desktop] › tests\browser\pixi-floating-text.spec.js:24:1 › WeakMap occurrence identity survives reorder, removal, text changes, and restore
[85/1362] [chromium-desktop] › tests\browser\pixi-floating-text.spec.js:26:1 › real event adapter cash floater is created unchanged and presented by Pixi
[86/1362] [chromium-desktop] › tests\browser\pixi-floating-text.spec.js:28:1 › floating text ownership requires support actors and reset recovery is clean
[87/1362] [chromium-desktop] › tests\browser\pixi-floating-text.spec.js:30:1 › 1800-frame age/text/color/cull/pan churn plateaus within submission ceilings
[chromium-desktop] › tests\browser\pixi-floating-text.spec.js:30:1 › 1800-frame age/text/color/cull/pan churn plateaus within submission ceilings
pixi E12 floating text churn: mean 3.001 ms, p95 7.600 ms, p99 12.900 ms, max 55.100 ms

[88/1362] [chromium-desktop] › tests\browser\pixi-global-effects.spec.js:31:1 › Pixi owns the exact independently inventoried seven-category block and all legacy wreck classes
[89/1362] [chromium-desktop] › tests\browser\pixi-global-effects.spec.js:33:1 › every production drawPrimitive matches direct Canvas at DPR 1, 1.5, and 2
[90/1362] [chromium-desktop] › tests\browser\pixi-global-effects.spec.js:35:465 › global effects category-cap rejects the complete block without truncation
[91/1362] [chromium-desktop] › tests\browser\pixi-global-effects.spec.js:35:465 › global effects entry-cap rejects the complete block without truncation
[92/1362] [chromium-desktop] › tests\browser\pixi-global-effects.spec.js:35:465 › global effects trail-point-cap rejects the complete block without truncation
[93/1362] [chromium-desktop] › tests\browser\pixi-global-effects.spec.js:35:465 › global effects primitive-cap rejects the complete block without truncation
[94/1362] [chromium-desktop] › tests\browser\pixi-global-effects.spec.js:35:465 › global effects segment-cap rejects the complete block without truncation
[95/1362] [chromium-desktop] › tests\browser\pixi-global-effects.spec.js:35:465 › global effects container-cap rejects the complete block without truncation
[96/1362] [chromium-desktop] › tests\browser\pixi-global-effects.spec.js:35:465 › global effects graphics-cap rejects the complete block without truncation
[97/1362] [chromium-desktop] › tests\browser\pixi-global-effects.spec.js:37:162 › global-effects-graphics-after-paint withdraws every category and recovers
[98/1362] [chromium-desktop] › tests\browser\pixi-global-effects.spec.js:37:162 › global-effects-final-append withdraws every category and recovers
[99/1362] [chromium-desktop] › tests\browser\pixi-global-effects.spec.js:39:279 › production renderPass global-effects-final-append keeps floaters below and nation labels above without double age
[100/1362] [chromium-desktop] › tests\browser\pixi-global-effects.spec.js:39:279 › production renderPass global-effects-update keeps floaters below and nation labels above without double age
[101/1362] [chromium-desktop] › tests\browser\pixi-global-effects.spec.js:39:279 › production renderPass final-render keeps floaters below and nation labels above without double age
[102/1362] [chromium-desktop] › tests\browser\pixi-global-effects.spec.js:41:1 › WeakMap occurrence identity survives reorder, removal, and restore
[103/1362] [chromium-desktop] › tests\browser\pixi-global-effects.spec.js:43:1 › production renderPass retains one legacy fog decision for air-wreck smoke and replay
[104/1362] [chromium-desktop] › tests\browser\pixi-global-effects.spec.js:45:1 › real effect adapters feed all feasible categories without simulation mutation
[105/1362] [chromium-desktop] › tests\browser\pixi-global-effects.spec.js:47:1 › global effects ownership requires floating text and reset recovery is clean
[106/1362] [chromium-desktop] › tests\browser\pixi-global-effects.spec.js:49:1 › 1800-frame all-category color/cull/pan/quality/motion churn plateaus within submission ceilings
[chromium-desktop] › tests\browser\pixi-global-effects.spec.js:49:1 › 1800-frame all-category color/cull/pan/quality/motion churn plateaus within submission ceilings
pixi E13 global effects churn: mean 1.581 ms, p95 3.900 ms, p99 7.200 ms, max 228.800 ms

[107/1362] [chromium-desktop] › tests\browser\pixi-interaction-overlays.spec.js:8:1 › Pixi owns the complete ordered final interaction block without input or authority mutation
[108/1362] [chromium-desktop] › tests\browser\pixi-interaction-overlays.spec.js:12:82 › E17 pick condition retains exact bounded inventory
[109/1362] [chromium-desktop] › tests\browser\pixi-interaction-overlays.spec.js:12:82 › E17 box condition retains exact bounded inventory
[110/1362] [chromium-desktop] › tests\browser\pixi-interaction-overlays.spec.js:12:82 › E17 dashed condition retains exact bounded inventory
[111/1362] [chromium-desktop] › tests\browser\pixi-interaction-overlays.spec.js:12:82 › E17 draft condition retains exact bounded inventory
[112/1362] [chromium-desktop] › tests\browser\pixi-interaction-overlays.spec.js:12:82 › E17 paused condition retains exact bounded inventory
[113/1362] [chromium-desktop] › tests\browser\pixi-interaction-overlays.spec.js:12:82 › E17 valid condition retains exact bounded inventory
[114/1362] [chromium-desktop] › tests\browser\pixi-interaction-overlays.spec.js:12:82 › E17 invalid condition retains exact bounded inventory
[115/1362] [chromium-desktop] › tests\browser\pixi-interaction-overlays.spec.js:16:121 › E17 Entry cap rejects without truncation and direct Canvas paints
[116/1362] [chromium-desktop] › tests\browser\pixi-interaction-overlays.spec.js:16:121 › E17 Primitive cap rejects without truncation and direct Canvas paints
[117/1362] [chromium-desktop] › tests\browser\pixi-interaction-overlays.spec.js:16:121 › E17 Segment cap rejects without truncation and direct Canvas paints
[118/1362] [chromium-desktop] › tests\browser\pixi-interaction-overlays.spec.js:16:121 › E17 Label cap rejects without truncation and direct Canvas paints
[119/1362] [chromium-desktop] › tests\browser\pixi-interaction-overlays.spec.js:16:121 › E17 Char cap rejects without truncation and direct Canvas paints
[120/1362] [chromium-desktop] › tests\browser\pixi-interaction-overlays.spec.js:16:121 › E17 Container cap rejects without truncation and direct Canvas paints
[121/1362] [chromium-desktop] › tests\browser\pixi-interaction-overlays.spec.js:16:121 › E17 Graphics cap rejects without truncation and direct Canvas paints
[122/1362] [chromium-desktop] › tests\browser\pixi-interaction-overlays.spec.js:16:121 › E17 Sprite cap rejects without truncation and direct Canvas paints
[123/1362] [chromium-desktop] › tests\browser\pixi-interaction-overlays.spec.js:16:121 › E17 Texture cap rejects without truncation and direct Canvas paints
[124/1362] [chromium-desktop] › tests\browser\pixi-interaction-overlays.spec.js:16:121 › E17 SourceByte cap rejects without truncation and direct Canvas paints
[125/1362] [chromium-desktop] › tests\browser\pixi-interaction-overlays.spec.js:20:126 › recoverable interaction-overlays-source withdraws E17, paints direct Canvas, and recovers cleanly
[126/1362] [chromium-desktop] › tests\browser\pixi-interaction-overlays.spec.js:20:126 › recoverable interaction-overlays-after-paint withdraws E17, paints direct Canvas, and recovers cleanly
[127/1362] [chromium-desktop] › tests\browser\pixi-interaction-overlays.spec.js:20:126 › recoverable interaction-overlays-final-append withdraws E17, paints direct Canvas, and recovers cleanly
[128/1362] [chromium-desktop] › tests\browser\pixi-interaction-overlays.spec.js:24:1 › fatal final submission performs one nonadvancing full Canvas replay from frozen E17 input
[129/1362] [chromium-desktop] › tests\browser\pixi-interaction-overlays.spec.js:28:1 › E17 viewport inventory remains bounded on mobile and reduced motion
[130/1362] [chromium-desktop] › tests\browser\pixi-interaction-overlays.spec.js:32:1 › actual E17 Pixi primitives and labels match same-browser Canvas across DPR and device engines
[131/1362] [chromium-desktop] › tests\browser\pixi-interaction-overlays.spec.js:36:1 › each E17 visual has independent production-frame raster evidence
[132/1362] [chromium-desktop] › tests\browser\pixi-interaction-overlays.spec.js:40:1 › E17 lighter composite has parity and unsupported composite uses direct Canvas fallback
[133/1362] [chromium-desktop] › tests\browser\pixi-interaction-overlays.spec.js:44:1 › E17-active real desktop pointer targeting, pick, drag selection, pan, zoom, resize, and context action stay Canvas-bound
[134/1362] [chromium-desktop] › tests\browser\pixi-interaction-overlays.spec.js:48:1 › E17-active touch pointers target, tap, pan, pinch zoom, and remain aligned after mobile resize
[135/1362] [chromium-desktop] › tests\browser\pixi-interaction-overlays.spec.js:52:194 › interaction-overlays-container constructor failure leaves no E17 phantom resources and retries
[136/1362] [chromium-desktop] › tests\browser\pixi-interaction-overlays.spec.js:52:194 › interaction-overlays-graphics constructor failure leaves no E17 phantom resources and retries
[137/1362] [chromium-desktop] › tests\browser\pixi-interaction-overlays.spec.js:52:194 › interaction-overlays-sprite constructor failure leaves no E17 phantom resources and retries
[138/1362] [chromium-desktop] › tests\browser\pixi-interaction-overlays.spec.js:56:1 › fatal E17 update performs one Canvas replay and destroys every active resource
[139/1362] [chromium-desktop] › tests\browser\pixi-interaction-overlays.spec.js:60:1 › active E17 resources survive BFCache recreation and DPR resize, then clear on context loss
[140/1362] [chromium-desktop] › tests\browser\pixi-interaction-overlays.spec.js:64:1 › 1800-frame pointer, drag, build, pick, pause, and resize-style churn stays bounded
[141/1362] [chromium-desktop] › tests\browser\pixi-interaction-overlays.spec.js:68:1 › reset releases every E17 source and restores normal ownership
[142/1362] [chromium-desktop] › tests\browser\pixi-map-labels.spec.js:15:1 › Pixi owns only draft and garrison labels with stable order and cached raster sources
[143/1362] [chromium-desktop] › tests\browser\pixi-map-labels.spec.js:22:1 › actual isolated label sprites rasterize at DPR 1, 1.5, and 2
[144/1362] [chromium-desktop] › tests\browser\pixi-map-labels.spec.js:28:1 › map-label failures withdraw the whole block, paint direct Canvas, and recover
[145/1362] [chromium-desktop] › tests\browser\pixi-map-labels.spec.js:32:1 › production renderPass label failure composites real Canvas labels and support actor above retained Pixi aircraft
[146/1362] [chromium-desktop] › tests\browser\pixi-map-labels.spec.js:44:4 › map-label entry cap rejects without truncation and uses uncapped Canvas
[147/1362] [chromium-desktop] › tests\browser\pixi-map-labels.spec.js:44:4 › map-label label cap rejects without truncation and uses uncapped Canvas
[148/1362] [chromium-desktop] › tests\browser\pixi-map-labels.spec.js:44:4 › map-label char cap rejects without truncation and uses uncapped Canvas
[149/1362] [chromium-desktop] › tests\browser\pixi-map-labels.spec.js:44:4 › map-label container cap rejects without truncation and uses uncapped Canvas
[150/1362] [chromium-desktop] › tests\browser\pixi-map-labels.spec.js:44:4 › map-label sprite cap rejects without truncation and uses uncapped Canvas
[151/1362] [chromium-desktop] › tests\browser\pixi-map-labels.spec.js:44:4 › map-label texture cap rejects without truncation and uses uncapped Canvas
[152/1362] [chromium-desktop] › tests\browser\pixi-map-labels.spec.js:44:4 › map-label source-byte cap rejects without truncation and uses uncapped Canvas
[153/1362] [chromium-desktop] › tests\browser\pixi-map-labels.spec.js:48:1 › stable semantic keys survive reorder/remove and prerequisites recover
[154/1362] [chromium-desktop] › tests\browser\pixi-map-labels.spec.js:52:1 › text changes evict only zero-reference cached textures and reset/BFCache recreate cleanly
[155/1362] [chromium-desktop] › tests\browser\pixi-map-labels.spec.js:57:1 › continuous draft fade replaces old alpha rasters while stable garrison textures are reused
[156/1362] [chromium-desktop] › tests\browser\pixi-map-labels.spec.js:62:1 › 1800-frame text/owner/count/draft/cull/pan/DPR-stable churn stays bounded
[chromium-desktop] › tests\browser\pixi-map-labels.spec.js:62:1 › 1800-frame text/owner/count/draft/cull/pan/DPR-stable churn stays bounded
pixi E10 labels churn: mean 1.298 ms, p95 3.100 ms, p99 4.800 ms, max 48.100 ms

[157/1362] [chromium-desktop] › tests\browser\pixi-missiles.spec.js:19:1 › Pixi owns normal and cruise missiles in exact array and primitive order
[158/1362] [chromium-desktop] › tests\browser\pixi-missiles.spec.js:25:1 › isolated real Pixi Graphics rasterize every E8 semantic at DPR 1, 1.5, and 2
[159/1362] [chromium-desktop] › tests\browser\pixi-missiles.spec.js:30:1 › an intentional overlap keeps a real projectile pixel below the later missile body
[160/1362] [chromium-desktop] › tests\browser\pixi-missiles.spec.js:34:1 › missile failures withdraw the whole layer, Canvas-paint it, and recover without ghosts
[161/1362] [chromium-desktop] › tests\browser\pixi-missiles.spec.js:44:4 › missile entry cap falls back to complete uncapped Canvas and recovers
[162/1362] [chromium-desktop] › tests\browser\pixi-missiles.spec.js:44:4 › missile trail cap falls back to complete uncapped Canvas and recovers
[163/1362] [chromium-desktop] › tests\browser\pixi-missiles.spec.js:44:4 › missile primitive cap falls back to complete uncapped Canvas and recovers
[164/1362] [chromium-desktop] › tests\browser\pixi-missiles.spec.js:44:4 › missile segment cap falls back to complete uncapped Canvas and recovers
[165/1362] [chromium-desktop] › tests\browser\pixi-missiles.spec.js:50:1 › missile container and Graphics constructor failures leave no phantom slots and retry
[166/1362] [chromium-desktop] › tests\browser\pixi-missiles.spec.js:54:1 › missile ownership requires the complete E4-E7 prerequisite chain
[167/1362] [chromium-desktop] › tests\browser\pixi-missiles.spec.js:58:1 › fatal final submit replays missiles once on Canvas with omission-sensitive primitive evidence
[168/1362] [chromium-desktop] › tests\browser\pixi-missiles.spec.js:62:1 › reduced motion keeps the legacy missile warning pulse on the supplied frame timestamp
[169/1362] [chromium-desktop] › tests\browser\pixi-missiles.spec.js:66:1 › WeakMap identities survive reorder and removal without changing source state
[170/1362] [chromium-desktop] › tests\browser\pixi-missiles.spec.js:70:1 › active missile resources recreate after BFCache loss and clean up on context loss
[171/1362] [chromium-desktop] › tests\browser\pixi-missiles.spec.js:74:1 › 1800-frame age, type, owner, fog, cull, reorder, and create-remove churn plateaus
[chromium-desktop] › tests\browser\pixi-missiles.spec.js:74:1 › 1800-frame age, type, owner, fog, cull, reorder, and create-remove churn plateaus
pixi E8 missile churn (local synchronous CPU/render-submission; excludes GPU, compositor, display presentation, and input latency): mean 0.217 ms, p95 0.700 ms, p99 1.000 ms, max 5.200 ms; heap advisory-only: browser GC timing and performance.memory are nondeterministic; GPU unknown: Pixi/WebGL does not expose reliable allocation bytes

[172/1362] [chromium-desktop] › tests\browser\pixi-nation-overlays.spec.js:10:1 › production Pixi owns nation overlays after effects and leaves marker layers on Canvas
[173/1362] [chromium-desktop] › tests\browser\pixi-nation-overlays.spec.js:15:516 › nation overlay entry-cap rejects the whole layer
[174/1362] [chromium-desktop] › tests\browser\pixi-nation-overlays.spec.js:15:516 › nation overlay label-cap rejects the whole layer
[175/1362] [chromium-desktop] › tests\browser\pixi-nation-overlays.spec.js:15:516 › nation overlay char-cap rejects the whole layer
[176/1362] [chromium-desktop] › tests\browser\pixi-nation-overlays.spec.js:15:516 › nation overlay primitive-cap rejects the whole layer
[177/1362] [chromium-desktop] › tests\browser\pixi-nation-overlays.spec.js:15:516 › nation overlay container-cap rejects the whole layer
[178/1362] [chromium-desktop] › tests\browser\pixi-nation-overlays.spec.js:15:516 › nation overlay sprite-cap rejects the whole layer
[179/1362] [chromium-desktop] › tests\browser\pixi-nation-overlays.spec.js:15:516 › nation overlay texture-cap rejects the whole layer
[180/1362] [chromium-desktop] › tests\browser\pixi-nation-overlays.spec.js:15:516 › nation overlay source-byte-cap rejects the whole layer
[181/1362] [chromium-desktop] › tests\browser\pixi-nation-overlays.spec.js:19:1 › nation overlay segment cap rejects geometry inventory
[182/1362] [chromium-desktop] › tests\browser\pixi-nation-overlays.spec.js:23:1 › recoverable final append withdraws all overlays and recovers without stale textures
[183/1362] [chromium-desktop] › tests\browser\pixi-nation-overlays.spec.js:27:1 › fatal nation update falls back with one nonadvancing Canvas replay
[184/1362] [chromium-desktop] › tests\browser\pixi-nation-overlays.spec.js:31:93 › production nation-overlays-final-append keeps effects below, labels exclusive, and opening marker above
[185/1362] [chromium-desktop] › tests\browser\pixi-nation-overlays.spec.js:31:93 › production nation-overlays-update keeps effects below, labels exclusive, and opening marker above
[186/1362] [chromium-desktop] › tests\browser\pixi-nation-overlays.spec.js:31:93 › production final-render keeps effects below, labels exclusive, and opening marker above
[187/1362] [chromium-desktop] › tests\browser\pixi-nation-overlays.spec.js:35:1 › independent inventory matches direct legacy Canvas pixels without clipped icon sources
[chromium-desktop] › tests\browser\pixi-nation-overlays.spec.js:35:1 › independent inventory matches direct legacy Canvas pixels without clipped icon sources
E14 DPR 1 parity {"expected":42405,"actual":44488,"overlap":42352,"mean":6.048960508295727,"max":159,"overTwo":23822,"edges":[[0,0],[1,1],[0,0],[0,0],[0,0],[0,0],[0,0],[0,0],[0,0],[0,0],[0,0]]}

[188/1362] [chromium-desktop] › tests\browser\pixi-nation-overlays.spec.js:41:1 › 1800 changing frames churn all visual inputs while pools and source cache stay bounded
[chromium-desktop] › tests\browser\pixi-nation-overlays.spec.js:41:1 › 1800 changing frames churn all visual inputs while pools and source cache stay bounded
pixi E14 changing churn advisory timing: p95 4.000 ms, p99 7.200 ms, max 137.000 ms

[189/1362] [chromium-desktop] › tests\browser\pixi-naval-logistics.spec.js:24:1 › Pixi owns the bounded naval-logistics prefix in exact legacy order with targeted pixels
[190/1362] [chromium-desktop] › tests\browser\pixi-naval-logistics.spec.js:47:1 › boarding cap and Canvas handoff follow earlier visible wakes before viewport culling
[191/1362] [chromium-desktop] › tests\browser\pixi-naval-logistics.spec.js:56:1 › naval cap failure is atomic, leaves structures owned, and recovers next valid frame
[192/1362] [chromium-desktop] › tests\browser\pixi-naval-logistics.spec.js:64:1 › invalid paint and every pooled fail-after-mutation path fall back in-frame without dirty idle state or recovery ghosts
[193/1362] [chromium-desktop] › tests\browser\pixi-naval-logistics.spec.js:90:1 › WeakMap source identity survives reorder, removal, and compaction without index cross-wiring
[194/1362] [chromium-desktop] › tests\browser\pixi-naval-logistics.spec.js:97:1 › reset withdraws naval ownership when structures are unowned and a normal render restores it
[195/1362] [chromium-desktop] › tests\browser\pixi-naval-logistics.spec.js:106:251 › naval container-resource constructor failure leaves no phantom slot and recovers
[196/1362] [chromium-desktop] › tests\browser\pixi-naval-logistics.spec.js:106:251 › naval graphics-resource constructor failure leaves no phantom slot and recovers
[197/1362] [chromium-desktop] › tests\browser\pixi-naval-logistics.spec.js:106:251 › naval label-resource constructor failure leaves no phantom slot and recovers
[198/1362] [chromium-desktop] › tests\browser\pixi-naval-logistics.spec.js:115:1 › naval fixture remains CSS-pixel aligned at DPR 1, 1.5, and 2
[199/1362] [chromium-desktop] › tests\browser\pixi-naval-logistics.spec.js:125:1 › naval active and idle resources release across BFCache recreation and context loss
[200/1362] [chromium-desktop] › tests\browser\pixi-naval-logistics.spec.js:139:1 › 1800-frame naval create/remove/reorder/state/visibility churn plateaus within frame budgets
[chromium-desktop] › tests\browser\pixi-naval-logistics.spec.js:139:1 › 1800-frame naval create/remove/reorder/state/visibility churn plateaus within frame budgets
pixi E5 timing split: update {"mean":0.6844444442457623,"p95":2.300000011920929,"p99":3.800000011920929,"max":5.5}, render {"mean":0.6323333335916201,"p95":2.100000023841858,"p99":3.600000023841858,"max":14.099999964237213}

pixi E5 naval churn (local synchronous CPU/render-submission; excludes GPU, compositor, display presentation, and input latency): mean 1.317 ms, p95 4.500 ms, p99 6.000 ms, max 14.300 ms; [{"frame":149,"visibility":"visible","entries":5,"containersCreated":5,"containersDestroyed":0,"graphicsCreated":17,"graphicsDestroyed":0,"labelCreated":5,"labelDestroyed":0,"labelTextures":5,"hullTextureRefs":0},{"frame":299,"visibility":"offscreen","entries":0,"containersCreated":9,"containersDestroyed":0,"graphicsCreated":30,"graphicsDestroyed":0,"labelCreated":9,"labelDestroyed":0,"labelTextures":9,"hullTextureRefs":0},{"frame":449,"visibility":"visible","entries":15,"containersCreated":15,"containersDestroyed":0,"graphicsCreated":50,"graphicsDestroyed":0,"labelCreated":15,"labelDestroyed":0,"labelTextures":15,"hullTextureRefs":0},{"frame":599,"visibility":"offscreen","entries":0,"containersCreated":19,"containersDestroyed":0,"graphicsCreated":64,"graphicsDestroyed":0,"labelCreated":19,"labelDestroyed":0,"labelTextures":19,"hullTextureRefs":0},{"frame":749,"visibility":"visible","entries":1,"containersCreated":23,"containersDestroyed":0,"graphicsCreated":77,"graphicsDestroyed":0,"labelCreated":23,"labelDestroyed":0,"labelTextures":23,"hullTextureRefs":0},{"frame":899,"visibility":"offscreen","entries":0,"containersCreated":23,"containersDestroyed":0,"graphicsCreated":77,"graphicsDestroyed":0,"labelCreated":23,"labelDestroyed":0,"labelTextures":23,"hullTextureRefs":0},{"frame":1049,"visibility":"visible","entries":11,"containersCreated":23,"containersDestroyed":0,"graphicsCreated":77,"graphicsDestroyed":0,"labelCreated":23,"labelDestroyed":0,"labelTextures":23,"hullTextureRefs":0},{"frame":1199,"visibility":"offscreen","entries":0,"containersCreated":23,"containersDestroyed":0,"graphicsCreated":77,"graphicsDestroyed":0,"labelCreated":23,"labelDestroyed":0,"labelTextures":23,"hullTextureRefs":0},{"frame":1349,"visibility":"visible","entries":21,"containersCreated":23,"containersDestroyed":0,"graphicsCreated":77,"graphicsDestroyed":0,"labelCreated":23,"labelDestroyed":0,"labelTextures":23,"hullTextureRefs":0},{"frame":1499,"visibility":"offscreen","entries":0,"containersCreated":23,"containersDestroyed":0,"graphicsCreated":77,"graphicsDestroyed":0,"labelCreated":23,"labelDestroyed":0,"labelTextures":23,"hullTextureRefs":0},{"frame":1649,"visibility":"visible","entries":7,"containersCreated":23,"containersDestroyed":0,"graphicsCreated":77,"graphicsDestroyed":0,"labelCreated":23,"labelDestroyed":0,"labelTextures":23,"hullTextureRefs":0},{"frame":1799,"visibility":"offscreen","entries":0,"containersCreated":23,"containersDestroyed":0,"graphicsCreated":77,"graphicsDestroyed":0,"labelCreated":23,"labelDestroyed":0,"labelTextures":23,"hullTextureRefs":0}]; heap advisory-only: browser GC timing and performance.memory are nondeterministic; GPU unknown: Pixi/WebGL does not expose reliable allocation bytes

[201/1362] [chromium-desktop] › tests\browser\pixi-notifications.spec.js:8:1 › Pixi owns ordered notification overlays after annotations without authority mutation
[202/1362] [chromium-desktop] › tests\browser\pixi-notifications.spec.js:12:1 › credits use the exclusive E16 viewport layer without advancing authority or audio
[203/1362] [chromium-desktop] › tests\browser\pixi-notifications.spec.js:16:1 › notification viewport raster is DPR-aware and exactly source-byte bounded
[204/1362] [chromium-desktop] › tests\browser\pixi-notifications.spec.js:20:1 › actual Pixi notification pixels match direct Canvas at DPR 1, 1.5, and 2
[205/1362] [chromium-desktop] › tests\browser\pixi-notifications.spec.js:24:45 › credits camera chronology normal uses frame-start world camera and one late advancement
[206/1362] [chromium-desktop] › tests\browser\pixi-notifications.spec.js:24:45 › credits camera chronology final-render uses frame-start world camera and one late advancement
[207/1362] [chromium-desktop] › tests\browser\pixi-notifications.spec.js:28:1 › default Canvas keeps the same first and subsequent credits camera chronology
[208/1362] [chromium-desktop] › tests\browser\pixi-notifications.spec.js:32:1 › notification anchoring remains bounded on mobile and under reduced motion
[209/1362] [chromium-desktop] › tests\browser\pixi-notifications.spec.js:36:412 › notification entry-cap falls back without truncation
[210/1362] [chromium-desktop] › tests\browser\pixi-notifications.spec.js:36:412 › notification label-cap falls back without truncation
[211/1362] [chromium-desktop] › tests\browser\pixi-notifications.spec.js:36:412 › notification char-cap falls back without truncation
[212/1362] [chromium-desktop] › tests\browser\pixi-notifications.spec.js:36:412 › notification primitive-cap falls back without truncation
[213/1362] [chromium-desktop] › tests\browser\pixi-notifications.spec.js:36:412 › notification segment-cap falls back without truncation
[214/1362] [chromium-desktop] › tests\browser\pixi-notifications.spec.js:36:412 › notification container-cap falls back without truncation
[215/1362] [chromium-desktop] › tests\browser\pixi-notifications.spec.js:36:412 › notification graphics-cap falls back without truncation
[216/1362] [chromium-desktop] › tests\browser\pixi-notifications.spec.js:36:412 › notification sprite-cap falls back without truncation
[217/1362] [chromium-desktop] › tests\browser\pixi-notifications.spec.js:36:412 › notification texture-cap falls back without truncation
[218/1362] [chromium-desktop] › tests\browser\pixi-notifications.spec.js:36:412 › notification source-byte-cap falls back without truncation
[219/1362] [chromium-desktop] › tests\browser\pixi-notifications.spec.js:40:1 › notification final append withdraws E16 and recovers next frame
[220/1362] [chromium-desktop] › tests\browser\pixi-notifications.spec.js:44:1 › queued age-zero badge advances, sounds, counts, and displays in the same frame
[221/1362] [chromium-desktop] › tests\browser\pixi-notifications.spec.js:48:1 › badge final lifetime frame paints once and is absent from the following inventory
[222/1362] [chromium-desktop] › tests\browser\pixi-notifications.spec.js:52:40 › final-render replays the prepared badge once without re-age or re-audio
[223/1362] [chromium-desktop] › tests\browser\pixi-notifications.spec.js:56:1 › every E16 offscreen stage fails notification-only, cleans up, and recovers
[224/1362] [chromium-desktop] › tests\browser\pixi-notifications.spec.js:61:1 › destination-dependent and unknown composites bypass allocation and preserve direct Canvas results
[225/1362] [chromium-desktop] › tests\browser\pixi-notifications.spec.js:65:61 › notification Entry cap preflight leaves the offscreen raster untouched
[226/1362] [chromium-desktop] › tests\browser\pixi-notifications.spec.js:65:61 › notification Char cap preflight leaves the offscreen raster untouched
[227/1362] [chromium-desktop] › tests\browser\pixi-notifications.spec.js:65:61 › notification Primitive cap preflight leaves the offscreen raster untouched
[228/1362] [chromium-desktop] › tests\browser\pixi-notifications.spec.js:65:61 › notification SourceByte cap preflight leaves the offscreen raster untouched
[229/1362] [chromium-desktop] › tests\browser\pixi-notifications.spec.js:69:1 › default Canvas notification path never allocates the Pixi offscreen raster
[230/1362] [chromium-desktop] › tests\browser\pixi-notifications.spec.js:73:1 › notification viewport source releases on reset and BFCache suspend, then recreates normally
[231/1362] [chromium-desktop] › tests\browser\pixi-notifications.spec.js:77:1 › 1800-frame notification churn remains bounded and meets submission ceilings
[232/1362] [chromium-desktop] › tests\browser\pixi-projectiles.spec.js:34:1 › Pixi owns every E7 variant in exact category and primitive order
[233/1362] [chromium-desktop] › tests\browser\pixi-projectiles.spec.js:40:1 › isolated Pixi Graphics rasterize every E7 primitive and preserve the separate intentional overlap order fixture
[234/1362] [chromium-desktop] › tests\browser\pixi-projectiles.spec.js:49:1 › projectile failures withdraw the complete layer and recover without live-slot ghosts
[235/1362] [chromium-desktop] › tests\browser\pixi-projectiles.spec.js:54:1 › fatal final submission replays the complete frame on Canvas without another RAF or presentation advance
[236/1362] [chromium-desktop] › tests\browser\pixi-projectiles.spec.js:61:1 › fatal world-layer update failure uses the same bounded full-frame Canvas replay
[237/1362] [chromium-desktop] › tests\browser\pixi-projectiles.spec.js:66:1 › visual-shot presentation ages exactly once and expires on the sixth displayed frame
[238/1362] [chromium-desktop] › tests\browser\pixi-projectiles.spec.js:70:1 › Pixi failure falls back without double-aging visual shots
[239/1362] [chromium-desktop] › tests\browser\pixi-projectiles.spec.js:74:1 › projectile ownership requires the complete E4-E6 prerequisite chain
[240/1362] [chromium-desktop] › tests\browser\pixi-projectiles.spec.js:78:1 › projectile fixture remains CSS-pixel aligned at DPR 1, 1.5, and 2
[241/1362] [chromium-desktop] › tests\browser\pixi-projectiles.spec.js:82:1 › 1800-frame variant, trail, fog, cull, reorder, and create-remove churn plateaus
[chromium-desktop] › tests\browser\pixi-projectiles.spec.js:82:1 › 1800-frame variant, trail, fog, cull, reorder, and create-remove churn plateaus
pixi E7 projectile churn (local synchronous CPU/render-submission; excludes GPU, compositor, display presentation, and input latency): mean 2.785 ms, p95 4.800 ms, p99 6.900 ms, max 1458.800 ms; heap advisory-only: browser GC timing and performance.memory are nondeterministic; GPU unknown: Pixi/WebGL does not expose reliable allocation bytes

[242/1362] [chromium-desktop] › tests\browser\pixi-structures.spec.js:71:1 › Pixi owns every complete visible structure with stable tile alignment and bounded reuse
[243/1362] [chromium-desktop] › tests\browser\pixi-structures.spec.js:118:120 › atomic Canvas fallback represents every base when the sprite-cap is exhausted
[244/1362] [chromium-desktop] › tests\browser\pixi-structures.spec.js:118:120 › atomic Canvas fallback represents every base when the texture-cap is exhausted
[245/1362] [chromium-desktop] › tests\browser\pixi-structures.spec.js:139:1 › structure completion, pop, texture replacement, destruction, eviction, invalid source, and reset use real resource identity
[246/1362] [chromium-desktop] › tests\browser\pixi-structures.spec.js:177:1 › overlapping structures remain in one Pixi-owned legacy-ordered scene graph
[247/1362] [chromium-desktop] › tests\browser\pixi-structures.spec.js:200:1 › fog-hidden active missile focus remains Pixi-owned and painted
[248/1362] [chromium-desktop] › tests\browser\pixi-structures.spec.js:213:1 › missile focus uses explicit route phase in Canvas and Pixi at two times with and without supply context
[249/1362] [chromium-desktop] › tests\browser\pixi-structures.spec.js:230:1 › Canvas fallback geometry ignores poisoned prior stroke state and restores defaults
[250/1362] [chromium-desktop] › tests\browser\pixi-structures.spec.js:239:1 › build, queue, pop, level, suppression, linked, and cooldown marks remain Pixi-owned
[251/1362] [chromium-desktop] › tests\browser\pixi-structures.spec.js:270:1 › a visible pre-base range keeps its ordered entry when the base sprite is offscreen
[252/1362] [chromium-desktop] › tests\browser\pixi-structures.spec.js:284:127 › pre-structure primitive-cap atomically restores Canvas pre-layers and bases
[253/1362] [chromium-desktop] › tests\browser\pixi-structures.spec.js:284:127 › pre-structure segment-cap atomically restores Canvas pre-layers and bases
[254/1362] [chromium-desktop] › tests\browser\pixi-structures.spec.js:298:117 › text-cap atomically restores the complete Canvas structure scene and recovers
[255/1362] [chromium-desktop] › tests\browser\pixi-structures.spec.js:298:117 › text-resource atomically restores the complete Canvas structure scene and recovers
[256/1362] [chromium-desktop] › tests\browser\pixi-structures.spec.js:314:1 › countdown labels use bounded explicit textures and do not enter the Pixi Text cache
[257/1362] [chromium-desktop] › tests\browser\pixi-structures.spec.js:330:4 › cap-one sprite-resource constructor failure leaves no phantom pool slot and recovers
[258/1362] [chromium-desktop] › tests\browser\pixi-structures.spec.js:330:4 › cap-one graphics-resource constructor failure leaves no phantom pool slot and recovers
[259/1362] [chromium-desktop] › tests\browser\pixi-structures.spec.js:330:4 › cap-one text-resource constructor failure leaves no phantom pool slot and recovers
[260/1362] [chromium-desktop] › tests\browser\pixi-structures.spec.js:343:1 › structure pooled resources discard tainted paint failures and recover without stale children
[261/1362] [chromium-desktop] › tests\browser\pixi-structures.spec.js:361:1 › segment cap accepts the exact generated count and rejects one less before drawing
[262/1362] [chromium-desktop] › tests\browser\pixi-structures.spec.js:379:1 › 60-frame paused dense-fixture microbenchmark stays bounded with visible and culled structure scenes
[chromium-desktop] › tests\browser\pixi-structures.spec.js:379:1 › 60-frame paused dense-fixture microbenchmark stays bounded with visible and culled structure scenes
canvas dense paused structures: visible 2.358 ms/frame, culled 1.668 ms/frame; {"owned":false,"total":0,"visible":0,"culled":0,"pooled":0,"created":0,"reused":0,"destroyed":0,"textureCount":0,"textureBytesEstimate":0,"resourceLimitFallback":{"count":0,"reason":null}}

pixi dense paused structures: visible 8.430 ms/frame, culled 2.055 ms/frame; {"owned":true,"total":11,"visible":0,"culled":11,"entries":0,"pooled":11,"created":11,"reused":0,"destroyed":0,"maximum":4096,"entryGraphicsCount":0,"entrySpriteCount":0,"pooledGraphicsCount":13,"pooledSpriteCount":17,"entryContainerCount":0,"pooledContainerCount":11,"graphicsMaximum":36864,"graphicsCreated":13,"graphicsReused":793,"graphicsDestroyed":0,"textureMaximum":512,"textureCount":11,"textureBytesEstimate":180224,"textureAllocations":11,"textureDestroyCount":0,"textMaximum":8192,"textStrategy":"canvas-raster-label-sprites","activeTextObjects":0,"idleTextObjects":0,"pixiTextCache":{"status":"known-unused","references":0,"textures":0,"bytes":0},"activeLabelSprites":0,"idleLabelSprites":6,"labelTextureCount":6,"activeLabelTextureBytes":0,"labelTextureSourceBytes":9680,"labelGpuBytes":{"status":"unknown","bytes":null},"labelRasterUpdates":372,"labelCreated":6,"labelReused":366,"labelDestroyed":0,"resourceLimitFallback":{"count":0,"reason":null},"order":[],"instances":[]}

[263/1362] [chromium-desktop] › tests\browser\pixi-structures.spec.js:402:1 › 1800-frame dev Pixi structure state churn keeps every owned resource bounded
[chromium-desktop] › tests\browser\pixi-structures.spec.js:402:1 › 1800-frame dev Pixi structure state churn keeps every owned resource bounded
pixi E4 1800-frame state churn: mean 0.878 ms, p95 2.700 ms, max 13.300 ms; resources [{"frame":149,"visibility":"visible","entries":5,"idleEntries":6,"entryCreated":11,"entryDestroyed":0,"activeGraphics":9,"idleGraphics":4,"graphicsCreated":13,"graphicsDestroyed":0,"activeLabels":7,"idleLabels":1,"labelCreated":8,"labelDestroyed":0,"baseTextures":19,"labelTextures":8,"textCacheTextures":0,"textCacheReferences":0},{"frame":299,"visibility":"offscreen","entries":0,"idleEntries":11,"entryCreated":11,"entryDestroyed":0,"activeGraphics":0,"idleGraphics":18,"graphicsCreated":18,"graphicsDestroyed":0,"activeLabels":0,"idleLabels":13,"labelCreated":13,"labelDestroyed":0,"baseTextures":19,"labelTextures":13,"textCacheTextures":0,"textCacheReferences":0},{"frame":449,"visibility":"visible","entries":4,"idleEntries":7,"entryCreated":11,"entryDestroyed":0,"activeGraphics":8,"idleGraphics":15,"graphicsCreated":23,"graphicsDestroyed":0,"activeLabels":6,"idleLabels":11,"labelCreated":17,"labelDestroyed":0,"baseTextures":23,"labelTextures":17,"textCacheTextures":0,"textCacheReferences":0},{"frame":599,"visibility":"offscreen","entries":0,"idleEntries":11,"entryCreated":11,"entryDestroyed":0,"activeGraphics":0,"idleGraphics":23,"graphicsCreated":23,"graphicsDestroyed":0,"activeLabels":0,"idleLabels":17,"labelCreated":17,"labelDestroyed":0,"baseTextures":27,"labelTextures":17,"textCacheTextures":0,"textCacheReferences":0},{"frame":749,"visibility":"visible","entries":3,"idleEntries":8,"entryCreated":11,"entryDestroyed":0,"activeGraphics":5,"idleGraphics":18,"graphicsCreated":23,"graphicsDestroyed":0,"activeLabels":4,"idleLabels":13,"labelCreated":17,"labelDestroyed":0,"baseTextures":27,"labelTextures":17,"textCacheTextures":0,"textCacheReferences":0},{"frame":899,"visibility":"offscreen","entries":0,"idleEntries":11,"entryCreated":11,"entryDestroyed":0,"activeGraphics":0,"idleGraphics":23,"graphicsCreated":23,"graphicsDestroyed":0,"activeLabels":0,"idleLabels":17,"labelCreated":17,"labelDestroyed":0,"baseTextures":27,"labelTextures":17,"textCacheTextures":0,"textCacheReferences":0},{"frame":1049,"visibility":"visible","entries":2,"idleEntries":9,"entryCreated":11,"entryDestroyed":0,"activeGraphics":6,"idleGraphics":17,"graphicsCreated":23,"graphicsDestroyed":0,"activeLabels":3,"idleLabels":14,"labelCreated":17,"labelDestroyed":0,"baseTextures":27,"labelTextures":17,"textCacheTextures":0,"textCacheReferences":0},{"frame":1199,"visibility":"offscreen","entries":0,"idleEntries":11,"entryCreated":11,"entryDestroyed":0,"activeGraphics":0,"idleGraphics":23,"graphicsCreated":23,"graphicsDestroyed":0,"activeLabels":0,"idleLabels":17,"labelCreated":17,"labelDestroyed":0,"baseTextures":27,"labelTextures":17,"textCacheTextures":0,"textCacheReferences":0},{"frame":1349,"visibility":"visible","entries":1,"idleEntries":10,"entryCreated":11,"entryDestroyed":0,"activeGraphics":3,"idleGraphics":20,"graphicsCreated":23,"graphicsDestroyed":0,"activeLabels":1,"idleLabels":16,"labelCreated":17,"labelDestroyed":0,"baseTextures":27,"labelTextures":17,"textCacheTextures":0,"textCacheReferences":0},{"frame":1499,"visibility":"offscreen","entries":0,"idleEntries":11,"entryCreated":11,"entryDestroyed":0,"activeGraphics":0,"idleGraphics":23,"graphicsCreated":23,"graphicsDestroyed":0,"activeLabels":0,"idleLabels":17,"labelCreated":17,"labelDestroyed":0,"baseTextures":27,"labelTextures":17,"textCacheTextures":0,"textCacheReferences":0},{"frame":1649,"visibility":"visible","entries":11,"idleEntries":0,"entryCreated":11,"entryDestroyed":0,"activeGraphics":18,"idleGraphics":5,"graphicsCreated":23,"graphicsDestroyed":0,"activeLabels":16,"idleLabels":1,"labelCreated":17,"labelDestroyed":0,"baseTextures":27,"labelTextures":17,"textCacheTextures":0,"textCacheReferences":0},{"frame":1799,"visibility":"offscreen","entries":0,"idleEntries":11,"entryCreated":11,"entryDestroyed":0,"activeGraphics":0,"idleGraphics":23,"graphicsCreated":23,"graphicsDestroyed":0,"activeLabels":0,"idleLabels":17,"labelCreated":17,"labelDestroyed":0,"baseTextures":27,"labelTextures":17,"textCacheTextures":0,"textCacheReferences":0}]; advisory heap [{"frame":149,"usedJSHeapSize":148000000,"advisory":true},{"frame":299,"usedJSHeapSize":148000000,"advisory":true},{"frame":449,"usedJSHeapSize":148000000,"advisory":true},{"frame":599,"usedJSHeapSize":148000000,"advisory":true},{"frame":749,"usedJSHeapSize":148000000,"advisory":true},{"frame":899,"usedJSHeapSize":148000000,"advisory":true},{"frame":1049,"usedJSHeapSize":148000000,"advisory":true},{"frame":1199,"usedJSHeapSize":148000000,"advisory":true},{"frame":1349,"usedJSHeapSize":148000000,"advisory":true},{"frame":1499,"usedJSHeapSize":148000000,"advisory":true},{"frame":1649,"usedJSHeapSize":148000000,"advisory":true},{"frame":1799,"usedJSHeapSize":148000000,"advisory":true}]

[264/1362] [chromium-desktop] › tests\browser\pixi-structures.spec.js:422:1 › quality tiers reduce route segments without hiding gameplay meaning
[265/1362] [chromium-desktop] › tests\browser\pixi-structures.spec.js:449:1 › reduced motion freezes pre-structure pulse and route movement while retaining all semantics
[266/1362] [chromium-desktop] › tests\browser\pixi-structures.spec.js:462:1 › complete Pixi structure ownership obeys effective motion policy without changing canonical state
[267/1362] [chromium-desktop] › tests\browser\pixi-structures.spec.js:484:1 › dense structure resources recreate after BFCache loss and cleanly hand ownership to Canvas on context loss
[268/1362] [chromium-desktop] › tests\browser\pixi-structures.spec.js:511:1 › Pixi structure layer smokes every map and major mode
[269/1362] [chromium-desktop] › tests\browser\pixi-support-actors.spec.js:24:1 › Pixi owns the exact support block after labels and hands state to floating text
[270/1362] [chromium-desktop] › tests\browser\pixi-support-actors.spec.js:30:1 › real isolated Pixi Graphics paint every support primitive at DPR 1, 1.5, and 2
[271/1362] [chromium-desktop] › tests\browser\pixi-support-actors.spec.js:38:1 › support resource failures withdraw all categories, direct Canvas paint, and recover
[272/1362] [chromium-desktop] › tests\browser\pixi-support-actors.spec.js:48:4 › production renderPass support-actor-graphics-after-paint proves isolated support operations and later floating text
[273/1362] [chromium-desktop] › tests\browser\pixi-support-actors.spec.js:48:4 › production renderPass support-actor-final-append proves isolated support operations and later floating text
[274/1362] [chromium-desktop] › tests\browser\pixi-support-actors.spec.js:48:4 › production renderPass support-actor-update proves isolated support operations and later floating text
[275/1362] [chromium-desktop] › tests\browser\pixi-support-actors.spec.js:48:4 › production renderPass final-render proves isolated support operations and later floating text
[276/1362] [chromium-desktop] › tests\browser\pixi-support-actors.spec.js:57:1 › support container and Graphics constructor failures leave no phantom resources
[277/1362] [chromium-desktop] › tests\browser\pixi-support-actors.spec.js:66:4 › support entry-cap rejects without truncation
[278/1362] [chromium-desktop] › tests\browser\pixi-support-actors.spec.js:66:4 › support trail-point-cap rejects without truncation
[279/1362] [chromium-desktop] › tests\browser\pixi-support-actors.spec.js:66:4 › support primitive-cap rejects without truncation
[280/1362] [chromium-desktop] › tests\browser\pixi-support-actors.spec.js:66:4 › support segment-cap rejects without truncation
[281/1362] [chromium-desktop] › tests\browser\pixi-support-actors.spec.js:66:4 › support container-cap rejects without truncation
[282/1362] [chromium-desktop] › tests\browser\pixi-support-actors.spec.js:66:4 › support graphics-cap rejects without truncation
[283/1362] [chromium-desktop] › tests\browser\pixi-support-actors.spec.js:68:1 › WeakMap occurrence identity survives reorder, removal, and restore
[284/1362] [chromium-desktop] › tests\browser\pixi-support-actors.spec.js:70:1 › support ownership requires map labels and reset recovery is clean
[285/1362] [chromium-desktop] › tests\browser\pixi-support-actors.spec.js:72:1 › 1800-frame support state/type/color/progress/trail/fog/cull/reorder churn plateaus
[chromium-desktop] › tests\browser\pixi-support-actors.spec.js:72:1 › 1800-frame support state/type/color/progress/trail/fog/cull/reorder churn plateaus
pixi E11 support churn: mean 3.173 ms, p95 5.900 ms, p99 15.200 ms, max 884.300 ms

[286/1362] [chromium-desktop] › tests\browser\pixi-warships.spec.js:22:1 › Pixi owns every warship class and attached status visual in exact entry order
[287/1362] [chromium-desktop] › tests\browser\pixi-warships.spec.js:32:1 › warship caps advance chronologically through visible array order
[288/1362] [chromium-desktop] › tests\browser\pixi-warships.spec.js:46:1 › duplicate IDs and injected resource failures withdraw all warships but preserve naval ownership and recover
[289/1362] [chromium-desktop] › tests\browser\pixi-warships.spec.js:52:1 › constructor failures leave no phantom warship slots and stable IDs survive reorder, remove, and re-add
[290/1362] [chromium-desktop] › tests\browser\pixi-warships.spec.js:65:1 › warship ownership requires complete structures and naval logistics
[291/1362] [chromium-desktop] › tests\browser\pixi-warships.spec.js:69:1 › warship fixture remains CSS-pixel aligned at DPR 1, 1.5, and 2
[292/1362] [chromium-desktop] › tests\browser\pixi-warships.spec.js:73:1 › damaged leaned recoil HP pips match the legacy Canvas footprint at every DPR
[293/1362] [chromium-desktop] › tests\browser\pixi-warships.spec.js:80:1 › distinguishes inherited butt and round dash and cruiser-detail endpoints at every DPR
[294/1362] [chromium-desktop] › tests\browser\pixi-warships.spec.js:91:1 › 1800-frame class, color, state, selection, fire, HP, wake, cull, and reorder churn plateaus
[chromium-desktop] › tests\browser\pixi-warships.spec.js:91:1 › 1800-frame class, color, state, selection, fire, HP, wake, cull, and reorder churn plateaus
pixi E6 warship churn (local synchronous CPU/render-submission; excludes GPU, compositor, display presentation, and input latency): mean 4.347 ms, p95 5.100 ms, p99 20.200 ms, max 2133.100 ms; heap advisory-only: browser GC timing and performance.memory are nondeterministic; GPU unknown: Pixi/WebGL does not expose reliable allocation bytes

[295/1362] [chromium-desktop] › tests\browser\pixi-world-annotations.spec.js:10:1 › production Pixi owns the exact annotation block after nation overlays
[296/1362] [chromium-desktop] › tests\browser\pixi-world-annotations.spec.js:14:449 › world annotation entry-cap rejects without truncation
[297/1362] [chromium-desktop] › tests\browser\pixi-world-annotations.spec.js:14:449 › world annotation member-cap rejects without truncation
[298/1362] [chromium-desktop] › tests\browser\pixi-world-annotations.spec.js:14:449 › world annotation primitive-cap rejects without truncation
[299/1362] [chromium-desktop] › tests\browser\pixi-world-annotations.spec.js:14:449 › world annotation segment-cap rejects without truncation
[300/1362] [chromium-desktop] › tests\browser\pixi-world-annotations.spec.js:14:449 › world annotation label-cap rejects without truncation
[301/1362] [chromium-desktop] › tests\browser\pixi-world-annotations.spec.js:14:449 › world annotation char-cap rejects without truncation
[302/1362] [chromium-desktop] › tests\browser\pixi-world-annotations.spec.js:14:449 › world annotation container-cap rejects without truncation
[303/1362] [chromium-desktop] › tests\browser\pixi-world-annotations.spec.js:14:449 › world annotation graphics-cap rejects without truncation
[304/1362] [chromium-desktop] › tests\browser\pixi-world-annotations.spec.js:14:449 › world annotation sprite-cap rejects without truncation
[305/1362] [chromium-desktop] › tests\browser\pixi-world-annotations.spec.js:14:449 › world annotation texture-cap rejects without truncation
[306/1362] [chromium-desktop] › tests\browser\pixi-world-annotations.spec.js:14:449 › world annotation source-byte-cap rejects without truncation
[307/1362] [chromium-desktop] › tests\browser\pixi-world-annotations.spec.js:18:1 › recoverable annotation final append withdraws all resources and retries
[308/1362] [chromium-desktop] › tests\browser\pixi-world-annotations.spec.js:22:1 › stable frames reuse textures and returning variants stay cached within policy
[309/1362] [chromium-desktop] › tests\browser\pixi-world-annotations.spec.js:26:1 › failed post-raster transaction balances references and destroys only new resources
[310/1362] [chromium-desktop] › tests\browser\pixi-world-annotations.spec.js:30:1 › texture cap pressure evicts least-recently-used zero-reference variants
[311/1362] [chromium-desktop] › tests\browser\pixi-world-annotations.spec.js:34:1 › source-byte pressure evicts zero-reference variants before allocating
[312/1362] [chromium-desktop] › tests\browser\pixi-world-annotations.spec.js:38:1 › DPR changes allocate once and reuse the returning DPR variant
[313/1362] [chromium-desktop] › tests\browser\pixi-world-annotations.spec.js:42:1 › reset and context teardown destroy every cached annotation texture once
[314/1362] [chromium-desktop] › tests\browser\pixi-world-annotations.spec.js:46:1 › fatal annotation update performs one nonadvancing full Canvas replay
[315/1362] [chromium-desktop] › tests\browser\pixi-world-annotations.spec.js:50:1 › opening, regions, owned SAM network, and labels match direct Canvas pixels
[316/1362] [chromium-desktop] › tests\browser\pixi-world-annotations.spec.js:54:1 › opening, region, enemy, fog-filtered, no-network, and zoom variants retain actual pixel parity
[317/1362] [chromium-desktop] › tests\browser\pixi-world-annotations.spec.js:58:1 › 1800-frame stable many-region plateaus and real annotation churn stays bounded
[318/1362] [chromium-desktop] › tests\browser\platform.spec.js:3:1 › local and WordPress adapters own platform boundaries
[319/1362] [chromium-desktop] › tests\browser\relay-websocket.spec.js:66:1 › real localhost relay coordinates isolated browser engines, recovery, desync, and wire bounds
[320/1362] [chromium-desktop] › tests\browser\renderer-foundation.spec.js:52:1 › Canvas and Pixi hybrid preserve state, input, camera, and bounded raster lifecycle
[chromium-desktop] › tests\browser\renderer-foundation.spec.js:52:1 › Canvas and Pixi hybrid preserve state, input, camera, and bounded raster lifecycle
canvas paused render mean: 5.415 ms; diagnostics {"requested":"canvas","active":"canvas","fallbackReason":null,"fallbackCleanup":null,"cssWidth":980,"cssHeight":720,"deviceDpr":1,"effectiveDpr":1,"pixelWidth":980,"pixelHeight":720,"rasterBuildCount":3,"rasterUploadCount":0,"textureCount":0,"spriteCount":0,"containerCount":0,"contextState":"ready","quality":{"requested":"high","effective":"high"},"reducedMotion":false,"motion":{"clock":"monotonic","frozenTime":null},"capabilities":{"preStructures":false,"structures":false,"navalLogistics":false,"warships":false,"projectiles":false,"missiles":false,"aircraft":false,"mapLabels":false,"supportActors":false,"floatingText":false,"globalEffects":false,"nationOverlays":false,"worldAnnotations":false,"notificationOverlays":false,"interactionOverlays":false},"compositingConflictFallback":{"count":0,"reason":null,"detail":null},"layers":{"terrain":{"owned":false},"preStructures":{"owned":false,"quality":{"requested":"high","effective":"high"},"reducedMotion":false,"primitiveCount":0,"segmentCount":0,"graphicsCount":0,"resourceLimitFallback":{"count":0,"reason":null},"compositingConflictFallback":{"count":0,"reason":null,"detail":null}},"structures":{"owned":false,"total":0,"visible":0,"culled":0,"pooled":0,"created":0,"reused":0,"destroyed":0,"textureCount":0,"textureBytesEstimate":0,"resourceLimitFallback":{"count":0,"reason":null}},"navalLogistics":{"owned":false,"counts":{"transports":{"total":0,"visible":0,"culled":0},"merchants":{"total":0,"visible":0,"culled":0},"boarding":{"total":0,"visible":0,"culled":0}},"entityCount":0,"primitiveCount":0,"segmentCount":0,"pathPointCount":0,"wakePointCount":0,"labelCount":0,"resourceLimitFallback":{"count":0,"reason":null},"generatedHullTextures":{"strategy":"canvas-owned","references":0,"textures":0,"sourceBytes":0,"gpuBytes":{"status":"unknown","bytes":null}}},"warships":{"owned":false,"counts":{"total":0,"visible":0,"culled":0,"hidden":0},"primitiveCount":0,"segmentCount":0,"wakePointCount":0,"wakeSegmentCount":0,"labelCount":0,"resourceLimitFallback":{"count":0,"reason":null},"generatedHullTextures":{"strategy":"canvas-owned","references":0,"textures":0,"sourceBytes":0,"gpuBytes":{"status":"unknown","bytes":null}}},"projectiles":{"owned":false,"counts":{"shells":{"total":0,"visible":0,"culled":0,"hidden":0},"visualShots":{"total":0,"visible":0,"culled":0}},"primitiveCount":0,"segmentCount":0,"trailPointCount":0,"resourceLimitFallback":{"count":0,"reason":null}},"missiles":{"owned":false,"counts":{"total":0,"visible":0,"culled":0,"hidden":0,"normal":0,"cruise":0},"primitiveCount":0,"segmentCount":0,"trailSampleCount":0,"resourceLimitFallback":{"count":0,"reason":null}},"supportActors":{"owned":false,"counts":{"trucks":{"total":0,"visible":0,"culled":0,"hidden":0,"working":0},"planes":{"total":0,"visible":0,"culled":0,"hidden":0,"orbitRanges":0},"interceptors":{"total":0,"visible":0,"culled":0,"hidden":0,"trailSegments":0}},"trailPointCount":0,"primitiveCount":0,"segmentCount":0,"resourceLimitFallback":{"count":0,"reason":null}},"floatingText":{"owned":false,"counts":{"total":0,"visible":0,"culled":0,"chars":0},"resourceLimitFallback":{"count":0,"reason":null}},"globalEffects":{"owned":false,"counts":{"scorches":0,"sparks":0,"puffs":0,"fragments":0,"tracers":0,"wrecks":0,"flashes":0,"total":0,"visible":0,"culled":0},"primitiveCount":0,"segmentCount":0,"trailPointCount":0,"resourceLimitFallback":{"count":0,"reason":null}},"nationOverlays":{"owned":false,"counts":{"players":0,"eligible":0,"visible":0,"culled":0,"labels":0,"chars":0,"primitives":0,"segments":0},"resourceLimitFallback":{"count":0,"reason":null}},"worldAnnotations":{"owned":false,"counts":{"entries":0,"members":0,"primitives":0,"segments":0,"labels":0,"chars":0,"visible":0,"culled":0},"resourceLimitFallback":{"count":0,"reason":null}},"notificationOverlays":{"owned":false,"counts":{"entries":0,"labels":0,"chars":0,"primitives":0,"segments":0,"visible":0,"culled":0},"resourceLimitFallback":{"count":0,"reason":null}},"interactionOverlays":{"owned":false,"counts":{"entries":0,"primitives":0,"segments":0,"labels":0,"chars":0,"visible":0,"culled":0},"resourceLimitFallback":{"count":0,"reason":null}}},"rasterDiagnostics":{"staticBuild":1,"compositeBuild":4,"cacheSkip":0,"reasons":{"static-change":1,"strategic-composite":3,"detail-level-change":1,"operational-composite":1},"timing":{"staticMs":343.19999998807907,"compositeMs":356.69999998807907,"totalMs":716.0999999642372,"lastMs":83.79999995231628,"maxMs":440.9000000357628},"worldWidth":720,"worldHeight":414,"pixelWidth":2880,"pixelHeight":1656,"pixelsPerTile":4,"styleRevision":"direction-02-f2-rivers","bytes":19077120,"sourceBytes":19077120,"staticBytes":19077120,"modelRasterRetainedBytes":38154240,"modelInputBytesEstimate":3576960,"workerPeakBytesEstimate":79885440,"detailLevel":"operational","filter":"canvas-high-pixi-linear","filterPolicy":{"canvas":"imageSmoothingEnabled with imageSmoothingQuality=high","pixi":"bilinear/linear texture sampling"},"scheduler":{"requested":4,"queued":null,"dispatched":4,"completed":4,"published":3,"latestPublications":3,"intermediatePublications":0,"staleDiscarded":1,"discarded":1,"coalesced":0,"failures":0,"resets":0,"workerStarts":1,"retries":0,"snapshots":4,"maxQueued":1,"maxInFlight":1,"latestRequestedGeneration":4,"latestPublishedGeneration":4,"latestRasterGeneration":4,"completedWorkerEpoch":0,"completedRasterRevision":4,"publishedWorkerEpoch":0,"publishedRasterRevision":4,"installedWorkerEpoch":0,"installedRasterRevision":4,"uploadSkippedSameRevision":0,"validRaster":true,"emergencyMode":false,"requestMs":0,"publishMs":11.300000011920929,"maxRequestMs":0,"maxPublishMs":6.300000011920929,"lastWorkerMs":89.09999996423721,"maxWorkerMs":446.5,"requestSamplesMs":[0,0,0,0],"publishSamplesMs":[6.300000011920929,2.199999988079071,2.800000011920929],"fallback":"none","failure":null,"generation":4,"inFlight":null,"epoch":0,"stopped":false}}}

pixi paused render mean: 6.395 ms; diagnostics {"requested":"pixi","active":"pixi-hybrid","fallbackReason":null,"fallbackCleanup":null,"cssWidth":980,"cssHeight":720,"deviceDpr":1,"effectiveDpr":1,"pixelWidth":980,"pixelHeight":720,"rasterBuildCount":6,"rasterUploadCount":6,"textureCount":14,"spriteCount":34,"graphicsCount":3,"textCount":0,"containerCount":51,"canvasCount":1,"contextListenerCount":2,"contextState":"ready","resumeCount":0,"applicationAllocations":1,"rendererAllocations":1,"textureAllocations":1,"releaseCount":0,"textureDestroyCount":0,"quality":{"requested":"high","effective":"high"},"reducedMotion":false,"motion":{"clock":"monotonic","frozenTime":null},"capabilities":{"preStructures":true,"structures":true,"navalLogistics":true,"warships":true,"projectiles":true,"missiles":true,"aircraft":true,"mapLabels":true,"supportActors":true,"floatingText":true,"globalEffects":true,"nationOverlays":true,"worldAnnotations":true,"notificationOverlays":true,"interactionOverlays":true},"compositingConflictFallback":{"active":false,"count":0,"reason":null,"detail":null},"layers":{"terrain":{"owned":true,"textureCount":1,"spriteCount":1},"preStructures":{"owned":true,"order":["fronts","routes","structure-entry ordered items"],"quality":{"requested":"high","effective":"high"},"reducedMotion":false,"primitiveMaximum":65536,"segmentMaximum":131072,"textMaximum":8192,"primitiveCount":0,"textCount":0,"segmentCount":0,"emittedSegmentCount":0,"segmentCounts":{"fronts":0,"routes":0,"structurePre":0,"structurePost":0},"counts":{"fronts":0,"supplyLinks":0,"supplyMarkers":0,"focusRings":0,"commandLinks":0,"commandMarkers":0,"bubbles":0,"pips":0,"repairArcs":0,"jammerRanges":0,"gunRanges":0,"commandRanges":0,"samRanges":0,"fortRanges":0,"buildingArcs":0,"buildingLabels":0,"popRings":0,"levelLabels":0,"upgradeArcs":0,"airfieldLabels":0,"airfieldQueueArcs":0,"shipQueueArcs":0,"shipQueueLabels":0,"ambientDishes":0,"movingDishes":0,"staticDishes":0,"budgetSkippedDishes":0,"suppressedMarks":0,"linkedRings":0,"cooldownArcs":0},"globalGraphicsCount":2,"entryGraphicsCount":0,"graphicsCount":2,"presentation":{"fronts":[],"markers":[],"dashedRoutes":[],"structureEntries":[]},"resourceLimitFallback":{"count":0,"reason":null},"compositingConflictFallback":{"active":false,"count":0,"reason":null,"detail":null}},"structures":{"owned":true,"total":0,"visible":0,"culled":0,"entries":0,"pooled":0,"created":0,"reused":0,"destroyed":0,"maximum":4096,"entryGraphicsCount":0,"entrySpriteCount":0,"pooledGraphicsCount":0,"pooledSpriteCount":0,"entryContainerCount":0,"pooledContainerCount":0,"graphicsMaximum":36864,"graphicsCreated":0,"graphicsReused":0,"graphicsDestroyed":0,"textureMaximum":512,"textureCount":0,"textureBytesEstimate":0,"textureAllocations":0,"textureDestroyCount":0,"textMaximum":8192,"textStrategy":"canvas-raster-label-sprites","activeTextObjects":0,"idleTextObjects":0,"pixiTextCache":{"status":"known-unused","references":0,"textures":0,"bytes":0},"activeLabelSprites":0,"idleLabelSprites":0,"labelTextureCount":0,"activeLabelTextureBytes":0,"labelTextureSourceBytes":0,"labelGpuBytes":{"status":"unknown","bytes":null},"labelRasterUpdates":0,"labelCreated":0,"labelReused":0,"labelDestroyed":0,"resourceLimitFallback":{"count":0,"reason":null},"order":[],"instances":[]},"navalLogistics":{"owned":true,"order":["complete-structures","transports","merchants","boarding-lines","canvas-warships-and-later"],"canvasStrokeState":{"lineJoin":"miter","lineCap":"butt"},"counts":{"transports":{"total":0,"visible":0,"culled":0},"merchants":{"total":0,"visible":0,"culled":0},"boarding":{"total":0,"visible":0,"culled":0}},"entityCount":0,"primitiveCount":0,"segmentCount":0,"pathPointCount":0,"wakePointCount":0,"routeCount":0,"wakeSegmentCount":0,"boardingSegmentCount":0,"labelCount":0,"entries":0,"containerMaximum":4096,"containersLive":0,"containersIdle":0,"containersCreated":0,"containersReused":0,"containersDestroyed":0,"graphicsMaximum":16384,"graphicsActive":0,"graphicsIdle":0,"graphicsCreated":0,"graphicsReused":0,"graphicsDestroyed":0,"labelMaximum":4096,"labelActive":0,"labelIdle":0,"labelCreated":0,"labelReused":0,"labelDestroyed":0,"labelTextureCount":0,"labelActiveSourceBytes":0,"labelSourceBytes":0,"labelRasterUpdates":0,"labelGpuBytes":{"status":"unknown","bytes":null},"generatedHullTextures":{"strategy":"vector-primitives","references":0,"textures":0,"sourceBytes":0,"gpuBytes":{"status":"unknown","bytes":null}},"resourceLimitFallback":{"count":0,"reason":null},"presentation":[],"resources":[]},"warships":{"owned":true,"order":["complete-structures","naval-logistics","warships-array-order","canvas-shells-and-later"],"canvasStrokeState":{"lineJoin":"miter","lineCap":"butt","globalAlpha":1,"lineDash":[],"lineDashOffset":0},"strokeTimeline":[],"counts":{"total":0,"visible":0,"culled":0,"hidden":0},"wakePointCount":0,"wakeSegmentCount":0,"primitiveCount":0,"segmentCount":0,"labelCount":0,"entries":0,"containerMaximum":4096,"containersLive":0,"containersIdle":0,"containersCreated":0,"containersReused":0,"containersDestroyed":0,"graphicsMaximum":16384,"graphicsActive":0,"graphicsIdle":0,"graphicsCreated":0,"graphicsReused":0,"graphicsDestroyed":0,"labelMaximum":4096,"labelActive":0,"labelIdle":0,"labelCreated":0,"labelReused":0,"labelDestroyed":0,"labelTextureCount":0,"labelActiveSourceBytes":0,"labelSourceBytes":0,"labelRasterUpdates":0,"labelGpuBytes":{"status":"unknown","bytes":null},"generatedHullTextures":{"strategy":"vector-primitives","references":0,"textures":0,"sourceBytes":0,"gpuBytes":{"status":"unknown","bytes":null}},"resourceLimitFallback":{"count":0,"reason":null},"presentation":[],"resources":[]},"projectiles":{"owned":true,"order":["complete-structures","naval-logistics","warships","shells-array-order","visual-shots-array-order","canvas-missiles-and-later"],"canvasStrokeState":{"lineJoin":"miter","lineCap":"butt","globalAlpha":1,"lineDash":[],"lineDashOffset":0},"strokeTimeline":[],"counts":{"shells":{"total":0,"visible":0,"culled":0,"hidden":0},"visualShots":{"total":0,"visible":0,"culled":0}},"trailPointCount":0,"primitiveCount":0,"segmentCount":0,"fallbackTotals":0,"entries":0,"containerMaximum":8192,"containersLive":0,"containersIdle":0,"containersCreated":0,"containersReused":0,"containersDestroyed":0,"graphicsMaximum":32768,"graphicsActive":0,"graphicsIdle":0,"graphicsCreated":0,"graphicsReused":0,"graphicsDestroyed":0,"resourceLimitFallback":{"count":0,"reason":null},"presentation":[],"resources":[]},"missiles":{"owned":true,"order":["complete-structures","naval-logistics","warships","projectiles","missiles-array-order","canvas-aircraft-and-later"],"canvasStrokeState":{"lineJoin":"miter","lineCap":"butt","globalAlpha":1,"lineDash":[],"lineDashOffset":0},"counts":{"total":0,"visible":0,"culled":0,"hidden":0,"normal":0,"cruise":0},"trailSampleCount":0,"primitiveCount":0,"segmentCount":0,"pulseTime":5735.899999976158,"entries":0,"containerMaximum":8192,"containersLive":0,"containersIdle":0,"containersCreated":0,"containersReused":0,"containersDestroyed":0,"graphicsMaximum":24576,"graphicsActive":0,"graphicsIdle":0,"graphicsCreated":0,"graphicsReused":0,"graphicsDestroyed":0,"resourceLimitFallback":{"count":0,"reason":null},"presentation":[],"resources":[]},"aircraft":{"owned":true,"order":["complete-structures","naval-logistics","warships","projectiles","missiles","aircraft-array-order","canvas-draft-garrison-and-later"],"canvasState":{"globalAlpha":1,"lineJoin":"miter","lineCap":"butt","lineDash":[],"lineDashOffset":0,"lineWidth":3,"strokeStyle":"rgba(0, 0, 0, 0.7)","fillStyle":"#ffffff"},"counts":{"total":0,"visible":0,"culled":0,"hidden":0,"skipped":0,"fighter":0,"bomber":0,"carrier":0,"patrolRings":0,"hpPips":0},"primitiveCount":0,"segmentCount":0,"entries":0,"containerMaximum":4096,"containersLive":0,"containersIdle":0,"containersCreated":0,"containersReused":0,"containersDestroyed":0,"graphicsMaximum":12288,"graphicsActive":0,"graphicsIdle":0,"graphicsCreated":0,"graphicsReused":0,"graphicsDestroyed":0,"generatedTextures":{"strategy":"vector-primitives","references":0,"textures":0,"sourceBytes":0,"gpuBytes":{"status":"unknown","bytes":null}},"resourceLimitFallback":{"count":0,"reason":null},"presentation":[],"resources":[]},"mapLabels":{"owned":true,"order":["complete-structures","naval-logistics","warships","projectiles","missiles","aircraft","draft-picks-array-order","garrison-areas-array-order","canvas-repair-trucks-and-later"],"canvasState":{"globalAlpha":1,"lineJoin":"miter","lineCap":"butt","lineDash":[],"lineDashOffset":0,"lineWidth":3,"strokeStyle":"rgba(0, 0, 0, 0.7)","fillStyle":"#ffffff","font":"bold 16px \"Segoe UI\", system-ui, sans-serif","textAlign":"center","textBaseline":"alphabetic"},"counts":{"draftPicks":0,"draftEntries":0,"garrisonAreas":0,"garrisonEntries":0,"labels":0,"visibleLabels":0,"chars":0,"culled":0},"culled":0,"entries":0,"containerMaximum":4096,"containersLive":0,"containersIdle":0,"containersCreated":0,"containersReused":0,"containersDestroyed":0,"spriteMaximum":12288,"spritesActive":0,"spritesIdle":0,"spritesCreated":0,"spritesReused":0,"spritesDestroyed":0,"textureMaximum":4096,"textureCount":0,"textureAllocations":0,"textureDestroyCount":0,"textureRefs":0,"activeSourceBytes":0,"sourceBytes":0,"sourceByteMaximum":67108864,"rasterUpdates":0,"textStrategy":"bounded-canvas-raster-label-sprites","activeTextObjects":0,"pixiTextCache":{"status":"known-unused","references":0,"textures":0,"bytes":0},"gpuBytes":{"status":"unknown","bytes":null},"resourceLimitFallback":{"count":0,"reason":null},"presentation":[],"resources":[]},"supportActors":{"owned":true,"order":["complete-structures","naval-logistics","warships","projectiles","missiles","aircraft","map-labels","repair-trucks-array-order","spy-planes-array-order","interceptors-array-order","canvas-floating-text-and-later"],"canvasState":{"globalAlpha":1,"lineJoin":"miter","lineCap":"butt","lineDash":[],"lineDashOffset":0,"lineWidth":3,"strokeStyle":"rgba(0, 0, 0, 0.7)","fillStyle":"#ffffff"},"counts":{"trucks":{"total":0,"visible":0,"culled":0,"hidden":0,"working":0},"planes":{"total":0,"visible":0,"culled":0,"hidden":0,"orbitRanges":0},"interceptors":{"total":0,"visible":0,"culled":0,"hidden":0,"trailSegments":0}},"trailPointCount":0,"primitiveCount":0,"segmentCount":0,"entries":0,"containerMaximum":8192,"containersLive":0,"containersIdle":0,"containersCreated":0,"containersReused":0,"containersDestroyed":0,"graphicsMaximum":32768,"graphicsActive":0,"graphicsIdle":0,"graphicsCreated":0,"graphicsReused":0,"graphicsDestroyed":0,"generatedTextures":{"strategy":"vector-primitives","references":0,"textures":0,"sourceBytes":0,"gpuBytes":{"status":"unknown","bytes":null}},"resourceLimitFallback":{"count":0,"reason":null},"identity":{"identitySerial":0},"presentation":[],"resources":[]},"floatingText":{"owned":true,"order":["complete-structures","naval-logistics","warships","projectiles","missiles","aircraft","map-labels","support-actors","floating-text-array-order","canvas-scorches-sparks-smoke-and-later"],"canvasState":{"globalAlpha":1,"lineJoin":"miter","lineCap":"butt","lineDash":[],"lineDashOffset":0,"lineWidth":3,"strokeStyle":"rgba(0, 0, 0, 0.7)","fillStyle":"#ffffff","font":"bold 16px \"Segoe UI\", system-ui, sans-serif","textAlign":"center","textBaseline":"alphabetic"},"counts":{"total":0,"visible":0,"culled":0,"chars":0},"entries":0,"containerMaximum":4096,"containersLive":0,"containersIdle":0,"containersCreated":0,"containersReused":0,"containersDestroyed":0,"spriteMaximum":4096,"spritesActive":0,"spritesIdle":0,"spritesCreated":0,"spritesReused":0,"spritesDestroyed":0,"textureMaximum":4096,"textureCount":0,"textureAllocations":0,"textureDestroyCount":0,"textureRefs":0,"activeSourceBytes":0,"sourceBytes":0,"sourceByteMaximum":33554432,"rasterUpdates":0,"textStrategy":"bounded-canvas-raster-sprites-baked-operation-alpha","activeTextObjects":0,"pixiTextCache":{"status":"known-unused","references":0,"textures":0,"bytes":0},"gpuBytes":{"status":"unknown","bytes":null},"resourceLimitFallback":{"count":0,"reason":null},"identity":{"identitySerial":0},"presentation":[],"resources":[]},"globalEffects":{"owned":true,"order":["complete-structures","naval-logistics","warships","projectiles","missiles","aircraft","map-labels","support-actors","floating-text","scorches-array-order","sparks-array-order","puffs-array-order","fragments-bombs-array-order","tracers-array-order","wrecks-array-order","flashes-array-order","canvas-nation-labels-and-later"],"canvasState":{"globalAlpha":1,"lineJoin":"miter","lineCap":"butt","lineDash":[],"lineDashOffset":0,"lineWidth":3,"strokeStyle":"rgba(0, 0, 0, 0.7)","fillStyle":"#ffffff","font":"bold 16px \"Segoe UI\", system-ui, sans-serif","textAlign":"center","textBaseline":"alphabetic"},"quality":{"requested":"high","effective":"high"},"reducedMotion":false,"counts":{"scorches":0,"sparks":0,"puffs":0,"fragments":0,"tracers":0,"wrecks":0,"flashes":0,"total":0,"visible":0,"culled":0},"trailPointCount":0,"primitiveCount":0,"segmentCount":0,"entries":0,"containerMaximum":32768,"containersLive":0,"containersIdle":0,"containersCreated":0,"containersReused":0,"containersDestroyed":0,"graphicsMaximum":65536,"graphicsActive":0,"graphicsIdle":0,"graphicsCreated":0,"graphicsReused":0,"graphicsDestroyed":0,"generatedTextures":{"strategy":"vector-primitives","references":0,"textures":0,"sourceBytes":0,"gpuBytes":{"status":"unknown","bytes":null}},"resourceLimitFallback":{"count":0,"reason":null},"identity":{"identitySerial":0},"presentation":[],"resources":[]},"nationOverlays":{"owned":true,"order":["complete-global-effects","players-array-order","canvas-opening-region-network-markers-and-later"],"canvasState":{"globalAlpha":1,"lineJoin":"miter","lineCap":"butt","lineDash":[],"lineDashOffset":0,"lineWidth":1,"strokeStyle":"rgba(0,0,0,.5)","fillStyle":"#fff","font":"bold 12px \"Segoe UI\",system-ui,sans-serif","textAlign":"center","textBaseline":"alphabetic"},"counts":{"players":90,"eligible":71,"visible":12,"culled":59,"labels":79,"chars":525,"primitives":182,"segments":0},"entries":12,"containerMaximum":4096,"containersLive":32,"containersIdle":20,"containersCreated":32,"containersReused":0,"containersDestroyed":0,"spriteMaximum":4096,"spritesActive":12,"spritesIdle":20,"spritesCreated":32,"spritesReused":7122,"spritesDestroyed":0,"textureMaximum":4096,"textureCount":12,"textureRefs":12,"textureAllocations":32,"textureDestroyCount":20,"activeSourceBytes":43188,"sourceBytes":43188,"sourceByteMaximum":67108864,"rasterUpdates":32,"textStrategy":"bounded-canvas-raster-player-group-sprites-current-browser-baseline","gpuBytes":{"status":"unknown","bytes":null},"resourceLimitFallback":{"count":0,"reason":null},"presentation":[{"key":"player:0","order":0,"playerId":0,"name":"France","troopsText":"120","relation":"none","neutral":false,"x":530.2299999999996,"y":384.76999999999987,"fs":14.650995620097811,"labelAlpha":1,"handshake":false,"heart":false,"team":false,"bounds":{"left":494.0611852717368,"top":341.1425109497554,"right":555.6372411517306,"bottom":402.6535454011026}},{"key":"player:31","order":31,"playerId":31,"name":"Hungary","troopsText":"","relation":"none","neutral":true,"x":465.8809160305341,"y":541.4702290076335,"fs":17.07170801823431,"labelAlpha":1,"handshake":false,"heart":false,"team":false,"bounds":{"left":443.6404375149091,"top":531.9702290076335,"right":488.1213945461591,"bottom":544.9702290076335}},{"key":"player:32","order":32,"playerId":32,"name":"Italy","troopsText":"","relation":"none","neutral":true,"x":560.0769230769229,"y":334.28205128205127,"fs":16.116363011742823,"labelAlpha":1,"handshake":false,"heart":false,"team":false,"bounds":{"left":548.4577824519229,"top":324.78205128205127,"right":571.6960637019229,"bottom":337.78205128205127}},{"key":"player:33","order":33,"playerId":33,"name":"Ivory Coast","troopsText":"","relation":"none","neutral":true,"x":505.4187499999998,"y":215.99791666666664,"fs":16.317277948996207,"labelAlpha":1,"handshake":false,"heart":false,"team":false,"bounds":{"left":476.8940917968748,"top":206.49791666666664,"right":533.9434082031248,"bottom":219.49791666666664}},{"key":"player:35","order":35,"playerId":35,"name":"Brazil","troopsText":"","relation":"none","neutral":true,"x":256.69392265193346,"y":274.95580110497235,"fs":17.930148958219064,"labelAlpha":1,"handshake":false,"heart":false,"team":false,"bounds":{"left":242.17976249568346,"top":265.45580110497235,"right":271.20808280818346,"bottom":276.45580110497235}},{"key":"player:36","order":36,"playerId":36,"name":"Morocco","troopsText":"","relation":"none","neutral":true,"x":273.32000000000016,"y":577.3481481481481,"fs":17.155902766086008,"labelAlpha":1,"handshake":false,"heart":false,"team":false,"bounds":{"left":250.22014648437516,"top":567.8481481481481,"right":296.41985351562516,"bottom":578.8481481481481}},{"key":"player:37","order":37,"playerId":37,"name":"Malaysia","troopsText":"","relation":"none","neutral":true,"x":420.82040816326526,"y":328.0632653061224,"fs":16.437842318564783,"labelAlpha":1,"handshake":false,"heart":false,"team":false,"bounds":{"left":398.32748824139026,"top":318.5632653061224,"right":443.31332808514026,"bottom":331.5632653061224}},{"key":"player:38","order":38,"playerId":38,"name":"Lithuania","troopsText":"","relation":"none","neutral":true,"x":237.22682926829248,"y":435.20731707317066,"fs":17.715476066494084,"labelAlpha":1,"handshake":false,"heart":false,"team":false,"bounds":{"left":213.67580387766748,"top":425.70731707317066,"right":260.7778546589175,"bottom":436.70731707317066}},{"key":"player:39","order":39,"playerId":39,"name":"Georgia","troopsText":"","relation":"none","neutral":true,"x":465.64259259259234,"y":663.4703703703703,"fs":18.557438524302,"labelAlpha":1,"handshake":false,"heart":false,"team":false,"bounds":{"left":444.98927228009234,"top":653.9703703703703,"right":486.29591290509234,"bottom":666.9703703703703}},{"key":"player:40","order":40,"playerId":40,"name":"Ukraine","troopsText":"","relation":"none","neutral":true,"x":486.28986784140943,"y":438.57885462555055,"fs":18.589132466923598,"labelAlpha":1,"handshake":false,"heart":false,"team":false,"bounds":{"left":466.24616666953443,"top":429.07885462555055,"right":506.33356901328443,"bottom":440.07885462555055}},{"key":"player:41","order":41,"playerId":41,"name":"Sweden","troopsText":"","relation":"none","neutral":true,"x":700.9298076923073,"y":624.7307692307692,"fs":21.021579068482907,"labelAlpha":1,"handshake":false,"heart":false,"team":false,"bounds":{"left":680.5101299579323,"top":615.2307692307692,"right":721.3494854266823,"bottom":626.2307692307692}},{"key":"player:43","order":43,"playerId":43,"name":"Guinea","troopsText":"","relation":"none","neutral":true,"x":693.3424354243543,"y":308.4974169741697,"fs":19.147260547463855,"labelAlpha":1,"handshake":false,"heart":false,"team":false,"bounds":{"left":674.8375526118543,"top":298.9974169741697,"right":711.8473182368543,"bottom":309.9974169741697}}],"resources":[{"key":"player:0","order":0,"playerId":0,"childCount":1,"textureKeys":["{\"player\":{\"id\":0,\"name\":\"France\",\"color\":\"#4da3ff\",\"flag\":{\"name\":\"France\",\"layers\":[[\"v\",\"#0055a4\",\"#ffffff\",\"#ef4135\"]],\"idx\":0},\"tiles\":253,\"kind\":\"nation\",\"mine\":true,\"relation\":\"none\",\"relationTeam\":false,\"teamColor\":null,\"troopsText\":\"120\"},\"rasterState\":{\"globalAlpha\":1,\"lineJoin\":\"miter\",\"lineCap\":\"butt\",\"lineDash\":[],\"lineDashOffset\":0,\"lineWidth\":3,\"strokeStyle\":\"rgba(0,0,0,.6)\",\"fillStyle\":\"#fff\",\"font\":\"bold 12px \\\"Segoe UI\\\",system-ui,sans-serif\",\"textAlign\":\"center\",\"textBaseline\":\"alphabetic\"},\"fs\":14.650995620097811,\"labelAlpha\":1,\"handshakeRadius\":null,\"heart\":null,\"relationText\":null,\"width\":62,\"height\":62,\"resolution\":1}"]},{"key":"player:31","order":31,"playerId":31,"childCount":1,"textureKeys":["{\"player\":{\"id\":31,\"name\":\"Hungary\",\"color\":\"#37683e0f23fb\",\"flag\":{\"name\":\"Hungary\",\"layers\":[[\"h\",\"#ce2939\",\"#ffffff\",\"#477050\"]],\"idx\":14},\"tiles\":926,\"kind\":\"neutral\",\"mine\":false,\"relation\":\"none\",\"relationTeam\":false,\"teamColor\":null,\"troopsText\":\"\"},\"rasterState\":{\"globalAlpha\":1,\"lineJoin\":\"miter\",\"lineCap\":\"butt\",\"lineDash\":[],\"lineDashOffset\":0,\"lineWidth\":1,\"strokeStyle\":\"rgba(0,0,0,.5)\",\"fillStyle\":\"#fff\",\"font\":\"bold 12px \\\"Segoe UI\\\",system-ui,sans-serif\",\"textAlign\":\"center\",\"textBaseline\":\"alphabetic\"},\"fs\":17.07170801823431,\"labelAlpha\":1,\"handshakeRadius\":null,\"heart\":null,\"width\":45,\"height\":13,\"resolution\":1}"]},{"key":"player:32","order":32,"playerId":32,"childCount":1,"textureKeys":["{\"player\":{\"id\":32,\"name\":\"Italy\",\"color\":\"#2a873cfc37d5\",\"flag\":{\"name\":\"Italy\",\"layers\":[[\"v\",\"#009246\",\"#ffffff\",\"#ce2b37\"]],\"idx\":1},\"tiles\":610,\"kind\":\"neutral\",\"mine\":false,\"relation\":\"none\",\"relationTeam\":false,\"teamColor\":null,\"troopsText\":\"\"},\"rasterState\":{\"globalAlpha\":1,\"lineJoin\":\"miter\",\"lineCap\":\"butt\",\"lineDash\":[],\"lineDashOffset\":0,\"lineWidth\":1,\"strokeStyle\":\"rgba(0,0,0,.5)\",\"fillStyle\":\"#fff\",\"font\":\"bold 12px \\\"Segoe UI\\\",system-ui,sans-serif\",\"textAlign\":\"center\",\"textBaseline\":\"alphabetic\"},\"fs\":16.116363011742823,\"labelAlpha\":1,\"handshakeRadius\":null,\"heart\":null,\"width\":24,\"height\":13,\"resolution\":1}"]},{"key":"player:33","order":33,"playerId":33,"childCount":1,"textureKeys":["{\"player\":{\"id\":33,\"name\":\"Ivory Coast\",\"color\":\"#3d6d2ca444aa\",\"flag\":{\"name\":\"Ivory Coast\",\"layers\":[[\"v\",\"#ff8200\",\"#ffffff\",\"#009e60\"]],\"idx\":8},\"tiles\":671,\"kind\":\"neutral\",\"mine\":false,\"relation\":\"none\",\"relationTeam\":false,\"teamColor\":null,\"troopsText\":\"\"},\"rasterState\":{\"globalAlpha\":1,\"lineJoin\":\"miter\",\"lineCap\":\"butt\",\"lineDash\":[],\"lineDashOffset\":0,\"lineWidth\":1,\"strokeStyle\":\"rgba(0,0,0,.5)\",\"fillStyle\":\"#fff\",\"font\":\"bold 12px \\\"Segoe UI\\\",system-ui,sans-serif\",\"textAlign\":\"center\",\"textBaseline\":\"alphabetic\"},\"fs\":16.317277948996207,\"labelAlpha\":1,\"handshakeRadius\":null,\"heart\":null,\"width\":58,\"height\":13,\"resolution\":1}"]},{"key":"player:35","order":35,"playerId":35,"childCount":1,"textureKeys":["{\"player\":{\"id\":35,\"name\":\"Brazil\",\"color\":\"#2901427f460d\",\"flag\":{\"name\":\"Brazil\",\"layers\":[[\"rect\",\"#009c3b\",0,0,1,1],[\"tri\",\"#ffdf00\",[0.5,0.12],[0.88,0.5],[0.5,0.88],[0.12,0.5]],[\"disc\",\"#002776\",0.5,0.5,0.2]],\"idx\":64},\"tiles\":1266,\"kind\":\"neutral\",\"mine\":false,\"relation\":\"none\",\"relationTeam\":false,\"teamColor\":null,\"troopsText\":\"\"},\"rasterState\":{\"globalAlpha\":1,\"lineJoin\":\"miter\",\"lineCap\":\"butt\",\"lineDash\":[],\"lineDashOffset\":0,\"lineWidth\":1,\"strokeStyle\":\"rgba(0,0,0,.5)\",\"fillStyle\":\"#fff\",\"font\":\"bold 12px \\\"Segoe UI\\\",system-ui,sans-serif\",\"textAlign\":\"center\",\"textBaseline\":\"alphabetic\"},\"fs\":17.930148958219064,\"labelAlpha\":1,\"handshakeRadius\":null,\"heart\":null,\"width\":30,\"height\":11,\"resolution\":1}"]},{"key":"player:36","order":36,"playerId":36,"childCount":1,"textureKeys":["{\"player\":{\"id\":36,\"name\":\"Morocco\",\"color\":\"#3b742c293fb9\",\"flag\":{\"name\":\"Morocco\",\"layers\":[[\"rect\",\"#c1272d\",0,0,1,1],[\"ring\",\"#006233\",0.5,0.5,0.2,0.035]],\"idx\":82},\"tiles\":957,\"kind\":\"neutral\",\"mine\":false,\"relation\":\"none\",\"relationTeam\":false,\"teamColor\":null,\"troopsText\":\"\"},\"rasterState\":{\"globalAlpha\":1,\"lineJoin\":\"miter\",\"lineCap\":\"butt\",\"lineDash\":[],\"lineDashOffset\":0,\"lineWidth\":1,\"strokeStyle\":\"rgba(0,0,0,.5)\",\"fillStyle\":\"#fff\",\"font\":\"bold 12px \\\"Segoe UI\\\",system-ui,sans-serif\",\"textAlign\":\"center\",\"textBaseline\":\"alphabetic\"},\"fs\":17.155902766086008,\"labelAlpha\":1,\"handshakeRadius\":null,\"heart\":null,\"width\":47,\"height\":11,\"resolution\":1}"]},{"key":"player:37","order":37,"playerId":37,"childCount":1,"textureKeys":["{\"player\":{\"id\":37,\"name\":\"Malaysia\",\"color\":\"#445a29fc369b\",\"flag\":{\"name\":\"Malaysia\",\"layers\":[[\"h\",\"#cc0001\",\"#ffffff\",\"#cc0001\",\"#ffffff\",\"#cc0001\",\"#ffffff\",\"#cc0001\",\"#ffffff\",\"#cc0001\",\"#ffffff\",\"#cc0001\",\"#ffffff\",\"#cc0001\",\"#ffffff\"],[\"rect\",\"#010066\",0,0,0.5,0.5],[\"cres\",\"#ffcc00\",0.2,0.25,0.15,\"#010066\"],[\"star\",\"#ffcc00\",0.36,0.25,0.08,14]],\"idx\":81},\"tiles\":709,\"kind\":\"neutral\",\"mine\":false,\"relation\":\"none\",\"relationTeam\":false,\"teamColor\":null,\"troopsText\":\"\"},\"rasterState\":{\"globalAlpha\":1,\"lineJoin\":\"miter\",\"lineCap\":\"butt\",\"lineDash\":[],\"lineDashOffset\":0,\"lineWidth\":1,\"strokeStyle\":\"rgba(0,0,0,.5)\",\"fillStyle\":\"#fff\",\"font\":\"bold 12px \\\"Segoe UI\\\",system-ui,sans-serif\",\"textAlign\":\"center\",\"textBaseline\":\"alphabetic\"},\"fs\":16.437842318564783,\"labelAlpha\":1,\"handshakeRadius\":null,\"heart\":null,\"width\":45,\"height\":13,\"resolution\":1}"]},{"key":"player:38","order":38,"playerId":38,"childCount":1,"textureKeys":["{\"player\":{\"id\":38,\"name\":\"Lithuania\",\"color\":\"#3acc30e94603\",\"flag\":{\"name\":\"Lithuania\",\"layers\":[[\"h\",\"#fdb913\",\"#006a44\",\"#c1272d\"]],\"idx\":17},\"tiles\":1176,\"kind\":\"neutral\",\"mine\":false,\"relation\":\"none\",\"relationTeam\":false,\"teamColor\":null,\"troopsText\":\"\"},\"rasterState\":{\"globalAlpha\":1,\"lineJoin\":\"miter\",\"lineCap\":\"butt\",\"lineDash\":[],\"lineDashOffset\":0,\"lineWidth\":1,\"strokeStyle\":\"rgba(0,0,0,.5)\",\"fillStyle\":\"#fff\",\"font\":\"bold 12px \\\"Segoe UI\\\",system-ui,sans-serif\",\"textAlign\":\"center\",\"textBaseline\":\"alphabetic\"},\"fs\":17.715476066494084,\"labelAlpha\":1,\"handshakeRadius\":null,\"heart\":null,\"width\":48,\"height\":11,\"resolution\":1}"]},{"key":"player:39","order":39,"playerId":39,"childCount":1,"textureKeys":["{\"player\":{\"id\":39,\"name\":\"Georgia\",\"color\":\"#425c3b1828f4\",\"flag\":{\"name\":\"Georgia\",\"layers\":[[\"rect\",\"#ffffff\",0,0,1,1],[\"cross\",\"#ff0000\",0.12,0.5],[\"rect\",\"#ff0000\",0.18,0.18,0.1,0.16],[\"rect\",\"#ff0000\",0.72,0.18,0.1,0.16],[\"rect\",\"#ff0000\",0.18,0.66,0.1,0.16],[\"rect\",\"#ff0000\",0.72,0.66,0.1,0.16]],\"idx\":40},\"tiles\":1548,\"kind\":\"neutral\",\"mine\":false,\"relation\":\"none\",\"relationTeam\":false,\"teamColor\":null,\"troopsText\":\"\"},\"rasterState\":{\"globalAlpha\":1,\"lineJoin\":\"miter\",\"lineCap\":\"butt\",\"lineDash\":[],\"lineDashOffset\":0,\"lineWidth\":1,\"strokeStyle\":\"rgba(0,0,0,.5)\",\"fillStyle\":\"#fff\",\"font\":\"bold 12px \\\"Segoe UI\\\",system-ui,sans-serif\",\"textAlign\":\"center\",\"textBaseline\":\"alphabetic\"},\"fs\":18.557438524302,\"labelAlpha\":1,\"handshakeRadius\":null,\"heart\":null,\"width\":42,\"height\":13,\"resolution\":1}"]},{"key":"player:40","order":40,"playerId":40,"childCount":1,"textureKeys":["{\"player\":{\"id\":40,\"name\":\"Ukraine\",\"color\":\"#434b276f4167\",\"flag\":{\"name\":\"Ukraine\",\"layers\":[[\"h\",\"#0057b7\",\"#ffd700\"]],\"idx\":22},\"tiles\":1563,\"kind\":\"neutral\",\"mine\":false,\"relation\":\"none\",\"relationTeam\":false,\"teamColor\":null,\"troopsText\":\"\"},\"rasterState\":{\"globalAlpha\":1,\"lineJoin\":\"miter\",\"lineCap\":\"butt\",\"lineDash\":[],\"lineDashOffset\":0,\"lineWidth\":1,\"strokeStyle\":\"rgba(0,0,0,.5)\",\"fillStyle\":\"#fff\",\"font\":\"bold 12px \\\"Segoe UI\\\",system-ui,sans-serif\",\"textAlign\":\"center\",\"textBaseline\":\"alphabetic\"},\"fs\":18.589132466923598,\"labelAlpha\":1,\"handshakeRadius\":null,\"heart\":null,\"width\":41,\"height\":11,\"resolution\":1}"]},{"key":"player:41","order":41,"playerId":41,"childCount":1,"textureKeys":["{\"player\":{\"id\":41,\"name\":\"Sweden\",\"color\":\"#32af3bc527e6\",\"flag\":{\"name\":\"Sweden\",\"layers\":[[\"rect\",\"#006aa7\",0,0,1,1],[\"cross\",\"#fecc00\",0.16,0.36]],\"idx\":34},\"tiles\":2930,\"kind\":\"neutral\",\"mine\":false,\"relation\":\"none\",\"relationTeam\":false,\"teamColor\":null,\"troopsText\":\"\"},\"rasterState\":{\"globalAlpha\":1,\"lineJoin\":\"miter\",\"lineCap\":\"butt\",\"lineDash\":[],\"lineDashOffset\":0,\"lineWidth\":1,\"strokeStyle\":\"rgba(0,0,0,.5)\",\"fillStyle\":\"#fff\",\"font\":\"bold 12px \\\"Segoe UI\\\",system-ui,sans-serif\",\"textAlign\":\"center\",\"textBaseline\":\"alphabetic\"},\"fs\":21.021579068482907,\"labelAlpha\":1,\"handshakeRadius\":null,\"heart\":null,\"width\":41,\"height\":11,\"resolution\":1}"]},{"key":"player:43","order":43,"playerId":43,"childCount":1,"textureKeys":["{\"player\":{\"id\":43,\"name\":\"Guinea\",\"color\":\"#2b5a3f073a2c\",\"flag\":{\"name\":\"Guinea\",\"layers\":[[\"v\",\"#ce1126\",\"#fcd116\",\"#009460\"]],\"idx\":6},\"tiles\":1839,\"kind\":\"neutral\",\"mine\":false,\"relation\":\"none\",\"relationTeam\":false,\"teamColor\":null,\"troopsText\":\"\"},\"rasterState\":{\"globalAlpha\":1,\"lineJoin\":\"miter\",\"lineCap\":\"butt\",\"lineDash\":[],\"lineDashOffset\":0,\"lineWidth\":1,\"strokeStyle\":\"rgba(0,0,0,.5)\",\"fillStyle\":\"#fff\",\"font\":\"bold 12px \\\"Segoe UI\\\",system-ui,sans-serif\",\"textAlign\":\"center\",\"textBaseline\":\"alphabetic\"},\"fs\":19.147260547463855,\"labelAlpha\":1,\"handshakeRadius\":null,\"heart\":null,\"width\":38,\"height\":11,\"resolution\":1}"]}]},"worldAnnotations":{"owned":true,"order":["complete-nation-overlays","opening-marker","regions-array-order","SAM-structures-array-order","SAM-ships-array-order","SAM-network-label","canvas-credits-alerts-song-badges-and-later"],"canvasState":{"globalAlpha":1,"lineJoin":"miter","lineCap":"butt","lineDash":[],"lineDashOffset":0,"lineWidth":3,"strokeStyle":"rgba(0,0,0,.7)","fillStyle":"#fff","font":"bold 16px \"Segoe UI\",system-ui,sans-serif","textAlign":"center","textBaseline":"alphabetic"},"counts":{"entries":2,"members":0,"primitives":1,"segments":36,"labels":1,"chars":14,"visible":2,"culled":0},"entries":2,"containerMaximum":16384,"containersLive":2,"containersIdle":0,"containersCreated":2,"containersReused":520,"containersDestroyed":0,"graphicsMaximum":16384,"graphicsActive":1,"graphicsIdle":0,"graphicsCreated":1,"graphicsReused":260,"graphicsDestroyed":0,"spriteMaximum":8192,"spritesActive":1,"spritesIdle":0,"spritesCreated":1,"spritesReused":260,"spritesDestroyed":0,"textureMaximum":8192,"textureCount":1,"activeTextureCount":1,"textureRefs":1,"zeroRefTextureCount":0,"textureAllocations":1,"textureReuses":260,"textureDestroyCount":0,"textureEvictions":0,"activeSourceBytes":8664,"sourceBytes":8664,"sourceByteMaximum":67108864,"rasterUpdates":1,"textStrategy":"bounded-canvas-raster-label-sprites-current-browser-baseline","generatedGeometry":{"strategy":"vector-graphics","gpuBytes":{"status":"unknown","bytes":null}},"resourceLimitFallback":{"count":0,"reason":null},"presentation":[{"key":"opening:ring","order":0,"kind":"graphics","semantic":"opening-ring","text":null,"bounds":{"left":437.40913157820165,"top":291.94913157820196,"right":623.0508684217975,"bottom":477.5908684217978},"style":{"fill":null,"stroke":"#fff","width":3,"dash":[10,6]}},{"key":"opening:label","order":1,"kind":"label","semantic":null,"text":"You start here","bounds":{"left":474.35890624999956,"top":269.94913157820196,"right":585.4448437499996,"bottom":286.94913157820196},"style":{"font":"bold 16px \"Segoe UI\",system-ui,sans-serif","fill":"#fff","stroke":"rgba(0,0,0,.7)","width":3,"align":"center","baseline":"alphabetic"}}],"resources":[{"key":"opening:ring","kind":"graphics","order":0,"children":["graphics"]},{"key":"opening:label","kind":"label","order":1,"children":["label"]}],"notificationOverlays":{"owned":true,"order":["complete-world-annotations","credits-exclusive","nuclear-alerts-array-order","song-banner","badges-array-order","canvas-pick-selection-draft-paused-build-and-later"],"counts":{"entries":0,"labels":0,"chars":0,"primitives":0,"segments":0,"visible":0,"culled":0},"entries":0,"containerMaximum":1,"containersLive":0,"graphicsMaximum":4096,"graphicsActive":0,"spriteMaximum":1,"spritesActive":0,"textureMaximum":1,"textureCount":0,"textureRefs":0,"textureAllocations":0,"textureDestroyCount":0,"sourceBytes":0,"sourceByteMaximum":67108864,"rasterUpdates":0,"resolution":null,"blendMode":null,"compositePolicy":{"supported":{"source-over":"normal","lighter":"add"},"unsupportedFallback":"direct Canvas before offscreen allocation"},"textStrategy":"bounded-dpr-canvas-raster-viewport-sprite-current-browser-baseline","fontCaveat":"current-browser Canvas font rasterization only; no cross-browser or cross-host deterministic font claim","gpuBytes":{"status":"unknown","bytes":null},"interactive":false,"bounds":null,"presentation":[],"resourceLimitFallback":{"count":0,"reason":null},"interactionOverlays":{"owned":true,"order":["complete-notification-overlays","pick-label","selection-box","draft-panel-and-label","paused-scrim-and-labels","build-cursor","end-of-frame"],"counts":{"entries":0,"primitives":0,"segments":0,"labels":0,"chars":0,"visible":0,"culled":0},"entries":0,"containerMaximum":16,"containersLive":0,"containersIdle":0,"graphicsMaximum":8,"graphicsActive":0,"graphicsIdle":0,"spriteMaximum":8,"spritesActive":0,"spritesIdle":0,"textureMaximum":16,"textureCount":0,"textureRefs":0,"textureAllocations":0,"textureDestroyCount":0,"sourceBytes":0,"sourceByteMaximum":4194304,"rasterUpdates":0,"blendMode":"normal","canvasState":{"globalAlpha":1,"globalCompositeOperation":"source-over","lineJoin":"miter","lineCap":"butt","lineDash":[],"lineDashOffset":0,"lineWidth":3,"miterLimit":10,"strokeStyle":"rgba(0, 0, 0, 0.7)","fillStyle":"#ffffff","font":"bold 16px \"Segoe UI\", system-ui, sans-serif","textAlign":"center","textBaseline":"alphabetic","direction":"ltr","transform":[1,0,0,1,0,0]},"textStrategy":"bounded-current-browser-canvas-raster-label-sprites-with-vector-graphics","fontCaveat":"current-browser Canvas font rasterization only; no cross-browser or cross-host deterministic font claim","interactive":false,"presentation":[],"resourceLimitFallback":{"count":0,"reason":null}}}},"notificationOverlays":{"owned":true,"order":["complete-world-annotations","credits-exclusive","nuclear-alerts-array-order","song-banner","badges-array-order","canvas-pick-selection-draft-paused-build-and-later"],"counts":{"entries":0,"labels":0,"chars":0,"primitives":0,"segments":0,"visible":0,"culled":0},"entries":0,"containerMaximum":1,"containersLive":0,"graphicsMaximum":4096,"graphicsActive":0,"spriteMaximum":1,"spritesActive":0,"textureMaximum":1,"textureCount":0,"textureRefs":0,"textureAllocations":0,"textureDestroyCount":0,"sourceBytes":0,"sourceByteMaximum":67108864,"rasterUpdates":0,"resolution":null,"blendMode":null,"compositePolicy":{"supported":{"source-over":"normal","lighter":"add"},"unsupportedFallback":"direct Canvas before offscreen allocation"},"textStrategy":"bounded-dpr-canvas-raster-viewport-sprite-current-browser-baseline","fontCaveat":"current-browser Canvas font rasterization only; no cross-browser or cross-host deterministic font claim","gpuBytes":{"status":"unknown","bytes":null},"interactive":false,"bounds":null,"presentation":[],"resourceLimitFallback":{"count":0,"reason":null},"interactionOverlays":{"owned":true,"order":["complete-notification-overlays","pick-label","selection-box","draft-panel-and-label","paused-scrim-and-labels","build-cursor","end-of-frame"],"counts":{"entries":0,"primitives":0,"segments":0,"labels":0,"chars":0,"visible":0,"culled":0},"entries":0,"containerMaximum":16,"containersLive":0,"containersIdle":0,"graphicsMaximum":8,"graphicsActive":0,"graphicsIdle":0,"spriteMaximum":8,"spritesActive":0,"spritesIdle":0,"textureMaximum":16,"textureCount":0,"textureRefs":0,"textureAllocations":0,"textureDestroyCount":0,"sourceBytes":0,"sourceByteMaximum":4194304,"rasterUpdates":0,"blendMode":"normal","canvasState":{"globalAlpha":1,"globalCompositeOperation":"source-over","lineJoin":"miter","lineCap":"butt","lineDash":[],"lineDashOffset":0,"lineWidth":3,"miterLimit":10,"strokeStyle":"rgba(0, 0, 0, 0.7)","fillStyle":"#ffffff","font":"bold 16px \"Segoe UI\", system-ui, sans-serif","textAlign":"center","textBaseline":"alphabetic","direction":"ltr","transform":[1,0,0,1,0,0]},"textStrategy":"bounded-current-browser-canvas-raster-label-sprites-with-vector-graphics","fontCaveat":"current-browser Canvas font rasterization only; no cross-browser or cross-host deterministic font claim","interactive":false,"presentation":[],"resourceLimitFallback":{"count":0,"reason":null}}},"interactionOverlays":{"owned":true,"order":["complete-notification-overlays","pick-label","selection-box","draft-panel-and-label","paused-scrim-and-labels","build-cursor","end-of-frame"],"counts":{"entries":0,"primitives":0,"segments":0,"labels":0,"chars":0,"visible":0,"culled":0},"entries":0,"containerMaximum":16,"containersLive":0,"containersIdle":0,"graphicsMaximum":8,"graphicsActive":0,"graphicsIdle":0,"spriteMaximum":8,"spritesActive":0,"spritesIdle":0,"textureMaximum":16,"textureCount":0,"textureRefs":0,"textureAllocations":0,"textureDestroyCount":0,"sourceBytes":0,"sourceByteMaximum":4194304,"rasterUpdates":0,"blendMode":"normal","canvasState":{"globalAlpha":1,"globalCompositeOperation":"source-over","lineJoin":"miter","lineCap":"butt","lineDash":[],"lineDashOffset":0,"lineWidth":3,"miterLimit":10,"strokeStyle":"rgba(0, 0, 0, 0.7)","fillStyle":"#ffffff","font":"bold 16px \"Segoe UI\", system-ui, sans-serif","textAlign":"center","textBaseline":"alphabetic","direction":"ltr","transform":[1,0,0,1,0,0]},"textStrategy":"bounded-current-browser-canvas-raster-label-sprites-with-vector-graphics","fontCaveat":"current-browser Canvas font rasterization only; no cross-browser or cross-host deterministic font claim","interactive":false,"presentation":[],"resourceLimitFallback":{"count":0,"reason":null}}},"rasterDiagnostics":{"staticBuild":1,"compositeBuild":8,"cacheSkip":0,"reasons":{"static-change":1,"strategic-composite":7,"detail-level-change":1,"operational-composite":1},"timing":{"staticMs":340.60000002384186,"compositeMs":717.0999999642372,"totalMs":1081.699999988079,"lastMs":82.5,"maxMs":445.30000001192093},"worldWidth":720,"worldHeight":414,"pixelWidth":2880,"pixelHeight":1656,"pixelsPerTile":4,"styleRevision":"direction-02-f2-rivers","bytes":19077120,"sourceBytes":19077120,"staticBytes":19077120,"modelRasterRetainedBytes":38154240,"modelInputBytesEstimate":3576960,"workerPeakBytesEstimate":79885440,"detailLevel":"operational","filter":"canvas-high-pixi-linear","filterPolicy":{"canvas":"imageSmoothingEnabled with imageSmoothingQuality=high","pixi":"bilinear/linear texture sampling"},"scheduler":{"requested":8,"queued":null,"dispatched":8,"completed":8,"published":6,"latestPublications":6,"intermediatePublications":0,"staleDiscarded":2,"discarded":2,"coalesced":0,"failures":0,"resets":0,"workerStarts":1,"retries":0,"snapshots":8,"maxQueued":1,"maxInFlight":1,"latestRequestedGeneration":8,"latestPublishedGeneration":8,"latestRasterGeneration":8,"completedWorkerEpoch":0,"completedRasterRevision":8,"publishedWorkerEpoch":0,"publishedRasterRevision":8,"installedWorkerEpoch":0,"installedRasterRevision":8,"uploadSkippedSameRevision":0,"validRaster":true,"emergencyMode":false,"requestMs":0,"publishMs":24.999999940395355,"maxRequestMs":0,"maxPublishMs":8.799999952316284,"lastWorkerMs":86.69999998807907,"maxWorkerMs":450.60000002384186,"requestSamplesMs":[0,0,0,0,0,0,0,0],"publishSamplesMs":[8.799999952316284,4.399999976158142,3.599999964237213,3.600000023841858,2.199999988079071,2.400000035762787],"fallback":"none","failure":null,"generation":8,"inFlight":null,"epoch":0,"stopped":false}}}

[321/1362] [chromium-desktop] › tests\browser\renderer-foundation.spec.js:161:1 › source Pixi smoke preserves raster, input alignment, and canonical parity
[322/1362] [chromium-desktop] › tests\browser\renderer-foundation.spec.js:190:42 › canvas survives repeated persisted page lifecycle with one RAF and viewport lifecycle
[323/1362] [chromium-desktop] › tests\browser\renderer-foundation.spec.js:190:42 › pixi survives repeated persisted page lifecycle with one RAF and viewport lifecycle
[324/1362] [chromium-desktop] › tests\browser\renderer-foundation.spec.js:230:1 › real WebGL context loss falls back without changing simulation state
[325/1362] [chromium-desktop] › tests\browser\renderer-foundation.spec.js:251:1 › Pixi initialization failure and unsupported names fall back without restarting simulation
[326/1362] [chromium-desktop] › tests\browser\score-retry.spec.js:3:58 › score expired response preserves the correct retry policy
[327/1362] [chromium-desktop] › tests\browser\score-retry.spec.js:3:58 › score invalid response preserves the correct retry policy
[328/1362] [chromium-desktop] › tests\browser\score-retry.spec.js:3:58 › score signature response preserves the correct retry policy
[329/1362] [chromium-desktop] › tests\browser\silo-flight-handoff.spec.js:2:1 › silo uses one artwork projectile at the flight handoff
[330/1362] [chromium-desktop] › tests\browser\startup.spec.js:5:1 › startup communicates loading and prevents input until the game is ready
[331/1362] [chromium-desktop] › tests\browser\startup.spec.js:40:1 › failed startup offers a working retry without exposing inactive controls
[332/1362] [chromium-desktop] › tests\browser\terrain-raster.spec.js:14:1 › F2 shares 4x deterministic bytes and recomposes only across the camera detail threshold
[chromium-desktop] › tests\browser\terrain-raster.spec.js:14:1 › F2 shares 4x deterministic bytes and recomposes only across the camera detail threshold
canvas F2 worker cold/static cumulative 326.300 ms, worker max 423.500 ms, request max 0.000 ms, publish max 6.300 ms, model raster-retained 38154240 bytes

canvas F2 600-frame local CPU mean 2.759 ms

pixi F2 worker cold/static cumulative 338.100 ms, worker max 441.900 ms, request max 0.100 ms, publish max 6.700 ms, model raster-retained 38154240 bytes

pixi F2 600-frame local CPU mean 3.234 ms

[333/1362] [chromium-desktop] › tests\browser\terrain-raster.spec.js:41:1 › F2 source bytes ignore DPR, quality, renderer and reduced-motion policy
[334/1362] [chromium-desktop] › tests\browser\terrain-raster.spec.js:52:1 › cold worker failure paints bounded emergency terrain and reset clears old map pixels immediately
[chromium-desktop] › tests\browser\terrain-raster.spec.js:52:1 › cold worker failure paints bounded emergency terrain and reset clears old map pixels immediately
canvas emergency terrain 12.500 ms

pixi emergency terrain 13.400 ms

[335/1362] [chromium-desktop] › tests\browser\terrain-raster.spec.js:62:1 › production publisher installs discarded-B cache-hit C and skips only its installed revision
[336/1362] [chromium-desktop] › tests\browser\terrain-raster.spec.js:69:1 › paused pick-area highlight clears immediately on Escape and mode cancellation
[337/1362] [chromium-desktop] › tests\browser\terrain-raster.spec.js:79:1 › F2 Canvas-high and Pixi-linear terrain-only framebuffers retain geometry and bounded sampling parity
[chromium-desktop] › tests\browser\terrain-raster.spec.js:79:1 › F2 Canvas-high and Pixi-linear terrain-only framebuffers retain geometry and bounded sampling parity
F2_FRAMEBUFFER_PARITY [{"framebuffer":"terrain-only-webgl-readPixels-vs-canvas-high-quality","sampling":{"canvas":"imageSmoothingEnabled high (implementation-defined high-quality resampling)","pixi":"WebGL linear texture sampling"},"camera":{"x":-37,"y":19,"scale":2},"dpr":1,"width":660,"height":640,"pixels":422400,"changedPixels":104579,"changedPercent":24.758285984848484,"grossPixels":0,"grossPercent":0,"alignmentPixels":0,"alignmentPercent":0,"totalChannelDelta":164442,"meanChannelDelta":0.09732599431818181,"maxChannelDelta":1,"geometry":{"actual":{"x":-37,"y":19,"scaleX":0.5,"scaleY":0.5},"expected":{"x":-37,"y":19,"scale":0.5}}},{"framebuffer":"terrain-only-webgl-readPixels-vs-canvas-high-quality","sampling":{"canvas":"imageSmoothingEnabled high (implementation-defined high-quality resampling)","pixi":"WebGL linear texture sampling"},"camera":{"x":-37.375,"y":19.625,"scale":3.125},"dpr":1,"width":660,"height":640,"pixels":422400,"changedPixels":831,"changedPercent":0.19673295454545456,"grossPixels":0,"grossPercent":0,"alignmentPixels":0,"alignmentPercent":0,"totalChannelDelta":949,"meanChannelDelta":0.0005616714015151516,"maxChannelDelta":1,"geometry":{"actual":{"x":-37.375,"y":19.625,"scaleX":0.78125,"scaleY":0.78125},"expected":{"x":-37.375,"y":19.625,"scale":0.78125}}},{"framebuffer":"terrain-only-webgl-readPixels-vs-canvas-high-quality","sampling":{"canvas":"imageSmoothingEnabled high (implementation-defined high-quality resampling)","pixi":"WebGL linear texture sampling"},"camera":{"x":-37,"y":19,"scale":2},"dpr":1.5,"width":990,"height":960,"pixels":950400,"changedPixels":17369,"changedPercent":1.8275462962962963,"grossPixels":0,"grossPercent":0,"alignmentPixels":0,"alignmentPercent":0,"totalChannelDelta":20067,"meanChannelDelta":0.005278566919191919,"maxChannelDelta":1,"geometry":{"actual":{"x":-37,"y":19,"scaleX":0.5,"scaleY":0.5},"expected":{"x":-37,"y":19,"scale":0.5}}},{"framebuffer":"terrain-only-webgl-readPixels-vs-canvas-high-quality","sampling":{"canvas":"imageSmoothingEnabled high (implementation-defined high-quality resampling)","pixi":"WebGL linear texture sampling"},"camera":{"x":-37.375,"y":19.625,"scale":3.125},"dpr":1.5,"width":990,"height":960,"pixels":950400,"changedPixels":84008,"changedPercent":8.83922558922559,"grossPixels":0,"grossPercent":0,"alignmentPixels":0,"alignmentPercent":0,"totalChannelDelta":163196,"meanChannelDelta":0.04292824074074074,"maxChannelDelta":11,"geometry":{"actual":{"x":-37.375,"y":19.625,"scaleX":0.78125,"scaleY":0.78125},"expected":{"x":-37.375,"y":19.625,"scale":0.78125}}},{"framebuffer":"terrain-only-webgl-readPixels-vs-canvas-high-quality","sampling":{"canvas":"imageSmoothingEnabled high (implementation-defined high-quality resampling)","pixi":"WebGL linear texture sampling"},"camera":{"x":-37,"y":19,"scale":2},"dpr":2,"width":1320,"height":1280,"pixels":1689600,"changedPixels":0,"changedPercent":0,"grossPixels":0,"grossPercent":0,"alignmentPixels":0,"alignmentPercent":0,"totalChannelDelta":0,"meanChannelDelta":0,"maxChannelDelta":0,"geometry":{"actual":{"x":-37,"y":19,"scaleX":0.5,"scaleY":0.5},"expected":{"x":-37,"y":19,"scale":0.5}}},{"framebuffer":"terrain-only-webgl-readPixels-vs-canvas-high-quality","sampling":{"canvas":"imageSmoothingEnabled high (implementation-defined high-quality resampling)","pixi":"WebGL linear texture sampling"},"camera":{"x":-37.375,"y":19.625,"scale":3.125},"dpr":2,"width":1320,"height":1280,"pixels":1689600,"changedPixels":123517,"changedPercent":7.310428503787879,"grossPixels":0,"grossPercent":0,"alignmentPixels":0,"alignmentPercent":0,"totalChannelDelta":247974,"meanChannelDelta":0.03669122869318182,"maxChannelDelta":11,"geometry":{"actual":{"x":-37.375,"y":19.625,"scaleX":0.78125,"scaleY":0.78125},"expected":{"x":-37.375,"y":19.625,"scale":0.78125}}}]

[338/1362] [chromium-desktop] › tests\browser\terrain-raster.spec.js:94:1 › F2 authoritative coast and topology input probes remain exact under smoothed presentation
[chromium-desktop] › tests\browser\terrain-raster.spec.js:94:1 › F2 authoritative coast and topology input probes remain exact under smoothed presentation
F2_ALIGNMENT [{"renderer":"canvas","map":"atoll","camera":{"x":-123.375,"y":41.625,"scale":3.125},"authoritativeMapper":"production tileAt used by pointer/click handlers","presentationKernelRadiusTiles":0.125,"cases":{"coast":{"tile":16167,"x":327,"y":22,"land":true,"river":false,"neighbors":[{"tile":15447,"land":false,"river":false},{"tile":16168,"land":true,"river":false},{"tile":16887,"land":true,"river":false},{"tile":16166,"land":false,"river":false}],"samples":[{"offset":[0.5,0.5],"screen":{"x":900.0625,"y":111.9375},"mapped":16167,"expected":16167},{"offset":[0.001,0.5],"screen":{"x":898.503125,"y":111.9375},"mapped":16167,"expected":16167},{"offset":[0.999,0.5],"screen":{"x":901.621875,"y":111.9375},"mapped":16167,"expected":16167},{"offset":[0.5,0.001],"screen":{"x":900.0625,"y":110.378125},"mapped":16167,"expected":16167},{"offset":[0.5,0.999],"screen":{"x":900.0625,"y":113.496875},"mapped":16167,"expected":16167}]},"one-tile-island":{"fixture":"controlled-authoritative-topology","tile":149400,"x":360,"y":207,"land":true,"river":false,"neighbors":[{"tile":148680,"land":false,"river":false},{"tile":149401,"land":false,"river":false},{"tile":150120,"land":false,"river":false},{"tile":149399,"land":false,"river":false}],"samples":[{"offset":[0.5,0.5],"screen":{"x":1003.1875,"y":690.0625},"mapped":149400,"expected":149400},{"offset":[0.001,0.5],"screen":{"x":1001.628125,"y":690.0625},"mapped":149400,"expected":149400},{"offset":[0.999,0.5],"screen":{"x":1004.746875,"y":690.0625},"mapped":149400,"expected":149400},{"offset":[0.5,0.001],"screen":{"x":1003.1875,"y":688.5031250000001},"mapped":149400,"expected":149400},{"offset":[0.5,0.999],"screen":{"x":1003.1875,"y":691.6218749999999},"mapped":149400,"expected":149400}]},"narrow-channel":{"tile":26207,"x":287,"y":36,"land":false,"river":false,"neighbors":[{"tile":25487,"land":false,"river":false},{"tile":26208,"land":true,"river":false},{"tile":26927,"land":true,"river":false},{"tile":26206,"land":true,"river":false}],"samples":[{"offset":[0.5,0.5],"screen":{"x":775.0625,"y":155.6875},"mapped":26207,"expected":26207},{"offset":[0.001,0.5],"screen":{"x":773.503125,"y":155.6875},"mapped":26207,"expected":26207},{"offset":[0.999,0.5],"screen":{"x":776.621875,"y":155.6875},"mapped":26207,"expected":26207},{"offset":[0.5,0.001],"screen":{"x":775.0625,"y":154.128125},"mapped":26207,"expected":26207},{"offset":[0.5,0.999],"screen":{"x":775.0625,"y":157.246875},"mapped":26207,"expected":26207}]},"peninsula":{"tile":21965,"x":365,"y":30,"land":true,"river":false,"neighbors":[{"tile":21245,"land":false,"river":false},{"tile":21966,"land":false,"river":false},{"tile":22685,"land":true,"river":false},{"tile":21964,"land":false,"river":false}],"samples":[{"offset":[0.5,0.5],"screen":{"x":1018.8125,"y":136.9375},"mapped":21965,"expected":21965},{"offset":[0.001,0.5],"screen":{"x":1017.253125,"y":136.9375},"mapped":21965,"expected":21965},{"offset":[0.999,0.5],"screen":{"x":1020.371875,"y":136.9375},"mapped":21965,"expected":21965},{"offset":[0.5,0.001],"screen":{"x":1018.8125,"y":135.378125},"mapped":21965,"expected":21965},{"offset":[0.5,0.999],"screen":{"x":1018.8125,"y":138.496875},"mapped":21965,"expected":21965}]},"river-mouth":{"fixture":"controlled-authoritative-topology","tile":149400,"x":360,"y":207,"land":true,"river":true,"neighbors":[{"tile":148680,"land":true,"river":true},{"tile":149401,"land":false,"river":false},{"tile":150120,"land":true,"river":false},{"tile":149399,"land":true,"river":false}],"samples":[{"offset":[0.5,0.5],"screen":{"x":1003.1875,"y":690.0625},"mapped":149400,"expected":149400},{"offset":[0.001,0.5],"screen":{"x":1001.628125,"y":690.0625},"mapped":149400,"expected":149400},{"offset":[0.999,0.5],"screen":{"x":1004.746875,"y":690.0625},"mapped":149400,"expected":149400},{"offset":[0.5,0.001],"screen":{"x":1003.1875,"y":688.5031250000001},"mapped":149400,"expected":149400},{"offset":[0.5,0.999],"screen":{"x":1003.1875,"y":691.6218749999999},"mapped":149400,"expected":149400}]}}},{"renderer":"canvas","map":"world","camera":{"x":-123.375,"y":41.625,"scale":3.125},"authoritativeMapper":"production tileAt used by pointer/click handlers","presentationKernelRadiusTiles":0.125,"cases":{"coast":{"tile":1725,"x":285,"y":2,"land":true,"river":false,"neighbors":[{"tile":1005,"land":false,"river":false},{"tile":1726,"land":true,"river":false},{"tile":2445,"land":true,"river":false},{"tile":1724,"land":false,"river":false}],"samples":[{"offset":[0.5,0.5],"screen":{"x":768.8125,"y":49.4375},"mapped":1725,"expected":1725},{"offset":[0.001,0.5],"screen":{"x":767.253125,"y":49.4375},"mapped":1725,"expected":1725},{"offset":[0.999,0.5],"screen":{"x":770.371875,"y":49.4375},"mapped":1725,"expected":1725},{"offset":[0.5,0.001],"screen":{"x":768.8125,"y":47.878125},"mapped":1725,"expected":1725},{"offset":[0.5,0.999],"screen":{"x":768.8125,"y":50.996875},"mapped":1725,"expected":1725}]},"one-tile-island":{"fixture":"controlled-authoritative-topology","tile":149400,"x":360,"y":207,"land":true,"river":false,"neighbors":[{"tile":148680,"land":false,"river":false},{"tile":149401,"land":false,"river":false},{"tile":150120,"land":false,"river":false},{"tile":149399,"land":false,"river":false}],"samples":[{"offset":[0.5,0.5],"screen":{"x":1003.1875,"y":690.0625},"mapped":149400,"expected":149400},{"offset":[0.001,0.5],"screen":{"x":1001.628125,"y":690.0625},"mapped":149400,"expected":149400},{"offset":[0.999,0.5],"screen":{"x":1004.746875,"y":690.0625},"mapped":149400,"expected":149400},{"offset":[0.5,0.001],"screen":{"x":1003.1875,"y":688.5031250000001},"mapped":149400,"expected":149400},{"offset":[0.5,0.999],"screen":{"x":1003.1875,"y":691.6218749999999},"mapped":149400,"expected":149400}]},"narrow-channel":{"tile":6673,"x":193,"y":9,"land":false,"river":false,"neighbors":[{"tile":5953,"land":false,"river":false},{"tile":6674,"land":true,"river":false},{"tile":7393,"land":true,"river":false},{"tile":6672,"land":true,"river":false}],"samples":[{"offset":[0.5,0.5],"screen":{"x":481.3125,"y":71.3125},"mapped":6673,"expected":6673},{"offset":[0.001,0.5],"screen":{"x":479.75312500000007,"y":71.3125},"mapped":6673,"expected":6673},{"offset":[0.999,0.5],"screen":{"x":482.87187499999993,"y":71.3125},"mapped":6673,"expected":6673},{"offset":[0.5,0.001],"screen":{"x":481.3125,"y":69.753125},"mapped":6673,"expected":6673},{"offset":[0.5,0.999],"screen":{"x":481.3125,"y":72.871875},"mapped":6673,"expected":6673}]},"peninsula":{"tile":3094,"x":214,"y":4,"land":true,"river":false,"neighbors":[{"tile":2374,"land":false,"river":false},{"tile":3095,"land":false,"river":false},{"tile":3814,"land":true,"river":false},{"tile":3093,"land":false,"river":false}],"samples":[{"offset":[0.5,0.5],"screen":{"x":546.9375,"y":55.6875},"mapped":3094,"expected":3094},{"offset":[0.001,0.5],"screen":{"x":545.3781250000001,"y":55.6875},"mapped":3094,"expected":3094},{"offset":[0.999,0.5],"screen":{"x":548.4968749999999,"y":55.6875},"mapped":3094,"expected":3094},{"offset":[0.5,0.001],"screen":{"x":546.9375,"y":54.128125},"mapped":3094,"expected":3094},{"offset":[0.5,0.999],"screen":{"x":546.9375,"y":57.246875},"mapped":3094,"expected":3094}]},"river-mouth":{"fixture":"controlled-authoritative-topology","tile":149400,"x":360,"y":207,"land":true,"river":true,"neighbors":[{"tile":148680,"land":true,"river":true},{"tile":149401,"land":false,"river":false},{"tile":150120,"land":true,"river":false},{"tile":149399,"land":true,"river":false}],"samples":[{"offset":[0.5,0.5],"screen":{"x":1003.1875,"y":690.0625},"mapped":149400,"expected":149400},{"offset":[0.001,0.5],"screen":{"x":1001.628125,"y":690.0625},"mapped":149400,"expected":149400},{"offset":[0.999,0.5],"screen":{"x":1004.746875,"y":690.0625},"mapped":149400,"expected":149400},{"offset":[0.5,0.001],"screen":{"x":1003.1875,"y":688.5031250000001},"mapped":149400,"expected":149400},{"offset":[0.5,0.999],"screen":{"x":1003.1875,"y":691.6218749999999},"mapped":149400,"expected":149400}]}}},{"renderer":"canvas","map":"islands_s","camera":{"x":-123.375,"y":41.625,"scale":3.125},"authoritativeMapper":"production tileAt used by pointer/click handlers","presentationKernelRadiusTiles":0.125,"cases":{"coast":{"tile":4759,"x":439,"y":6,"land":true,"river":false,"neighbors":[{"tile":4039,"land":false,"river":false},{"tile":4760,"land":true,"river":false},{"tile":5479,"land":true,"river":false},{"tile":4758,"land":false,"river":false}],"samples":[{"offset":[0.5,0.5],"screen":{"x":1250.0625,"y":61.9375},"mapped":4759,"expected":4759},{"offset":[0.001,0.5],"screen":{"x":1248.503125,"y":61.9375},"mapped":4759,"expected":4759},{"offset":[0.999,0.5],"screen":{"x":1251.621875,"y":61.9375},"mapped":4759,"expected":4759},{"offset":[0.5,0.001],"screen":{"x":1250.0625,"y":60.378125},"mapped":4759,"expected":4759},{"offset":[0.5,0.999],"screen":{"x":1250.0625,"y":63.496875},"mapped":4759,"expected":4759}]},"one-tile-island":{"fixture":"controlled-authoritative-topology","tile":149400,"x":360,"y":207,"land":true,"river":false,"neighbors":[{"tile":148680,"land":false,"river":false},{"tile":149401,"land":false,"river":false},{"tile":150120,"land":false,"river":false},{"tile":149399,"land":false,"river":false}],"samples":[{"offset":[0.5,0.5],"screen":{"x":1003.1875,"y":690.0625},"mapped":149400,"expected":149400},{"offset":[0.001,0.5],"screen":{"x":1001.628125,"y":690.0625},"mapped":149400,"expected":149400},{"offset":[0.999,0.5],"screen":{"x":1004.746875,"y":690.0625},"mapped":149400,"expected":149400},{"offset":[0.5,0.001],"screen":{"x":1003.1875,"y":688.5031250000001},"mapped":149400,"expected":149400},{"offset":[0.5,0.999],"screen":{"x":1003.1875,"y":691.6218749999999},"mapped":149400,"expected":149400}]},"narrow-channel":{"tile":14474,"x":74,"y":20,"land":false,"river":false,"neighbors":[{"tile":13754,"land":false,"river":false},{"tile":14475,"land":true,"river":false},{"tile":15194,"land":true,"river":false},{"tile":14473,"land":true,"river":false}],"samples":[{"offset":[0.5,0.5],"screen":{"x":109.4375,"y":105.6875},"mapped":14474,"expected":14474},{"offset":[0.001,0.5],"screen":{"x":107.87812500000001,"y":105.6875},"mapped":14474,"expected":14474},{"offset":[0.999,0.5],"screen":{"x":110.99687499999999,"y":105.6875},"mapped":14474,"expected":14474},{"offset":[0.5,0.001],"screen":{"x":109.4375,"y":104.12812500000001},"mapped":14474,"expected":14474},{"offset":[0.5,0.999],"screen":{"x":109.4375,"y":107.246875},"mapped":14474,"expected":14474}]},"peninsula":{"tile":9456,"x":96,"y":13,"land":true,"river":false,"neighbors":[{"tile":8736,"land":false,"river":false},{"tile":9457,"land":false,"river":false},{"tile":10176,"land":true,"river":false},{"tile":9455,"land":false,"river":false}],"samples":[{"offset":[0.5,0.5],"screen":{"x":178.1875,"y":83.8125},"mapped":9456,"expected":9456},{"offset":[0.001,0.5],"screen":{"x":176.628125,"y":83.8125},"mapped":9456,"expected":9456},{"offset":[0.999,0.5],"screen":{"x":179.746875,"y":83.8125},"mapped":9456,"expected":9456},{"offset":[0.5,0.001],"screen":{"x":178.1875,"y":82.253125},"mapped":9456,"expected":9456},{"offset":[0.5,0.999],"screen":{"x":178.1875,"y":85.371875},"mapped":9456,"expected":9456}]},"river-mouth":{"fixture":"controlled-authoritative-topology","tile":149400,"x":360,"y":207,"land":true,"river":true,"neighbors":[{"tile":148680,"land":true,"river":true},{"tile":149401,"land":false,"river":false},{"tile":150120,"land":true,"river":false},{"tile":149399,"land":true,"river":false}],"samples":[{"offset":[0.5,0.5],"screen":{"x":1003.1875,"y":690.0625},"mapped":149400,"expected":149400},{"offset":[0.001,0.5],"screen":{"x":1001.628125,"y":690.0625},"mapped":149400,"expected":149400},{"offset":[0.999,0.5],"screen":{"x":1004.746875,"y":690.0625},"mapped":149400,"expected":149400},{"offset":[0.5,0.001],"screen":{"x":1003.1875,"y":688.5031250000001},"mapped":149400,"expected":149400},{"offset":[0.5,0.999],"screen":{"x":1003.1875,"y":691.6218749999999},"mapped":149400,"expected":149400}]}}},{"renderer":"pixi-hybrid","map":"atoll","camera":{"x":-123.375,"y":41.625,"scale":3.125},"authoritativeMapper":"production tileAt used by pointer/click handlers","presentationKernelRadiusTiles":0.125,"cases":{"coast":{"tile":16167,"x":327,"y":22,"land":true,"river":false,"neighbors":[{"tile":15447,"land":false,"river":false},{"tile":16168,"land":true,"river":false},{"tile":16887,"land":true,"river":false},{"tile":16166,"land":false,"river":false}],"samples":[{"offset":[0.5,0.5],"screen":{"x":900.0625,"y":111.9375},"mapped":16167,"expected":16167},{"offset":[0.001,0.5],"screen":{"x":898.503125,"y":111.9375},"mapped":16167,"expected":16167},{"offset":[0.999,0.5],"screen":{"x":901.621875,"y":111.9375},"mapped":16167,"expected":16167},{"offset":[0.5,0.001],"screen":{"x":900.0625,"y":110.378125},"mapped":16167,"expected":16167},{"offset":[0.5,0.999],"screen":{"x":900.0625,"y":113.496875},"mapped":16167,"expected":16167}]},"one-tile-island":{"fixture":"controlled-authoritative-topology","tile":149400,"x":360,"y":207,"land":true,"river":false,"neighbors":[{"tile":148680,"land":false,"river":false},{"tile":149401,"land":false,"river":false},{"tile":150120,"land":false,"river":false},{"tile":149399,"land":false,"river":false}],"samples":[{"offset":[0.5,0.5],"screen":{"x":1003.1875,"y":690.0625},"mapped":149400,"expected":149400},{"offset":[0.001,0.5],"screen":{"x":1001.628125,"y":690.0625},"mapped":149400,"expected":149400},{"offset":[0.999,0.5],"screen":{"x":1004.746875,"y":690.0625},"mapped":149400,"expected":149400},{"offset":[0.5,0.001],"screen":{"x":1003.1875,"y":688.5031250000001},"mapped":149400,"expected":149400},{"offset":[0.5,0.999],"screen":{"x":1003.1875,"y":691.6218749999999},"mapped":149400,"expected":149400}]},"narrow-channel":{"tile":26207,"x":287,"y":36,"land":false,"river":false,"neighbors":[{"tile":25487,"land":false,"river":false},{"tile":26208,"land":true,"river":false},{"tile":26927,"land":true,"river":false},{"tile":26206,"land":true,"river":false}],"samples":[{"offset":[0.5,0.5],"screen":{"x":775.0625,"y":155.6875},"mapped":26207,"expected":26207},{"offset":[0.001,0.5],"screen":{"x":773.503125,"y":155.6875},"mapped":26207,"expected":26207},{"offset":[0.999,0.5],"screen":{"x":776.621875,"y":155.6875},"mapped":26207,"expected":26207},{"offset":[0.5,0.001],"screen":{"x":775.0625,"y":154.128125},"mapped":26207,"expected":26207},{"offset":[0.5,0.999],"screen":{"x":775.0625,"y":157.246875},"mapped":26207,"expected":26207}]},"peninsula":{"tile":21965,"x":365,"y":30,"land":true,"river":false,"neighbors":[{"tile":21245,"land":false,"river":false},{"tile":21966,"land":false,"river":false},{"tile":22685,"land":true,"river":false},{"tile":21964,"land":false,"river":false}],"samples":[{"offset":[0.5,0.5],"screen":{"x":1018.8125,"y":136.9375},"mapped":21965,"expected":21965},{"offset":[0.001,0.5],"screen":{"x":1017.253125,"y":136.9375},"mapped":21965,"expected":21965},{"offset":[0.999,0.5],"screen":{"x":1020.371875,"y":136.9375},"mapped":21965,"expected":21965},{"offset":[0.5,0.001],"screen":{"x":1018.8125,"y":135.378125},"mapped":21965,"expected":21965},{"offset":[0.5,0.999],"screen":{"x":1018.8125,"y":138.496875},"mapped":21965,"expected":21965}]},"river-mouth":{"fixture":"controlled-authoritative-topology","tile":149400,"x":360,"y":207,"land":true,"river":true,"neighbors":[{"tile":148680,"land":true,"river":true},{"tile":149401,"land":false,"river":false},{"tile":150120,"land":true,"river":false},{"tile":149399,"land":true,"river":false}],"samples":[{"offset":[0.5,0.5],"screen":{"x":1003.1875,"y":690.0625},"mapped":149400,"expected":149400},{"offset":[0.001,0.5],"screen":{"x":1001.628125,"y":690.0625},"mapped":149400,"expected":149400},{"offset":[0.999,0.5],"screen":{"x":1004.746875,"y":690.0625},"mapped":149400,"expected":149400},{"offset":[0.5,0.001],"screen":{"x":1003.1875,"y":688.5031250000001},"mapped":149400,"expected":149400},{"offset":[0.5,0.999],"screen":{"x":1003.1875,"y":691.6218749999999},"mapped":149400,"expected":149400}]}}},{"renderer":"pixi-hybrid","map":"world","camera":{"x":-123.375,"y":41.625,"scale":3.125},"authoritativeMapper":"production tileAt used by pointer/click handlers","presentationKernelRadiusTiles":0.125,"cases":{"coast":{"tile":1725,"x":285,"y":2,"land":true,"river":false,"neighbors":[{"tile":1005,"land":false,"river":false},{"tile":1726,"land":true,"river":false},{"tile":2445,"land":true,"river":false},{"tile":1724,"land":false,"river":false}],"samples":[{"offset":[0.5,0.5],"screen":{"x":768.8125,"y":49.4375},"mapped":1725,"expected":1725},{"offset":[0.001,0.5],"screen":{"x":767.253125,"y":49.4375},"mapped":1725,"expected":1725},{"offset":[0.999,0.5],"screen":{"x":770.371875,"y":49.4375},"mapped":1725,"expected":1725},{"offset":[0.5,0.001],"screen":{"x":768.8125,"y":47.878125},"mapped":1725,"expected":1725},{"offset":[0.5,0.999],"screen":{"x":768.8125,"y":50.996875},"mapped":1725,"expected":1725}]},"one-tile-island":{"fixture":"controlled-authoritative-topology","tile":149400,"x":360,"y":207,"land":true,"river":false,"neighbors":[{"tile":148680,"land":false,"river":false},{"tile":149401,"land":false,"river":false},{"tile":150120,"land":false,"river":false},{"tile":149399,"land":false,"river":false}],"samples":[{"offset":[0.5,0.5],"screen":{"x":1003.1875,"y":690.0625},"mapped":149400,"expected":149400},{"offset":[0.001,0.5],"screen":{"x":1001.628125,"y":690.0625},"mapped":149400,"expected":149400},{"offset":[0.999,0.5],"screen":{"x":1004.746875,"y":690.0625},"mapped":149400,"expected":149400},{"offset":[0.5,0.001],"screen":{"x":1003.1875,"y":688.5031250000001},"mapped":149400,"expected":149400},{"offset":[0.5,0.999],"screen":{"x":1003.1875,"y":691.6218749999999},"mapped":149400,"expected":149400}]},"narrow-channel":{"tile":6673,"x":193,"y":9,"land":false,"river":false,"neighbors":[{"tile":5953,"land":false,"river":false},{"tile":6674,"land":true,"river":false},{"tile":7393,"land":true,"river":false},{"tile":6672,"land":true,"river":false}],"samples":[{"offset":[0.5,0.5],"screen":{"x":481.3125,"y":71.3125},"mapped":6673,"expected":6673},{"offset":[0.001,0.5],"screen":{"x":479.75312500000007,"y":71.3125},"mapped":6673,"expected":6673},{"offset":[0.999,0.5],"screen":{"x":482.87187499999993,"y":71.3125},"mapped":6673,"expected":6673},{"offset":[0.5,0.001],"screen":{"x":481.3125,"y":69.753125},"mapped":6673,"expected":6673},{"offset":[0.5,0.999],"screen":{"x":481.3125,"y":72.871875},"mapped":6673,"expected":6673}]},"peninsula":{"tile":3094,"x":214,"y":4,"land":true,"river":false,"neighbors":[{"tile":2374,"land":false,"river":false},{"tile":3095,"land":false,"river":false},{"tile":3814,"land":true,"river":false},{"tile":3093,"land":false,"river":false}],"samples":[{"offset":[0.5,0.5],"screen":{"x":546.9375,"y":55.6875},"mapped":3094,"expected":3094},{"offset":[0.001,0.5],"screen":{"x":545.3781250000001,"y":55.6875},"mapped":3094,"expected":3094},{"offset":[0.999,0.5],"screen":{"x":548.4968749999999,"y":55.6875},"mapped":3094,"expected":3094},{"offset":[0.5,0.001],"screen":{"x":546.9375,"y":54.128125},"mapped":3094,"expected":3094},{"offset":[0.5,0.999],"screen":{"x":546.9375,"y":57.246875},"mapped":3094,"expected":3094}]},"river-mouth":{"fixture":"controlled-authoritative-topology","tile":149400,"x":360,"y":207,"land":true,"river":true,"neighbors":[{"tile":148680,"land":true,"river":true},{"tile":149401,"land":false,"river":false},{"tile":150120,"land":true,"river":false},{"tile":149399,"land":true,"river":false}],"samples":[{"offset":[0.5,0.5],"screen":{"x":1003.1875,"y":690.0625},"mapped":149400,"expected":149400},{"offset":[0.001,0.5],"screen":{"x":1001.628125,"y":690.0625},"mapped":149400,"expected":149400},{"offset":[0.999,0.5],"screen":{"x":1004.746875,"y":690.0625},"mapped":149400,"expected":149400},{"offset":[0.5,0.001],"screen":{"x":1003.1875,"y":688.5031250000001},"mapped":149400,"expected":149400},{"offset":[0.5,0.999],"screen":{"x":1003.1875,"y":691.6218749999999},"mapped":149400,"expected":149400}]}}},{"renderer":"pixi-hybrid","map":"islands_s","camera":{"x":-123.375,"y":41.625,"scale":3.125},"authoritativeMapper":"production tileAt used by pointer/click handlers","presentationKernelRadiusTiles":0.125,"cases":{"coast":{"tile":4759,"x":439,"y":6,"land":true,"river":false,"neighbors":[{"tile":4039,"land":false,"river":false},{"tile":4760,"land":true,"river":false},{"tile":5479,"land":true,"river":false},{"tile":4758,"land":false,"river":false}],"samples":[{"offset":[0.5,0.5],"screen":{"x":1250.0625,"y":61.9375},"mapped":4759,"expected":4759},{"offset":[0.001,0.5],"screen":{"x":1248.503125,"y":61.9375},"mapped":4759,"expected":4759},{"offset":[0.999,0.5],"screen":{"x":1251.621875,"y":61.9375},"mapped":4759,"expected":4759},{"offset":[0.5,0.001],"screen":{"x":1250.0625,"y":60.378125},"mapped":4759,"expected":4759},{"offset":[0.5,0.999],"screen":{"x":1250.0625,"y":63.496875},"mapped":4759,"expected":4759}]},"one-tile-island":{"fixture":"controlled-authoritative-topology","tile":149400,"x":360,"y":207,"land":true,"river":false,"neighbors":[{"tile":148680,"land":false,"river":false},{"tile":149401,"land":false,"river":false},{"tile":150120,"land":false,"river":false},{"tile":149399,"land":false,"river":false}],"samples":[{"offset":[0.5,0.5],"screen":{"x":1003.1875,"y":690.0625},"mapped":149400,"expected":149400},{"offset":[0.001,0.5],"screen":{"x":1001.628125,"y":690.0625},"mapped":149400,"expected":149400},{"offset":[0.999,0.5],"screen":{"x":1004.746875,"y":690.0625},"mapped":149400,"expected":149400},{"offset":[0.5,0.001],"screen":{"x":1003.1875,"y":688.5031250000001},"mapped":149400,"expected":149400},{"offset":[0.5,0.999],"screen":{"x":1003.1875,"y":691.6218749999999},"mapped":149400,"expected":149400}]},"narrow-channel":{"tile":14474,"x":74,"y":20,"land":false,"river":false,"neighbors":[{"tile":13754,"land":false,"river":false},{"tile":14475,"land":true,"river":false},{"tile":15194,"land":true,"river":false},{"tile":14473,"land":true,"river":false}],"samples":[{"offset":[0.5,0.5],"screen":{"x":109.4375,"y":105.6875},"mapped":14474,"expected":14474},{"offset":[0.001,0.5],"screen":{"x":107.87812500000001,"y":105.6875},"mapped":14474,"expected":14474},{"offset":[0.999,0.5],"screen":{"x":110.99687499999999,"y":105.6875},"mapped":14474,"expected":14474},{"offset":[0.5,0.001],"screen":{"x":109.4375,"y":104.12812500000001},"mapped":14474,"expected":14474},{"offset":[0.5,0.999],"screen":{"x":109.4375,"y":107.246875},"mapped":14474,"expected":14474}]},"peninsula":{"tile":9456,"x":96,"y":13,"land":true,"river":false,"neighbors":[{"tile":8736,"land":false,"river":false},{"tile":9457,"land":false,"river":false},{"tile":10176,"land":true,"river":false},{"tile":9455,"land":false,"river":false}],"samples":[{"offset":[0.5,0.5],"screen":{"x":178.1875,"y":83.8125},"mapped":9456,"expected":9456},{"offset":[0.001,0.5],"screen":{"x":176.628125,"y":83.8125},"mapped":9456,"expected":9456},{"offset":[0.999,0.5],"screen":{"x":179.746875,"y":83.8125},"mapped":9456,"expected":9456},{"offset":[0.5,0.001],"screen":{"x":178.1875,"y":82.253125},"mapped":9456,"expected":9456},{"offset":[0.5,0.999],"screen":{"x":178.1875,"y":85.371875},"mapped":9456,"expected":9456}]},"river-mouth":{"fixture":"controlled-authoritative-topology","tile":149400,"x":360,"y":207,"land":true,"river":true,"neighbors":[{"tile":148680,"land":true,"river":true},{"tile":149401,"land":false,"river":false},{"tile":150120,"land":true,"river":false},{"tile":149399,"land":true,"river":false}],"samples":[{"offset":[0.5,0.5],"screen":{"x":1003.1875,"y":690.0625},"mapped":149400,"expected":149400},{"offset":[0.001,0.5],"screen":{"x":1001.628125,"y":690.0625},"mapped":149400,"expected":149400},{"offset":[0.999,0.5],"screen":{"x":1004.746875,"y":690.0625},"mapped":149400,"expected":149400},{"offset":[0.5,0.001],"screen":{"x":1003.1875,"y":688.5031250000001},"mapped":149400,"expected":149400},{"offset":[0.5,0.999],"screen":{"x":1003.1875,"y":691.6218749999999},"mapped":149400,"expected":149400}]}}}]

[339/1362] [chromium-desktop] › tests\browser\terrain-raster.spec.js:104:1 › F2 sustained 10Hz suppression converges and named synchronous interactions stay responsive
[chromium-desktop] › tests\browser\terrain-raster.spec.js:104:1 › F2 sustained 10Hz suppression converges and named synchronous interactions stay responsive
F2_CONVERGENCE [{"renderer":"canvas","rateHz":10,"requestsPerPhase":12,"target":132,"probeCount":256,"fixedTick":22,"deadline":72,"start":{"requested":94,"queued":null,"dispatched":2,"completed":2,"published":1,"latestPublications":1,"intermediatePublications":0,"staleDiscarded":1,"discarded":1,"coalesced":92,"failures":0,"resets":0,"workerStarts":1,"retries":0,"snapshots":2,"maxQueued":1,"maxInFlight":1,"latestRequestedGeneration":94,"latestPublishedGeneration":94,"latestRasterGeneration":94,"completedWorkerEpoch":0,"completedRasterRevision":2,"publishedWorkerEpoch":0,"publishedRasterRevision":2,"installedWorkerEpoch":0,"installedRasterRevision":2,"uploadSkippedSameRevision":0,"validRaster":true,"emergencyMode":false,"requestMs":0.19999998807907104,"publishMs":7,"maxRequestMs":0.10000002384185791,"maxPublishMs":7,"lastWorkerMs":101.89999997615814,"maxWorkerMs":435.19999998807907,"requestSamplesMs":[0.10000002384185791,0,0,0,0,0,0,0,0.09999996423721313,0,0,0,0,0,0,0,0,0,0,0,0,0,0,0,0,0,0,0,0,0,0,0,0,0,0,0,0,0,0,0,0,0,0,0,0,0,0,0,0,0,0,0,0,0,0,0,0,0,0,0,0,0,0,0,0,0,0,0,0,0,0,0,0,0,0,0,0,0,0,0,0,0,0,0,0,0,0,0,0,0,0,0,0,0,0,0,0.09999996423721313,0,0,0,0,0,0,0,0,0,0,0,0,0],"publishSamplesMs":[7,2.5,2.600000023841858,2.5,2.199999988079071,2.5,2.899999976158142,2.300000011920929,1.7999999523162842,3.800000011920929,2.600000023841858,2.199999988079071,2.699999988079071,2.5,3.899999976158142,3.699999988079071,1.9000000357627869],"fallback":"none","failure":null,"generation":94,"inFlight":null,"epoch":0,"stopped":false},"pressure":{"requested":106,"queued":null,"dispatched":14,"completed":14,"published":13,"latestPublications":3,"intermediatePublications":10,"staleDiscarded":1,"discarded":1,"coalesced":92,"failures":0,"resets":0,"workerStarts":1,"retries":0,"snapshots":14,"maxQueued":1,"maxInFlight":1,"latestRequestedGeneration":106,"latestPublishedGeneration":106,"latestRasterGeneration":106,"completedWorkerEpoch":0,"completedRasterRevision":14,"publishedWorkerEpoch":0,"publishedRasterRevision":14,"installedWorkerEpoch":0,"installedRasterRevision":14,"uploadSkippedSameRevision":0,"validRaster":true,"emergencyMode":false,"requestMs":0.2999999523162842,"publishMs":37.59999996423721,"maxRequestMs":0.10000002384185791,"maxPublishMs":7,"lastWorkerMs":91.69999998807907,"maxWorkerMs":435.19999998807907,"requestSamplesMs":[0.10000002384185791,0,0,0,0,0,0,0,0.09999996423721313,0,0,0,0,0,0,0,0,0,0,0,0,0,0,0,0,0,0,0,0,0,0,0,0,0,0,0,0,0,0,0,0,0,0,0,0,0,0,0,0,0,0,0,0,0,0,0,0,0,0,0,0,0,0,0,0,0,0,0,0,0,0,0,0,0,0,0,0,0,0,0,0,0,0,0,0,0,0,0,0,0,0,0,0,0,0,0,0.09999996423721313,0,0,0,0,0,0,0,0,0,0,0,0,0],"publishSamplesMs":[7,2.5,2.600000023841858,2.5,2.199999988079071,2.5,2.899999976158142,2.300000011920929,1.7999999523162842,3.800000011920929,2.600000023841858,2.199999988079071,2.699999988079071,2.5,3.899999976158142,3.699999988079071,1.9000000357627869],"fallback":"none","failure":null,"generation":106,"inFlight":null,"epoch":0,"stopped":false},"baseline":{"generation":107,"pixel":[66,127,58,255,86,136,61,255,92,142,64,255,91,141,64,255,68,128,59,255,90,141,63,255,90,141,63,255,92,142,64,255,67,127,58,255,92,142,64,255,92,142,64,255,92,142,64,255,67,128,58,255,91,141,64,255,92,142,64,255,90,140,63,255,92,142,64,255,83,135,60,255,91,141,63,255,89,140,63,255,90,141,63,255,90,140,63,255,91,142,64,255,88,139,63,255,91,141,64,255,91,142,64,255,89,139,63,255,89,139,63,255,91,141,64,255,92,142,63,255,91,141,64,255,89,139,63,255,89,139,63,255,84,135,60,255,84,135,60,255,89,140,63,255,95,145,66,255,85,136,60,255,85,135,60,255,87,139,62,255,91,141,64,255,84,135,60,255,85,135,60,255,88,139,63,255,89,140,63,255,84,135,60,255,84,134,60,255,89,141,63,255,88,139,63,255,88,140,63,255,86,138,62,255,88,139,63,255,87,138,62,255,86,138,62,255,87,139,63,255,86,138,62,255,88,140,63,255,86,138,62,255,88,140,63,255,86,138,62,255,87,139,62,255,94,144,66,255,88,139,63,255,86,138,62,255,85,138,62,255,86,138,62,255,85,137,62,255,82,134,59,255,87,139,62,255,85,137,61,255,86,138,62,255,82,134,59,255,87,139,62,255,87,139,62,255,86,138,62,255,81,133,59,255,87,139,62,255,86,138,62,255,86,138,62,255,80,132,58,255,79,131,58,255,84,137,61,255,83,136,61,255,83,136,61,255,80,133,58,255,83,136,61,255,83,136,61,255,83,137,61,255,80,133,58,255,85,137,62,255,84,137,61,255,83,136,61,255,81,134,59,255,83,136,61,255,83,136,61,255,84,137,61,255,84,137,61,255,82,136,60,255,82,135,60,255,82,136,61,255,75,130,56,255,84,137,61,255,83,136,61,255,83,137,61,255,83,136,61,255,82,136,61,255,81,135,60,255,83,137,61,255,84,137,61,255,83,136,61,255,82,136,61,255,81,135,60,255,81,135,60,255,82,136,60,255,82,136,61,255,81,135,60,255,80,135,60,255,80,135,60,255,80,135,60,255,81,135,60,255,82,136,61,255,80,135,60,255,80,135,60,255,82,136,61,255,82,136,61,255,81,135,60,255,80,134,60,255,80,135,60,255,81,135,60,255,80,135,60,255,75,130,56,255,80,135,60,255,82,136,60,255,81,135,60,255,80,135,60,255,82,136,60,255,83,136,61,255,82,136,61,255,80,135,60,255,81,135,60,255,82,136,61,255,82,136,61,255,81,136,60,255,82,136,61,255,82,136,61,255,80,135,60,255,82,136,60,255,80,135,60,255,82,136,60,255,82,136,61,255,82,136,61,255,82,136,61,255,82,136,61,255,80,135,60,255,82,136,61,255,80,135,60,255,80,135,60,255,82,136,61,255,82,136,60,255,80,135,60,255,83,136,61,255,80,135,60,255,80,135,60,255,82,136,61,255,80,135,60,255,82,136,61,255,82,136,61,255,82,136,60,255,82,136,61,255,80,135,60,255,82,136,61,255,83,136,61,255,80,135,60,255,80,134,60,255,80,135,60,255,74,129,56,255,82,136,60,255,82,136,61,255,83,136,61,255,83,137,61,255,80,135,60,255,83,137,61,255,81,135,60,255,81,135,60,255,83,137,61,255,80,135,60,255,82,136,60,255,83,137,61,255,82,136,61,255,82,136,61,255,82,136,61,255,80,135,60,255,81,135,60,255,82,136,61,255,83,136,61,255,82,136,61,255,83,136,61,255,83,136,61,255,83,137,61,255,82,136,60,255,82,136,61,255,82,136,61,255,81,135,60,255,82,136,61,255,80,135,60,255,80,135,60,255,81,135,60,255,82,136,61,255,82,136,61,255,80,135,60,255,82,136,60,255,83,136,61,255,82,136,61,255,80,135,60,255,82,136,61,255,82,136,61,255,83,136,61,255,80,135,60,255,80,135,60,255,81,135,60,255,82,136,61,255,83,136,61,255,80,135,60,255,80,135,60,255,80,134,60,255,80,134,60,255,79,134,60,255,76,130,56,255,82,136,61,255,81,135,60,255,80,135,60,255,76,130,57,255,82,136,61,255,81,136,60,255,82,136,61,255,77,131,57,255,80,135,60,255,82,136,61,255,82,136,61,255,76,130,56,255,76,130,57,255,75,129,56,255,77,131,57,255,81,136,60,255,77,130,57,255,76,130,57,255,75,129,56,255,78,134,59,255,77,130,57,255,77,131,57,255,76,130,57,255,79,134,60,255,76,130,56,255,77,131,58,255,75,129,56,255,79,135,60,255,73,129,56,255,80,135,60,255,78,134,59,255,78,134,59,255,81,136,60,255,79,134,60,255,80,135,60,255,79,134,60,255,79,134,60,255,80,135,60,255,80,135,60,255,79,135,60,255,80,135,60,255,80,135,60,255,79,134,59,255,79,135,60,255,79,134,60,255,78,134,59,255,79,134,60,255,80,135,60,255,80,135,60,255,80,135,60,255,79,134,60,255,79,135,60,255,79,134,60,255,80,135,60,255,80,135,60,255,79,134,59,255,80,135,60,255,79,134,59,255,74,130,56,255,78,134,59,255,80,135,60,255,75,130,56,255,76,130,57,255,70,125,53,255,80,135,60,255,75,129,56,255,75,129,56,255,75,129,56,255,79,134,60,255,75,130,56,255,75,129,56,255,77,131,58,255,81,135,60,255,76,130,57,255,75,129,56,255,75,129,56,255,82,136,61,255,82,136,61,255,81,135,60,255,82,136,61,255,80,135,60,255,80,135,60,255,80,135,60,255,83,136,61,255,81,135,60,255,82,136,61,255,82,136,61,255,83,136,61,255,80,135,60,255,80,135,60,255,81,135,60,255,82,135,60,255,82,135,60,255,83,137,61,255,76,130,57,255,82,136,61,255,82,136,61,255,84,137,61,255,82,136,61,255,83,136,61,255,82,136,60,255,84,137,61,255,82,135,60,255,84,137,61,255,82,136,60,255,82,136,61,255,82,136,61,255,82,136,60,255,82,136,61,255,84,137,61,255,84,137,61,255,64,126,57,255,85,138,62,255,83,136,61,255,84,137,61,255,62,125,56,255,84,137,61,255,83,136,61,255,84,137,61,255,62,125,56,255,84,137,61,255,84,137,61,255,84,137,61,255,63,125,56,255,67,127,58,255,92,142,64,255,90,141,63,255,92,142,64,255,67,128,58,255,92,142,64,255,92,142,64,255,92,142,64,255,67,127,58,255,86,137,61,255,91,141,64,255,91,141,64,255,67,127,58,255,90,141,63,255,98,147,67,255,90,140,63,255,91,141,64,255,89,140,63,255,89,139,63,255,89,139,63,255,92,142,64,255,92,142,64,255,91,141,64,255,91,141,63,255,89,140,63,255,98,147,67,255,91,142,64,255,90,141,63,255,98,147,67,255,90,140,63,255,91,142,64,255,89,139,63,255,88,139,63,255,85,136,60,255,86,136,60,255,88,139,63,255,89,140,63,255,85,135,60,255,85,135,60,255,87,139,62,255,88,139,63,255,85,135,60,255,89,141,63,255,87,139,62,255,85,136,60,255,85,136,60,255,89,141,63,255,88,139,63,255,88,139,63,255,87,139,62,255,87,139,63,255,87,139,62,255,87,139,62,255,95,146,66,255,87,139,62,255,86,138,62,255,87,139,62,255,87,139,63,255,87,138,62,255,87,139,63,255,89,140,63,255,87,138,62,255,87,139,62,255,87,139,62,255,86,138,62,255,87,139,62,255,86,138,62,255,79,132,58,255,87,139,63,255,86,138,62,255,85,137,62,255,80,132,58,255,85,137,62,255,86,138,62,255,84,137,61,255,82,134,59,255,86,138,62,255,86,139,62,255,85,137,62,255,80,133,59,255,80,133,59,255,83,136,61,255,84,137,61,255,83,136,61,255,84,137,61,255,84,137,61,255,84,137,61,255,84,137,61,255,85,137,62,255,85,138,62,255,84,137,61,255,84,137,61,255,85,138,62,255,83,137,61,255,83,136,61,255,82,135,60,255,84,137,61,255,82,136,61,255,83,136,61,255,81,135,60,255,83,136,61,255,82,135,60,255,83,137,61,255,83,137,61,255,84,137,61,255,82,136,61,255,82,136,60,255,83,137,61,255,82,136,60,255,83,137,61,255,82,135,60,255,80,135,60,255,83,136,61,255,81,135,60,255,80,135,60,255,82,136,61,255,82,136,61,255,83,137,61,255,82,136,61,255,82,136,61,255,83,137,61,255,83,136,61,255,81,135,60,255,80,135,60,255,82,136,61,255,82,136,60,255,82,136,61,255,80,135,60,255,82,136,61,255,82,136,61,255,81,135,60,255,82,136,61,255,82,136,61,255,81,136,60,255,80,135,60,255,80,135,60,255,74,129,56,255,81,136,60,255,81,136,60,255,80,135,60,255,81,135,60,255,80,135,60,255,80,135,60,255,80,135,60,255,82,136,60,255,80,135,60,255,80,135,60,255,80,135,60,255,82,136,61,255,81,135,60,255,80,134,60,255,75,130,57,255,82,136,61,255,80,135,60,255,82,136,61,255,81,135,60,255,77,130,57,255,77,130,57,255,75,129,56,255,76,130,56,255,82,136,61,255,80,135,60,255,82,136,61,255,81,135,60,255,80,135,60,255,81,135,60,255,80,134,60,255,82,136,61,255,82,136,61,255,80,135,60,255,80,135,60,255,79,134,60,255,82,136,61,255,82,136,61,255,80,135,60,255,82,136,61,255,82,136,61,255,82,136,60,255,82,136,61,255,80,135,60,255,80,135,60,255,80,134,60,255,81,135,60,255,82,136,61,255,80,135,60,255,80,135,60,255,80,134,60,255,82,136,61,255,79,134,60,255,82,136,60,255,79,134,60,255,81,136,60,255,81,135,60,255,74,129,56,255,81,135,60,255,80,135,60,255,82,136,61,255,81,135,60,255,82,136,61,255,82,136,61,255,81,135,60,255,82,136,61,255,82,136,61,255,80,135,60,255,82,136,61,255,80,135,60,255,79,134,60,255,80,135,60,255,80,135,60,255,82,136,60,255,80,134,60,255,80,135,60,255,81,135,60,255,81,135,60,255,82,136,60,255,82,136,60,255,81,135,60,255,80,135,60,255,82,136,61,255,79,134,60,255,82,136,60,255,80,134,60,255,80,135,60,255,77,131,58,255,80,135,60,255,75,130,56,255,77,131,58,255,75,129,56,255,82,136,61,255,80,135,60,255,76,130,56,255,77,131,58,255,82,136,61,255,69,125,53,255,77,130,57,255,75,129,56,255,75,129,56,255,75,129,56,255,76,130,57,255,77,131,58,255,77,131,58,255,77,130,57,255,79,134,59,255,81,136,60,255,77,130,57,255,77,131,57,255,80,135,60,255,80,135,60,255,77,131,57,255,81,136,60,255,79,134,60,255,73,129,56,255,79,134,59,255,79,134,60,255,79,134,59,255,80,135,60,255,79,134,60,255,80,135,60,255,78,134,59,255,79,135,60,255,80,135,60,255,79,134,59,255,79,134,60,255,79,134,59,255,79,134,60,255,79,134,60,255,80,135,60,255,79,134,60,255,79,134,60,255,78,134,59,255,79,134,60,255,79,134,60,255,79,134,60,255,80,135,60,255,79,135,60,255,80,135,60,255,80,135,60,255,79,134,59,255,79,134,59,255,79,134,60,255,79,134,60,255,79,135,60,255,79,135,60,255,79,134,60,255,80,135,60,255,79,135,60,255,80,135,60,255,80,135,60,255,79,134,60,255,76,130,57,255,77,131,57,255,75,129,56,255,79,135,60,255,75,129,56,255,76,130,57,255,75,129,56,255,80,135,60,255,75,129,56,255,77,131,57,255,76,130,57,255,80,135,60,255,77,131,57,255,75,129,56,255,77,130,57,255,82,136,61,255,82,136,61,255,80,135,60,255,82,136,61,255,80,135,60,255,80,135,60,255,82,136,61,255,82,136,60,255,81,136,60,255,82,136,61,255,82,136,61,255,83,137,61,255,80,135,60,255,80,135,60,255,82,136,61,255,83,136,61,255,83,137,61,255,83,137,61,255,84,137,61,255,85,138,62,255,82,135,60,255,83,137,61,255,83,136,61,255,84,137,61,255,83,137,61,255,82,135,60,255,84,137,61,255,83,136,61,255,81,135,60,255,82,136,61,255,84,137,61,255,83,136,61,255,83,136,61,255,83,136,61,255,85,138,62,255,62,125,56,255,84,137,62,255,83,136,61,255,83,136,61,255,63,125,57,255,82,136,61,255,83,136,61,255,85,138,62,255,63,126,57,255,84,137,61,255,84,137,61,255,85,138,62,255,63,126,57,255,67,127,58,255,90,140,63,255,97,146,67,255,92,142,64,255,68,128,59,255,85,136,60,255,91,141,64,255,90,141,63,255,67,127,58,255,91,141,63,255,92,142,64,255,92,142,64,255,66,127,58,255,91,141,63,255,85,136,60,255,91,141,64,255,91,141,64,255,91,141,64,255,90,141,63,255,89,139,63,255,89,139,63,255,90,141,63,255,89,140,63,255,91,141,64,255,92,142,64,255,91,141,63,255,97,147,67,255,97,147,67,255,90,140,63,255,91,142,64,255,88,139,63,255,89,139,63,255,84,135,60,255,85,135,60,255,88,139,63,255,87,139,62,255,84,135,60,255,86,136,61,255,88,139,63,255,87,138,62,255,85,135,60,255,86,136,60,255,87,139,62,255,89,140,63,255,84,134,60,255,84,135,60,255,88,139,63,255,89,140,63,255,94,144,66,255,95,146,66,255,87,139,63,255,86,138,62,255,87,138,62,255,80,133,59,255,94,144,66,255,86,138,62,255,88,140,63,255,87,139,62,255,87,139,62,255,85,137,61,255,88,140,63,255,87,139,63,255,87,139,63,255,86,138,62,255,85,138,62,255,87,139,62,255,80,133,58,255,79,132,58,255,87,139,62,255,84,137,61,255,79,132,58,255,79,131,58,255,85,137,61,255,85,137,62,255,80,133,59,255,80,133,58,255,85,137,62,255,86,138,62,255,80,132,58,255,85,137,62,255,83,136,61,255,83,137,61,255,83,136,61,255,83,136,61,255,83,136,61,255,83,136,61,255,84,137,62,255,84,137,61,255,85,137,62,255,85,138,62,255,84,137,61,255,83,136,61,255,83,136,61,255,82,136,61,255,82,135,60,255,82,135,60,255,82,135,60,255,82,136,61,255,82,136,60,255,82,136,61,255,82,135,60,255,83,137,61,255,81,135,60,255,80,135,60,255,82,136,60,255,80,135,60,255,83,136,61,255,81,135,60,255,82,136,60,255,82,136,61,255,82,136,60,255,83,136,61,255,80,135,60,255,82,136,61,255,82,136,61,255,80,135,60,255,80,135,60,255,80,135,60,255,82,136,60,255,80,135,60,255,81,135,60,255,82,136,61,255,82,136,61,255,80,135,60,255,80,135,60,255,80,135,60,255,81,136,60,255,76,130,57,255,81,136,60,255,80,135,60,255,76,130,56,255,76,130,57,255,82,136,61,255,76,130,56,255,76,130,57,255,77,131,58,255,77,131,57,255,77,131,57,255,77,131,57,255,76,130,56,255,75,129,56,255,75,129,56,255,76,130,56,255,76,130,57,255,75,129,56,255,75,129,56,255,75,129,56,255,75,129,56,255,69,125,53,255,75,129,56,255,77,130,57,255,76,130,57,255,75,129,56,255,77,130,57,255,75,129,56,255,75,129,56,255,75,129,56,255,79,134,60,255,80,135,60,255,79,134,60,255,76,130,57,255,76,130,57,255,76,130,57,255,75,129,56,255,76,130,57,255,77,131,58,255,76,130,57,255,75,129,56,255,75,129,56,255,75,129,56,255,75,129,56,255,77,131,57,255,80,135,60,255,79,134,60,255,80,135,60,255,80,135,60,255,76,130,56,255,75,129,56,255,70,125,53,255,77,130,57,255,77,131,57,255,77,131,57,255,76,130,56,255,76,130,56,255,75,129,56,255,75,129,56,255,76,130,57,255,76,130,57,255,80,135,60,255,80,135,60,255,74,129,56,255,79,135,60,255,77,131,58,255,80,135,60,255,82,136,60,255,77,130,57,255,77,130,57,255,75,129,56,255,76,130,57,255,76,130,56,255,77,130,57,255,71,126,54,255,75,129,56,255,75,129,56,255,81,136,60,255,72,128,55,255,79,134,59,255,81,136,60,255,76,130,57,255,77,130,57,255,77,131,58,255,76,130,56,255,77,131,58,255,75,129,56,255,75,129,56,255,75,129,56,255,77,130,57,255,76,130,56,255,79,134,60,255,79,134,60,255,80,135,60,255,80,135,60,255,80,135,60,255,79,134,60,255,77,131,58,255,76,130,56,255,77,130,57,255,79,134,60,255,75,130,56,255,79,134,59,255,81,136,60,255,79,134,60,255,79,134,60,255,78,134,59,255,81,136,60,255,78,134,59,255,80,135,60,255,80,135,60,255,78,134,59,255,78,134,59,255,81,135,60,255,80,135,60,255,79,134,60,255,79,134,60,255,79,134,60,255,79,134,60,255,79,134,60,255,80,135,60,255,79,135,60,255,78,134,59,255,79,134,59,255,80,135,60,255,79,134,60,255,79,134,59,255,80,135,60,255,78,134,59,255,80,135,60,255,80,135,60,255,79,134,60,255,78,134,59,255,79,134,60,255,78,134,59,255,79,134,60,255,80,135,60,255,79,134,60,255,80,135,60,255,80,135,60,255,79,134,60,255,72,129,56,255,80,135,60,255,79,134,59,255,80,135,60,255,80,135,60,255,79,134,59,255,81,136,60,255,78,134,59,255,78,134,59,255,79,134,60,255,80,135,60,255,79,134,60,255,79,134,60,255,80,135,60,255,79,135,60,255,80,135,60,255,79,134,60,255,80,135,60,255,79,134,60,255,79,134,60,255,81,136,60,255,75,129,56,255,77,131,58,255,75,129,56,255,80,135,60,255,75,129,56,255,75,129,56,255,82,136,61,255,76,130,57,255,77,131,58,255,77,130,57,255,81,135,60,255,75,129,56,255,76,130,57,255,76,130,56,255,81,136,60,255,79,134,60,255,83,136,61,255,82,136,61,255,81,135,60,255,80,135,60,255,80,135,60,255,81,135,60,255,82,136,61,255,82,136,61,255,81,135,60,255,80,135,60,255,82,135,60,255,80,135,60,255,82,136,61,255,81,135,60,255,82,136,61,255,83,136,61,255,82,136,61,255,82,136,61,255,83,137,61,255,83,137,61,255,83,136,61,255,84,137,61,255,84,137,61,255,82,136,60,255,82,136,61,255,82,135,60,255,84,137,62,255,81,135,60,255,84,137,61,255,82,136,61,255,85,138,62,255,83,136,61,255,85,138,62,255,81,134,59,255,63,126,57,255,83,136,61,255,83,136,61,255,79,132,58,255,63,125,56,255,83,136,61,255,78,132,58,255,81,133,59,255,64,126,57,255,85,137,62,255,85,137,62,255,81,133,59,255,63,126,57,255,67,128,59,255,97,147,67,255,91,141,64,255,92,142,64,255,66,127,58,255,91,141,63,255,92,142,64,255,91,141,63,255,76,134,62,255,89,140,63,255,92,142,64,255,90,140,63,255,79,134,60,255,89,140,63,255,90,141,63,255,92,142,64,255,97,146,67,255,89,140,63,255,89,140,63,255,89,141,63,255,92,142,64,255,89,139,63,255,89,139,63,255,86,136,61,255,89,139,63,255,91,141,63,255,88,139,63,255,84,135,60,255,89,140,63,255,89,141,63,255,97,147,67,255,85,135,60,255,84,134,59,255,88,139,63,255,88,139,63,255,89,140,63,255,86,136,61,255,87,139,62,255,88,139,63,255,89,140,63,255,85,135,60,255,89,140,63,255,88,139,63,255,87,138,62,255,85,135,60,255,88,139,63,255,87,139,62,255,87,139,63,255,87,138,62,255,86,138,62,255,80,134,59,255,86,138,62,255,88,140,63,255,87,139,62,255,93,144,66,255,87,139,62,255,87,138,62,255,87,138,62,255,85,137,61,255,85,137,62,255,88,139,63,255,86,138,62,255,87,139,62,255,86,138,62,255,86,138,62,255,84,137,61,255,79,131,58,255,83,136,61,255,84,137,61,255,80,133,58,255,81,133,59,255,77,131,57,255,78,132,58,255,80,132,58,255,86,138,62,255,84,137,61,255,86,138,62,255,79,132,58,255,84,137,61,255,83,136,61,255,84,137,61,255,83,136,61,255,84,137,61,255,83,136,61,255,84,137,61,255,83,136,61,255,83,136,61,255,83,137,61,255,84,137,61,255,84,137,61,255,82,136,61,255,83,137,61,255,84,137,62,255,84,137,61,255,82,135,60,255,82,135,60,255,83,137,61,255,82,136,60,255,82,136,61,255,82,136,60,255,83,137,61,255,82,136,61,255,82,136,61,255,82,136,61,255,83,136,61,255,80,135,60,255,82,136,61,255,74,129,56,255,83,136,61,255,82,136,61,255,82,136,61,255,82,136,61,255,81,135,60,255,82,136,61,255,75,129,56,255,77,130,57,255,81,135,60,255,79,134,60,255,77,131,58,255,75,129,56,255,74,129,56,255,75,129,56,255,77,131,57,255,76,130,57,255,81,136,60,255,77,130,57,255,76,130,56,255,75,129,56,255,77,130,57,255,75,129,56,255,77,131,57,255,80,135,60,255,76,130,56,255,75,129,56,255,80,135,60,255,80,135,60,255,76,130,56,255,80,135,60,255,80,135,60,255,80,135,60,255,76,130,56,255,78,134,59,255,80,135,60,255,79,134,60,255,79,134,59,255,79,134,60,255,80,135,60,255,79,134,60,255,78,134,59,255,80,135,60,255,78,134,59,255,79,134,60,255,78,134,59,255,80,135,60,255,79,134,60,255,78,134,59,255,78,134,59,255,78,134,59,255,79,134,60,255,78,134,59,255,79,134,60,255,78,134,59,255,78,134,59,255,78,134,59,255,80,135,60,255,80,135,60,255,79,134,60,255,79,134,60,255,78,134,59,255,78,134,59,255,79,135,60,255,79,134,60,255,78,134,59,255,72,129,56,255,78,133,59,255,78,134,59,255,78,134,59,255,79,134,60,255,78,134,59,255,78,134,59,255,78,134,59,255,80,135,60,255,78,134,59,255,78,133,59,255,80,135,60,255,80,135,60,255,78,134,59,255,79,134,60,255,78,134,59,255,78,134,59,255,79,135,60,255,79,135,60,255,79,134,60,255,80,135,60,255,80,135,60,255,79,134,60,255,78,134,59,255,79,135,60,255,80,135,60,255,78,134,59,255,78,134,59,255,78,134,59,255,77,133,59,255,79,135,60,255,77,133,59,255,79,135,60,255,78,133,59,255,78,134,59,255,78,134,59,255,79,134,60,255,80,135,60,255,80,135,60,255,80,135,60,255,79,135,60,255,78,134,59,255,78,134,59,255,78,133,59,255,78,134,59,255,79,135,60,255,80,135,60,255,79,134,60,255,79,134,60,255,78,134,59,255,77,133,59,255,80,135,60,255,79,134,59,255,78,134,59,255,80,135,60,255,80,135,60,255,71,128,55,255,79,135,60,255,78,134,59,255,78,134,59,255,78,134,59,255,78,133,59,255,72,128,55,255,79,135,60,255,77,133,59,255,79,134,60,255,78,134,59,255,80,135,60,255,78,134,59,255,80,135,60,255,78,134,59,255,78,133,59,255,79,134,60,255,79,134,59,255,79,134,60,255,78,133,59,255,79,135,60,255,72,129,56,255,79,134,60,255,79,135,60,255,78,133,59,255,79,134,60,255,78,133,59,255,78,134,59,255,78,134,59,255,78,134,59,255,78,133,59,255,78,134,59,255,78,134,59,255,78,134,59,255,79,135,60,255,78,133,59,255,80,135,60,255,80,135,60,255,79,135,60,255,79,134,60,255,80,135,60,255,79,134,60,255,78,134,59,255,79,134,59,255,78,134,59,255,78,134,59,255,79,134,59,255,79,134,59,255,80,135,60,255,80,135,60,255,79,134,60,255,80,135,60,255,79,134,59,255,80,135,60,255,80,135,60,255,79,134,60,255,81,136,60,255,80,135,60,255,76,130,57,255,76,130,56,255,76,130,56,255,75,129,56,255,82,136,60,255,77,130,57,255,76,130,57,255,77,130,57,255,80,135,60,255,76,130,56,255,76,130,57,255,76,130,57,255,82,136,60,255,77,130,57,255,75,129,56,255,80,135,60,255,82,136,61,255,80,134,60,255,80,135,60,255,82,135,60,255,82,135,60,255,82,136,61,255,83,136,61,255,81,135,60,255,83,136,61,255,81,135,60,255,82,136,61,255,81,135,60,255,82,135,60,255,80,135,60,255,82,136,60,255,83,136,61,255,81,135,60,255,81,135,60,255,84,137,61,255,84,137,61,255,84,137,61,255,82,136,61,255,82,136,61,255,84,137,62,255,83,136,61,255,83,136,61,255,83,137,61,255,83,137,61,255,84,137,62,255,84,137,61,255,82,136,60,255,83,137,61,255,84,137,61,255,83,136,61,255,84,137,61,255,80,133,58,255,63,125,57,255,84,137,61,255,83,136,61,255,80,133,58,255,63,125,56,255,84,137,61,255,85,137,62,255,81,133,59,255,63,125,57,255,84,137,61,255,75,128,55,255,79,131,58,255,63,125,57,255,80,143,74,255,52,116,52,255,76,134,62,255,85,139,64,255,51,116,52,255,84,138,63,255,92,142,64,255,91,141,64,255,75,133,61,255,90,140,63,255,89,139,63,255,91,141,64,255,85,139,64,255,90,141,63,255,90,141,63,255,89,140,63,255,91,141,64,255,91,142,64,255,89,140,63,255,89,140,63,255,91,142,64,255,92,142,64,255,91,141,64,255,89,140,63,255,91,142,64,255,91,141,64,255,89,140,63,255,89,139,63,255,89,140,63,255,84,136,60,255,89,139,63,255,89,140,63,255,90,141,63,255,89,139,63,255,90,141,63,255,85,135,60,255,97,146,67,255,89,139,63,255,89,139,63,255,86,136,60,255,90,141,63,255,89,140,63,255,78,129,56,255,85,135,60,255,89,140,63,255,89,139,63,255,84,134,59,255,92,141,63,255,84,134,60,255,88,139,63,255,87,139,62,255,95,146,66,255,87,138,62,255,88,140,63,255,81,134,59,255,88,139,63,255,88,139,62,255,88,139,62,255,86,138,62,255,86,138,62,255,88,139,63,255,88,139,63,255,87,139,63,255,87,138,62,255,87,139,62,255,87,138,62,255,85,138,62,255,86,139,62,255,86,138,62,255,86,138,62,255,85,138,62,255,85,138,62,255,86,138,62,255,86,138,62,255,86,139,62,255,86,138,62,255,87,138,62,255,86,138,62,255,85,137,61,255,86,138,62,255,86,138,62,255,79,131,58,255,84,137,61,255,82,136,61,255,80,132,58,255,79,131,58,255,84,137,61,255,78,132,58,255,82,134,59,255,83,136,61,255,84,137,61,255,82,136,61,255,80,133,59,255,84,137,61,255,85,138,62,255,83,136,61,255,84,137,61,255,84,137,61,255,82,136,61,255,83,136,61,255,84,137,61,255,82,136,61,255,81,135,60,255,82,136,61,255,83,137,61,255,83,137,61,255,82,136,61,255,82,136,61,255,82,136,61,255,83,136,61,255,81,135,60,255,83,137,61,255,83,137,61,255,80,135,60,255,80,135,60,255,80,135,60,255,81,135,60,255,82,136,61,255,82,136,61,255,82,136,61,255,80,135,60,255,80,135,60,255,81,135,60,255,80,135,60,255,80,135,60,255,82,136,61,255,82,136,61,255,80,135,60,255,82,136,60,255,76,130,56,255,77,131,57,255,75,129,56,255,77,131,58,255,77,130,57,255,77,131,57,255,75,129,56,255,76,130,57,255,75,129,56,255,75,129,56,255,81,136,60,255,69,125,53,255,76,130,56,255,77,131,58,255,79,134,59,255,80,135,60,255,80,135,60,255,79,135,60,255,80,135,60,255,79,135,60,255,80,135,60,255,80,135,60,255,78,133,59,255,81,136,60,255,78,134,59,255,78,134,59,255,79,134,60,255,79,134,59,255,78,134,59,255,78,134,59,255,80,135,60,255,78,134,59,255,78,133,59,255,78,133,59,255,80,135,60,255,79,134,60,255,80,135,60,255,79,134,60,255,78,134,59,255,79,134,60,255,78,134,59,255,79,135,60,255,79,134,60,255,79,135,60,255,80,135,60,255,79,134,60,255,79,135,60,255,80,135,60,255,79,135,60,255,78,134,59,255,78,133,59,255,79,134,60,255,78,134,59,255,77,133,59,255,79,134,60,255,78,133,59,255,79,135,60,255,79,134,60,255,77,133,59,255,78,134,59,255,79,134,60,255,77,133,59,255,79,135,60,255,79,135,60,255,77,133,59,255,77,133,59,255,79,135,60,255,78,134,59,255,79,135,60,255,78,134,59,255,78,134,60,255,79,135,60,255,77,133,59,255,79,135,60,255,79,134,60,255,78,134,59,255,78,134,59,255,77,133,59,255,77,133,59,255,79,134,60,255,77,133,59,255,78,134,59,255,77,133,59,255,77,133,59,255,77,133,59,255,79,135,60,255,78,134,59,255,78,134,59,255,79,134,60,255,78,134,59,255,78,133,59,255,77,133,59,255,78,134,60,255,78,134,60,255,77,133,59,255,79,135,60,255,78,134,59,255,79,135,60,255,79,134,60,255,79,134,60,255,78,134,60,255,77,133,59,255,77,133,59,255,78,134,59,255,77,133,59,255,79,134,60,255,77,133,59,255,79,134,60,255,79,135,60,255,77,133,59,255,77,133,59,255,77,133,59,255,77,133,59,255,78,134,59,255,79,134,60,255,77,133,59,255,77,133,59,255,78,134,59,255,77,133,59,255,77,133,59,255,77,133,59,255,77,133,59,255,79,135,60,255,72,128,55,255,78,134,59,255,77,133,59,255,77,133,59,255,78,134,59,255,79,134,60,255,79,135,60,255,78,134,59,255,78,134,59,255,79,134,60,255,80,135,60,255,78,134,59,255,79,134,60,255,77,133,59,255,72,128,55,255,78,133,59,255,79,135,60,255,79,135,60,255,79,134,60,255,79,135,60,255,79,134,60,255,78,134,59,255,78,134,59,255,79,134,59,255,78,134,59,255,78,134,59,255,80,135,60,255,79,134,60,255,78,134,59,255,80,135,60,255,79,134,59,255,80,135,60,255,79,134,60,255,79,134,60,255,79,134,60,255,79,134,59,255,79,134,60,255,80,135,60,255,80,135,60,255,76,130,57,255,80,135,60,255,78,134,59,255,81,136,60,255,76,130,57,255,78,134,59,255,78,134,59,255,76,130,57,255,76,130,57,255,80,135,60,255,80,135,60,255,75,129,56,255,77,131,57,255,76,130,56,255,77,131,58,255,82,136,61,255,81,136,60,255,75,129,56,255,77,131,57,255,80,135,60,255,81,135,60,255,76,130,56,255,80,135,60,255,81,135,60,255,80,134,60,255,76,130,56,255,81,136,60,255,82,136,61,255,80,135,60,255,80,135,60,255,81,135,60,255,81,135,60,255,81,135,60,255,81,135,60,255,83,137,61,255,81,135,60,255,81,135,60,255,81,135,60,255,81,135,60,255,82,136,61,255,83,137,61,255,80,135,60,255,83,136,61,255,82,136,61,255,83,136,61,255,83,136,61,255,83,137,61,255,76,131,57,255,83,137,61,255,83,136,61,255,83,136,61,255,83,136,61,255,84,137,61,255,84,137,61,255,82,136,61,255,76,131,57,255,83,136,61,255,83,136,61,255,84,137,61,255,84,137,61,255,85,137,62,255,84,137,61,255,79,131,58,255,82,134,59,255,64,126,58,255,84,137,61,255,80,133,59,255,80,133,58,255,64,126,58,255,84,137,61,255,79,131,58,255,85,138,62,255,64,126,58,255,80,133,58,255,81,133,59,255,85,137,62,255,65,126,58,255,80,143,74,255,52,117,52,255,67,128,58,255,67,128,58,255,51,116,51,255,79,133,60,255,85,135,60,255,89,141,63,255,70,128,58,255,84,134,60,255,84,135,60,255,84,135,60,255,80,134,60,255,85,136,60,255,85,136,60,255,85,136,60,255,67,128,59,255,66,127,58,255,76,134,62,255,85,139,64,255,89,139,63,255,97,146,67,255,88,139,63,255,91,141,64,255,88,139,63,255,90,141,63,255,88,139,63,255,90,141,63,255,85,135,60,255,91,141,64,255,89,139,63,255,89,139,63,255,91,141,64,255,98,147,67,255,89,139,63,255,91,141,64,255,89,139,63,255,91,142,64,255,90,141,63,255,91,141,63,255,88,139,63,255,97,146,67,255,91,141,63,255,89,140,63,255,89,139,63,255,89,140,63,255,89,140,63,255,90,141,63,255,91,141,64,255,90,141,63,255,91,142,64,255,89,140,63,255,91,141,63,255,91,141,64,255,89,139,63,255,89,140,63,255,91,141,64,255,89,140,63,255,89,140,63,255,91,141,64,255,82,134,59,255,89,140,63,255,89,140,63,255,89,140,63,255,90,141,63,255,89,139,63,255,86,136,61,255,85,136,60,255,88,139,63,255,91,140,63,255,85,135,60,255,89,140,63,255,95,145,66,255,86,136,61,255,84,135,60,255,89,141,63,255,85,136,60,255,78,129,56,255,83,134,59,255,81,133,59,255,87,139,62,255,88,139,63,255,88,140,63,255,87,139,62,255,87,139,62,255,88,139,63,255,95,146,66,255,86,138,62,255,89,140,63,255,86,138,62,255,87,139,63,255,87,139,62,255,89,140,63,255,88,139,63,255,94,145,66,255,86,138,62,255,87,139,63,255,86,138,62,255,86,138,62,255,85,137,61,255,86,138,62,255,86,138,62,255,86,138,62,255,84,137,61,255,85,137,62,255,87,139,62,255,86,138,62,255,80,133,59,255,86,138,62,255,85,137,61,255,86,138,62,255,81,133,59,255,80,133,59,255,83,136,61,255,83,136,61,255,84,137,61,255,79,131,58,255,84,137,61,255,83,136,61,255,83,136,61,255,80,133,58,255,85,138,62,255,84,137,61,255,84,137,61,255,81,134,59,255,85,138,62,255,83,136,61,255,82,135,60,255,84,137,61,255,81,135,60,255,82,136,61,255,82,136,60,255,82,136,60,255,83,136,61,255,76,131,57,255,81,135,60,255,83,136,61,255,81,135,60,255,76,131,57,255,82,136,61,255,83,137,61,255,83,136,61,255,83,137,61,255,82,135,60,255,82,136,61,255,82,136,61,255,80,135,60,255,80,135,60,255,82,136,61,255,80,135,60,255,80,135,60,255,77,130,57,255,81,135,60,255,80,134,60,255,82,136,61,255,77,131,58,255,80,135,60,255,80,135,60,255,82,136,61,255,76,130,57,255,77,131,58,255,76,130,57,255,75,129,56,255,80,135,60,255,77,131,58,255,76,130,56,255,75,129,56,255,78,134,59,255,76,130,56,255,75,129,56,255,76,130,57,255,79,134,60,255,76,130,57,255,76,130,56,255,77,131,57,255,80,135,60,255,80,135,60,255,80,135,60,255,80,135,60,255,79,135,60,255,79,135,60,255,80,135,60,255,72,128,55,255,79,134,60,255,79,134,60,255,79,134,60,255,79,134,60,255,79,134,60,255,79,134,60,255,79,134,59,255,79,134,60,255,78,133,59,255,79,134,60,255,72,129,56,255,78,134,60,255,78,134,59,255,79,134,60,255,79,134,60,255,78,133,59,255,77,133,59,255,78,134,59,255,80,135,60,255,77,133,59,255,78,134,59,255,79,134,60,255,78,133,59,255,80,135,60,255,79,135,60,255,79,135,60,255,78,134,59,255,78,134,59,255,78,134,60,255,78,134,59,255,77,133,59,255,77,133,59,255,77,133,59,255,78,134,59,255,79,134,60,255,79,135,60,255,79,134,60,255,77,133,59,255,79,134,60,255,79,135,60,255,78,134,59,255,79,134,60,255,78,134,59,255,79,134,60,255,77,133,59,255,79,134,60,255,77,133,59,255,76,132,59,255,77,133,59,255,77,133,59,255,77,133,59,255,76,133,59,255,76,133,59,255,79,135,60,255,76,133,59,255,78,134,59,255,77,133,59,255,78,134,60,255,78,134,60,255,77,133,59,255,78,134,60,255,77,133,59,255,77,133,59,255,77,133,59,255,78,134,59,255,78,134,59,255,77,133,59,255,77,133,59,255,77,133,59,255,77,133,59,255,78,134,59,255,76,133,59,255,78,134,60,255,77,133,59,255,79,134,60,255,79,134,60,255,77,133,59,255,76,133,59,255,78,134,60,255,77,133,59,255,78,134,60,255,76,133,59,255,78,134,59,255,78,134,59,255,78,134,59,255,77,133,59,255,77,133,59,255,78,134,60,255,77,133,59,255,78,134,59,255,79,134,60,255,79,134,60,255,77,133,59,255,77,133,59,255,78,134,59,255,79,134,60,255,77,133,59,255,79,134,60,255,78,134,59,255,78,133,59,255,79,135,60,255,78,134,59,255,77,133,59,255,78,134,59,255,78,134,59,255,77,133,59,255,79,135,60,255,78,134,59,255,79,134,60,255,79,134,60,255,78,134,59,255,80,135,60,255,80,135,60,255,79,134,60,255,79,134,60,255,78,133,59,255,79,134,60,255,79,134,60,255,79,134,60,255,78,133,59,255,79,134,60,255,78,134,59,255,79,135,60,255,78,134,59,255,79,134,60,255,78,134,59,255,80,135,60,255,80,135,60,255,81,136,60,255,80,135,60,255,80,135,60,255,79,135,60,255,79,134,60,255,79,134,60,255,79,134,59,255,79,135,60,255,77,131,57,255,79,134,59,255,75,129,56,255,75,129,56,255,76,129,56,255,80,135,60,255,75,129,56,255,76,130,56,255,77,131,57,255,77,130,57,255,77,131,57,255,77,131,58,255,81,136,60,255,69,124,53,255,76,130,56,255,82,136,61,255,82,136,61,255,80,135,60,255,81,135,60,255,82,136,61,255,80,135,60,255,80,135,60,255,81,135,60,255,80,135,60,255,81,135,60,255,75,130,57,255,80,135,60,255,83,137,61,255,83,136,61,255,82,136,61,255,81,135,60,255,83,136,61,255,81,135,60,255,82,136,61,255,83,136,61,255,84,137,61,255,82,136,61,255,82,135,60,255,81,135,60,255,83,137,61,255,83,137,61,255,83,137,61,255,83,136,61,255,82,136,60,255,83,137,61,255,82,136,60,255,82,136,61,255,82,136,61,255,84,137,62,255,83,136,61,255,85,137,62,255,84,137,61,255,83,136,61,255,84,137,61,255,84,137,61,255,84,137,61,255,83,136,61,255,83,136,61,255,85,137,62,255,83,136,61,255,81,133,59,255,84,137,61,255,84,137,61,255,85,138,62,255,82,134,59,255,79,131,58,255,80,132,58,255,85,138,62,255,63,125,57,255,82,134,59,255,85,137,61,255,84,137,61,255,64,126,57,255,80,132,58,255,86,138,62,255,87,139,62,255,64,126,57,255,81,133,59,255,84,137,61,255,85,138,62,255,65,126,58,255,79,143,73,255,52,116,52,255,65,126,57,255,64,126,57,255,51,116,51,255,82,137,62,255,87,139,62,255,88,139,63,255,73,132,61,255,87,139,62,255,88,140,63,255,87,138,62,255,83,137,63,255,88,139,63,255,87,138,62,255,95,146,66,255,65,126,58,255,66,127,58,255,75,133,61,255,83,137,63,255,89,140,63,255,89,140,63,255,87,139,62,255,88,139,63,255,87,139,62,255,88,139,63,255,88,140,63,255,89,141,63,255,88,139,63,255,88,140,63,255,88,139,63,255,88,139,63,255,88,139,63,255,85,135,60,255,86,136,60,255,85,135,60,255,88,139,63,255,89,141,63,255,84,135,60,255,85,136,60,255,87,139,62,255,89,141,63,255,89,140,63,255,84,135,60,255,88,139,63,255,89,141,63,255,88,139,63,255,88,139,62,255,84,135,60,255,84,135,60,255,90,141,63,255,88,139,63,255,85,135,60,255,85,135,60,255,86,136,60,255,86,136,60,255,85,135,60,255,85,136,60,255,84,135,60,255,84,134,60,255,86,136,60,255,83,134,59,255,85,135,60,255,85,135,60,255,89,140,63,255,88,139,63,255,90,141,63,255,90,141,63,255,88,139,63,255,89,140,63,255,89,139,63,255,89,140,63,255,85,135,60,255,85,135,60,255,88,139,63,255,88,139,63,255,85,135,60,255,84,134,60,255,86,136,61,255,86,136,60,255,91,141,64,255,91,141,64,255,88,139,63,255,84,135,60,255,89,140,63,255,89,140,63,255,90,141,63,255,85,135,60,255,86,136,61,255,86,136,60,255,86,136,60,255,84,134,60,255,86,136,60,255,85,135,60,255,85,136,59,255,85,136,60,255,86,136,60,255,84,135,60,255,89,141,63,255,87,138,62,255,91,140,62,255,84,134,59,255,88,139,63,255,87,138,62,255,86,136,60,255,89,141,63,255,87,139,62,255,87,139,62,255,84,135,60,255,89,140,63,255,89,140,63,255,87,138,62,255,87,138,62,255,89,140,63,255,88,140,63,255,86,138,62,255,86,138,62,255,87,139,62,255,87,139,62,255,80,134,59,255,87,138,62,255,87,139,63,255,87,138,62,255,86,138,62,255,86,138,62,255,87,139,62,255,88,139,63,255,86,138,62,255,87,139,62,255,85,137,61,255,84,137,61,255,79,131,58,255,87,139,62,255,78,131,58,255,86,138,62,255,79,132,58,255,85,138,62,255,87,139,62,255,84,137,61,255,80,132,58,255,85,137,61,255,86,138,62,255,86,138,62,255,79,132,58,255,84,137,61,255,85,138,62,255,84,137,62,255,83,136,61,255,83,136,61,255,83,136,61,255,83,136,61,255,83,136,61,255,84,137,61,255,83,136,61,255,85,137,62,255,83,136,61,255,84,137,61,255,85,137,62,255,83,136,61,255,84,137,61,255,82,135,60,255,82,136,61,255,82,136,60,255,80,135,60,255,83,137,61,255,81,135,60,255,82,136,61,255,82,136,61,255,82,136,61,255,82,136,61,255,80,135,60,255,82,136,61,255,82,135,60,255,84,137,61,255,81,135,60,255,81,135,60,255,82,136,61,255,80,135,60,255,81,135,60,255,81,135,60,255,82,136,61,255,82,136,61,255,82,136,61,255,80,135,60,255,83,136,61,255,82,136,61,255,80,134,60,255,80,135,60,255,81,135,60,255,81,135,60,255,82,136,61,255,82,136,61,255,75,129,56,255,75,129,56,255,77,131,57,255,80,135,60,255,77,131,58,255,71,126,54,255,77,130,57,255,76,130,56,255,75,129,56,255,77,131,57,255,76,130,56,255,77,131,57,255,82,136,61,255,77,131,58,255,76,130,56,255,75,129,56,255,79,134,60,255,80,135,60,255,79,134,60,255,79,135,60,255,79,134,60,255,79,134,60,255,80,135,60,255,79,134,59,255,79,134,60,255,80,135,60,255,79,134,60,255,79,134,60,255,76,130,56,255,76,130,57,255,80,135,60,255,79,134,60,255,79,135,60,255,78,134,59,255,73,129,56,255,79,134,60,255,79,134,60,255,80,135,60,255,78,134,59,255,77,133,59,255,79,134,59,255,80,135,60,255,78,134,59,255,78,134,59,255,78,134,59,255,80,135,60,255,78,134,59,255,79,134,60,255,78,134,59,255,77,133,59,255,78,134,59,255,79,134,60,255,78,133,59,255,72,128,55,255,79,134,60,255,77,133,59,255,78,134,59,255,78,134,60,255,79,134,60,255,77,133,59,255,80,135,60,255,79,135,60,255,78,133,59,255,78,133,59,255,79,135,60,255,77,133,59,255,78,134,60,255,77,133,59,255,77,133,59,255,78,133,59,255,77,133,59,255,77,133,59,255,78,134,59,255,78,134,60,255,77,133,59,255,78,134,59,255,79,135,60,255,77,133,59,255,78,134,59,255,78,134,59,255,77,133,59,255,77,133,59,255,77,133,59,255,79,134,60,255,76,133,59,255,77,133,59,255,77,133,59,255,77,133,59,255,77,133,59,255,78,134,59,255,78,133,59,255,77,133,59,255,72,129,56,255,78,134,59,255,79,134,60,255,79,135,60,255,78,134,59,255,79,134,60,255,77,133,59,255,78,133,59,255,70,127,55,255,78,134,59,255,78,134,60,255,77,133,59,255,77,133,59,255,79,134,60,255,77,133,59,255,78,133,59,255,79,135,60,255,79,134,60,255,78,134,59,255,78,134,59,255,79,134,60,255,78,134,59,255,77,133,59,255,78,134,59,255,78,134,59,255,78,134,59,255,79,135,60,255,80,135,60,255,79,134,60,255,77,133,59,255,78,133,59,255,79,135,60,255,78,133,59,255,78,133,59,255,79,134,60,255,79,134,59,255,77,133,59,255,80,135,60,255,79,134,60,255,79,134,60,255,78,134,59,255,80,135,60,255,78,134,59,255,79,134,60,255,80,135,60,255,78,134,59,255,80,135,60,255,79,134,60,255,79,134,59,255,79,134,60,255,80,135,60,255,80,135,60,255,80,135,60,255,79,135,60,255,79,134,60,255,76,130,57,255,79,134,59,255,79,134,60,255,76,130,57,255,75,129,56,255,80,135,60,255,75,129,56,255,76,130,56,255,76,130,56,255,76,130,56,255,77,131,58,255,77,131,58,255,81,135,60,255,77,131,57,255,82,136,61,255,82,136,61,255,81,135,60,255,76,130,56,255,81,135,60,255,81,136,60,255,81,135,60,255,81,135,60,255,82,136,60,255,81,135,60,255,82,136,61,255,82,136,61,255,82,136,61,255,83,136,61,255,82,135,60,255,80,135,60,255,80,135,60,255,83,137,61,255,82,136,61,255,82,136,61,255,81,135,60,255,82,135,60,255,83,136,61,255,83,136,61,255,83,136,61,255,81,135,60,255,82,136,61,255,82,136,61,255,82,135,60,255,83,136,61,255,83,136,61,255,83,136,61,255,82,135,60,255,84,137,61,255,84,137,61,255,83,136,61,255,82,135,60,255,83,136,61,255,82,136,61,255,83,137,61,255,84,137,61,255,82,136,61,255,84,137,61,255,84,137,61,255,83,136,61,255,84,137,61,255,84,137,61,255,85,138,62,255,84,137,61,255,83,136,61,255,80,133,59,255,84,137,61,255,84,137,61,255,81,133,59,255,82,134,59,255,85,138,62,255,85,137,61,255,81,133,59,255,84,137,61,255,84,137,61,255,80,133,59,255,80,133,59,255,86,138,62,255,85,137,61,255,86,138,62,255,87,139,62,255,64,126,57,255,86,138,62,255,86,138,62,255,87,139,62,255,65,126,58,255,86,138,62,255,86,139,62,255,81,136,62,255,50,115,51,255,80,136,62,255,72,131,60,255,51,116,52,255,78,142,73,255,79,142,73,255,51,116,51,255,65,126,58,255,66,127,58,255,51,116,51,255,84,138,63,255,87,139,63,255,86,138,62,255,72,132,61,255,88,140,63,255,88,139,63,255,88,139,63,255,83,137,63,255,80,133,59,255,86,138,62,255,87,139,62,255,64,126,57,255,65,127,58,255,74,133,61,255,82,137,62,255,86,138,62,255,87,139,62,255,87,138,62,255,87,139,62,255,86,138,62,255,88,140,63,255,87,139,62,255,88,140,63,255,81,134,59,255,87,138,62,255,88,140,63,255,88,139,63,255,88,139,63,255,88,139,63,255,88,139,63,255,88,140,63,255,80,133,59,255,88,140,63,255,88,139,63,255,87,139,62,255,88,140,63,255,86,138,62,255,87,138,62,255,87,139,62,255,80,133,59,255,86,138,62,255,87,139,62,255,88,139,63,255,87,138,62,255,88,139,63,255,88,139,63,255,94,144,66,255,87,139,62,255,87,138,62,255,88,140,63,255,89,141,63,255,89,140,63,255,93,144,66,255,87,138,62,255,89,140,63,255,94,145,66,255,87,138,62,255,88,139,63,255,87,139,62,255,88,139,63,255,87,138,62,255,87,138,62,255,89,141,63,255,87,139,62,255,89,140,63,255,88,139,63,255,88,139,63,255,87,139,62,255,89,140,63,255,88,139,63,255,88,139,63,255,87,139,62,255,88,140,63,255,94,144,66,255,88,140,63,255,89,140,63,255,84,135,60,255,84,134,59,255,84,134,59,255,96,146,67,255,88,139,63,255,87,139,62,255,83,134,59,255,89,140,63,255,89,141,63,255,89,140,63,255,89,140,63,255,87,138,62,255,88,139,63,255,87,139,62,255,88,139,63,255,86,136,60,255,86,136,60,255,85,136,60,255,86,136,60,255,85,136,60,255,85,135,60,255,86,136,60,255,86,136,60,255,88,139,63,255,85,135,60,255,84,135,60,255,83,134,59,255,96,146,67,255,87,138,62,255,88,139,63,255,87,139,62,255,85,135,60,255,84,134,59,255,85,135,60,255,85,135,60,255,85,135,60,255,86,136,60,255,84,134,59,255,87,139,62,255,84,134,59,255,83,134,59,255,88,139,63,255,88,139,63,255,88,139,63,255,88,139,63,255,88,139,63,255,89,141,63,255,89,141,63,255,88,139,63,255,88,139,63,255,88,139,63,255,89,140,63,255,89,141,63,255,88,139,63,255,86,138,62,255,89,141,63,255,87,138,62,255,89,140,63,255,88,140,63,255,88,139,63,255,87,139,62,255,88,139,63,255,86,138,62,255,86,138,62,255,88,140,63,255,86,138,62,255,87,139,62,255,87,139,62,255,88,139,63,255,87,139,62,255,85,138,62,255,88,139,63,255,86,138,62,255,88,139,63,255,87,139,62,255,87,139,62,255,86,138,62,255,86,138,62,255,86,138,62,255,87,139,62,255,87,139,62,255,86,138,62,255,80,133,59,255,86,138,62,255,86,138,62,255,81,133,59,255,81,133,59,255,85,138,62,255,85,138,62,255,80,133,58,255,79,131,58,255,85,137,61,255,85,137,62,255,80,132,58,255,82,134,59,255,84,137,61,255,83,136,61,255,83,136,61,255,82,136,61,255,84,137,61,255,83,136,61,255,84,137,61,255,82,136,61,255,83,136,61,255,83,136,61,255,84,137,61,255,84,137,61,255,85,137,61,255,84,137,61,255,82,136,61,255,83,137,61,255,83,136,61,255,82,136,61,255,82,136,61,255,83,136,61,255,84,137,61,255,82,136,61,255,83,137,61,255,82,136,61,255,84,137,61,255,84,137,61,255,83,136,61,255,82,135,60,255,82,136,61,255,83,136,61,255,81,135,60,255,82,136,61,255,76,130,57,255,81,135,60,255,81,135,60,255,82,136,61,255,81,135,60,255,81,135,60,255,80,135,60,255,83,136,61,255,81,135,60,255,82,136,61,255,82,136,60,255,80,135,60,255,81,135,60,255,80,135,60,255,81,135,60,255,80,135,60,255,82,136,60,255,81,135,60,255,80,135,60,255,77,131,58,255,81,135,60,255,82,136,61,255,82,136,61,255,80,135,60,255,83,136,61,255,82,136,61,255,81,135,60,255,80,135,60,255,82,136,61,255,82,136,61,255,83,136,61,255,80,135,60,255,76,130,56,255,76,130,56,255,76,130,56,255,79,134,60,255,77,131,58,255,75,129,56,255,77,130,57,255,77,131,58,255,79,134,60,255,74,129,56,255,76,130,56,255,75,129,56,255,82,136,60,255,80,135,60,255,80,134,60,255,80,135,60,255,79,135,60,255,78,134,59,255,79,134,60,255,78,134,59,255,77,131,58,255,79,134,60,255,79,135,60,255,78,134,59,255,77,131,57,255,77,130,57,255,76,130,57,255,77,131,57,255,82,136,61,255,76,130,57,255,75,129,56,255,75,129,56,255,80,135,60,255,79,134,60,255,79,134,60,255,78,133,59,255,81,136,60,255,78,134,59,255,78,134,59,255,78,134,59,255,80,135,60,255,80,135,60,255,80,135,60,255,79,135,60,255,75,129,56,255,76,130,57,255,75,129,56,255,77,130,57,255,78,134,59,255,80,135,60,255,79,135,60,255,79,134,60,255,80,135,60,255,79,134,59,255,80,135,60,255,79,134,60,255,79,134,59,255,79,134,59,255,80,135,60,255,79,135,60,255,75,129,56,255,76,130,57,255,75,129,56,255,79,134,60,255,79,134,60,255,78,134,59,255,78,133,59,255,78,134,59,255,79,134,60,255,79,134,59,255,80,135,60,255,78,133,59,255,79,134,60,255,80,135,60,255,80,135,60,255,78,134,59,255,80,135,60,255,80,135,60,255,81,136,60,255,79,134,60,255,80,135,60,255,79,134,59,255,78,134,59,255,80,135,60,255,78,134,59,255,80,135,60,255,80,135,60,255,72,129,56,255,80,135,60,255,79,134,60,255,79,134,59,255,79,134,59,255,76,130,57,255,75,129,56,255,75,129,56,255,77,131,57,255,79,134,60,255,80,135,60,255,80,135,60,255,79,135,60,255,80,135,60,255,80,135,60,255,80,135,60,255,79,134,60,255,80,135,60,255,78,134,59,255,77,131,57,255,75,129,56,255,77,131,58,255,75,129,56,255,76,130,57,255,82,136,60,255,80,135,60,255,80,135,60,255,75,129,56,255,76,130,57,255,76,130,57,255,76,130,57,255,77,131,57,255,76,130,57,255,77,131,57,255,77,130,57,255,80,135,60,255,80,135,60,255,82,136,61,255,82,136,61,255,80,135,60,255,80,135,60,255,76,130,56,255,79,134,60,255,81,135,60,255,81,135,60,255,82,136,61,255,82,136,61,255,83,136,61,255,74,129,56,255,82,136,61,255,81,135,60,255,82,136,61,255,81,135,60,255,82,136,61,255,82,135,60,255,82,136,60,255,82,136,61,255,81,135,60,255,80,135,60,255,83,136,61,255,83,137,61,255,82,136,60,255,80,135,60,255,83,136,61,255,83,136,61,255,82,136,61,255,83,136,61,255,83,137,61,255,83,136,61,255,83,136,61,255,83,136,61,255,84,137,61,255,83,136,61,255,82,136,61,255,83,136,61,255,84,137,61,255,82,136,60,255,83,136,61,255,82,136,61,255,83,136,61,255,84,137,61,255,84,137,61,255,83,137,61,255,84,137,61,255,83,136,61,255,84,137,61,255,83,136,61,255,83,136,61,255,84,137,61,255,83,136,61,255,85,138,62,255,83,136,61,255,84,137,61,255,83,136,61,255,83,136,61,255,83,136,61,255,83,136,61,255,85,138,62,255,84,137,61,255,85,138,62,255,79,131,58,255,83,136,61,255,85,138,62,255,80,133,59,255,82,134,59,255,79,131,58,255,80,133,59,255,86,138,62,255,82,137,63,255,81,133,59,255,80,133,58,255,85,138,62,255,72,131,60,255,80,133,58,255,85,138,62,255,85,137,61,255,63,125,57,255,86,139,62,255,85,138,62,255,85,137,62,255,64,126,57,255,78,142,73,255,50,116,51,255,63,125,57,255,63,125,57,255,51,116,51,255,80,136,62,255,87,139,62,255,87,139,62,255,73,133,61,255,87,139,62,255,86,138,62,255,86,138,62,255,82,137,63,255,87,139,63,255,86,138,62,255,86,138,62,255,65,127,58,255,65,126,58,255,73,132,61,255,83,137,63,255,87,139,63,255,86,138,62,255,88,139,63,255,87,138,62,255,86,138,62,255,95,146,66,255,88,140,63,255,86,138,62,255,86,138,62,255,95,145,66,255,86,138,62,255,86,138,62,255,86,138,62,255,88,140,63,255,88,140,63,255,88,139,63,255,88,140,63,255,95,145,66,255,86,138,62,255,88,139,63,255,87,139,62,255,88,139,63,255,89,140,63,255,88,140,63,255,86,138,62,255,87,139,62,255,88,139,63,255,87,139,62,255,88,139,63,255,87,139,63,255,86,138,62,255,86,138,62,255,86,138,62,255,87,139,62,255,87,138,62,255,88,139,63,255,94,145,66,255,87,138,62,255,89,140,63,255,87,139,62,255,88,140,63,255,88,139,63,255,87,138,62,255,87,139,62,255,87,139,62,255,88,139,63,255,88,139,63,255,87,139,62,255,88,140,63,255,95,145,66,255,95,145,66,255,88,139,63,255,88,139,63,255,88,139,63,255,88,140,63,255,88,140,63,255,88,139,63,255,87,139,62,255,88,140,63,255,87,138,62,255,86,138,62,255,88,139,63,255,87,139,63,255,87,139,62,255,87,139,63,255,88,139,63,255,87,138,62,255,88,140,63,255,88,139,63,255,87,139,62,255,88,140,63,255,87,138,62,255,88,139,63,255,88,139,63,255,87,139,62,255,88,139,63,255,89,140,63,255,94,144,66,255,87,138,62,255,88,139,63,255,88,139,63,255,81,134,59,255,89,140,63,255,87,138,62,255,89,140,63,255,96,146,66,255,87,139,62,255,88,140,63,255,87,139,62,255,88,139,63,255,87,139,62,255,89,140,63,255,89,140,63,255,87,139,62,255,87,138,62,255,88,139,63,255,87,139,62,255,87,138,62,255,88,139,63,255,94,145,66,255,89,140,63,255,87,138,62,255,88,139,63,255,87,138,62,255,87,139,62,255,87,138,62,255,89,141,63,255,88,139,63,255,88,139,63,255,89,141,63,255,87,138,62,255,89,140,63,255,88,139,63,255,88,139,63,255,88,139,63,255,88,140,63,255,88,139,63,255,87,139,62,255,96,146,67,255,89,141,63,255,89,140,63,255,89,140,63,255,89,140,63,255,87,139,62,255,89,140,63,255,87,138,62,255,89,140,63,255,89,141,63,255,88,139,63,255,88,140,63,255,87,138,62,255,82,134,59,255,88,139,62,255,89,141,63,255,88,140,63,255,87,138,62,255,87,138,62,255,87,138,62,255,88,139,63,255,95,146,66,255,88,139,63,255,87,138,62,255,87,138,62,255,93,144,65,255,87,138,62,255,86,138,62,255,88,139,63,255,94,145,66,255,94,144,66,255,89,140,63,255,86,138,62,255,86,138,62,255,88,140,63,255,88,139,63,255,86,138,62,255,94,145,66,255,88,139,63,255,86,138,62,255,87,139,62,255,86,138,62,255,87,139,63,255,88,139,63,255,87,139,62,255,87,139,62,255,87,139,62,255,87,139,62,255,87,139,62,255,86,138,62,255,86,138,62,255,86,138,62,255,87,139,62,255,85,138,62,255,85,137,62,255,85,138,62,255,81,133,59,255,80,133,59,255,87,139,62,255,87,139,62,255,74,127,54,255,79,132,58,255,86,139,62,255,78,132,58,255,80,132,58,255,81,133,59,255,87,139,62,255,85,138,62,255,86,138,62,255,80,133,59,255,85,137,62,255,85,137,62,255,84,137,61,255,84,137,61,255,85,137,62,255,84,137,61,255,83,136,61,255,84,137,61,255,84,137,61,255,84,137,61,255,83,136,61,255,82,136,61,255,79,131,58,255,83,136,61,255,85,138,62,255,84,137,61,255,84,137,61,255,82,135,60,255,82,136,61,255,81,135,60,255,84,137,61,255,82,135,60,255,83,136,61,255,83,136,61,255,82,136,60,255,83,136,61,255,84,137,61,255,82,136,61,255,84,137,61,255,83,136,61,255,83,136,61,255,83,136,61,255,82,136,61,255,82,136,60,255,81,135,60,255,81,135,60,255,82,135,60,255,83,137,61,255,83,137,61,255,82,136,61,255,82,136,61,255,77,131,58,255,83,137,61,255,82,136,60,255,83,136,61,255,83,137,61,255,82,136,61,255,82,136,61,255,82,136,61,255,82,136,61,255,83,137,61,255,80,135,60,255,83,136,61,255,83,137,61,255,81,135,60,255,80,135,60,255,82,135,60,255,82,136,61,255,83,136,61,255,83,136,61,255,82,136,61,255,83,136,61,255,82,136,60,255,77,131,58,255,81,135,60,255,83,136,61,255,80,135,60,255,80,135,60,255,75,130,56,255,83,137,61,255,81,135,60,255,83,136,61,255,81,135,60,255,81,135,60,255,81,135,60,255,82,136,61,255,82,136,61,255,82,136,60,255,82,136,61,255,83,136,61,255,80,135,60,255,81,135,60,255,82,136,61,255,80,135,60,255,82,136,60,255,82,136,60,255,82,136,61,255,82,136,61,255,82,136,61,255,82,136,61,255,83,136,61,255,83,137,61,255,82,136,61,255,81,135,60,255,83,136,61,255,81,135,60,255,79,134,60,255,80,135,60,255,80,135,60,255,78,131,58,255,81,135,60,255,80,134,60,255,80,135,60,255,81,136,60,255,82,136,61,255,75,130,56,255,82,135,60,255,83,137,61,255,82,136,60,255,83,137,61,255,82,135,60,255,83,136,61,255,75,129,56,255,76,130,56,255,77,131,58,255,75,129,56,255,82,136,61,255,82,136,60,255,80,135,60,255,75,130,57,255,82,136,61,255,80,135,60,255,82,135,60,255,83,136,61,255,83,136,61,255,83,137,61,255,83,136,61,255,81,135,60,255,77,130,57,255,77,130,57,255,77,131,57,255,77,131,57,255,82,136,60,255,81,135,60,255,81,135,60,255,80,135,60,255,80,135,60,255,82,136,61,255,82,136,60,255,82,136,61,255,82,135,60,255,80,135,60,255,75,130,56,255,80,135,60,255,77,131,57,255,77,131,58,255,77,131,57,255,82,136,61,255,81,135,60,255,80,135,60,255,81,135,60,255,82,136,61,255,82,136,61,255,82,135,60,255,83,136,61,255,80,135,60,255,81,135,60,255,82,136,61,255,82,136,61,255,83,136,61,255,81,135,60,255,80,135,60,255,81,135,60,255,81,135,60,255,81,135,60,255,80,135,60,255,82,136,61,255,80,135,60,255,82,136,60,255,80,135,60,255,83,136,61,255,83,136,61,255,83,136,61,255,83,136,61,255,82,136,61,255,83,136,61,255,80,135,60,255,82,136,60,255,82,136,61,255,82,136,60,255,83,137,61,255,82,136,61,255,82,136,60,255,83,137,61,255,83,137,61,255,82,136,61,255,83,137,61,255,82,136,60,255,83,137,61,255,83,137,61,255,83,136,61,255,84,137,61,255,83,136,61,255,81,135,60,255,83,136,61,255,83,137,61,255,83,137,61,255,84,137,61,255,83,137,61,255,84,137,61,255,83,137,61,255,84,137,61,255,83,137,61,255,84,137,61,255,83,136,61,255,82,136,60,255,83,136,61,255,83,136,61,255,83,137,61,255,83,136,61,255,83,137,61,255,82,135,60,255,84,137,61,255,83,136,61,255,84,137,61,255,83,136,61,255,83,136,61,255,83,136,61,255,85,138,62,255,85,138,62,255,83,136,61,255,83,136,61,255,85,137,62,255,85,138,62,255,84,137,61,255,84,137,61,255,84,137,61,255,85,138,62,255,83,136,61,255,84,137,61,255,84,137,61,255,84,137,61,255,85,137,62,255,84,137,61,255,80,133,58,255,79,131,58,255,84,137,61,255,80,132,58,255,79,131,58,255,80,133,59,255,85,138,62,255,81,133,59,255,80,133,58,255,84,137,61,255,80,132,58,255,79,132,58,255,84,137,61,255,84,137,61,255,80,133,58,255,85,138,62,255,85,138,62,255,85,138,62,255,85,137,62,255,86,138,62,255,85,138,62,255,86,138,62,255,86,138,62,255,85,137,62,255,86,138,62,255,65,127,58,255,85,137,62,255,85,137,62,255,86,138,62,255,65,126,58,255,86,138,62,255,87,139,62,255,81,136,62,255,51,116,51,255,83,138,63,255,74,133,61,255,50,116,51,255,78,142,73,255,77,142,73,255,50,115,51,255,63,125,56,255,63,125,57,255,51,116,51,255,75,131,59,255,80,133,58,255,84,137,61,255,67,126,57,255,80,133,58,255,82,134,59,255,86,138,62,255,77,133,59,255,79,131,58,255,82,134,59,255,84,137,61,255,64,126,57,255,63,125,57,255,71,131,60,255,82,137,62,255,85,137,62,255,85,138,62,255,86,138,62,255,87,139,62,255,85,137,61,255,85,137,61,255,86,138,62,255,86,138,62,255,85,137,61,255,84,137,61,255,84,137,61,255,86,138,62,255,85,137,62,255,85,138,62,255,87,138,62,255,93,144,65,255,85,137,62,255,87,139,63,255,86,138,62,255,88,139,63,255,85,137,61,255,86,138,62,255,80,134,59,255,87,139,62,255,86,138,62,255,86,138,62,255,86,138,62,255,87,139,62,255,86,138,62,255,88,139,63,255,87,138,62,255,88,139,63,255,87,138,62,255,86,138,62,255,88,139,63,255,94,144,66,255,86,138,62,255,88,140,63,255,86,138,62,255,87,139,62,255,87,139,62,255,88,140,63,255,87,138,62,255,89,140,63,255,87,139,63,255,87,139,62,255,87,139,62,255,88,139,63,255,93,144,65,255,87,138,62,255,87,139,62,255,88,139,63,255,87,138,62,255,89,140,63,255,96,146,67,255,95,145,66,255,88,140,63,255,80,133,59,255,89,141,63,255,87,138,62,255,88,139,63,255,89,140,63,255,88,139,63,255,87,138,62,255,87,139,62,255,87,138,62,255,87,138,62,255,87,138,62,255,87,139,62,255,87,138,62,255,88,139,63,255,87,138,62,255,89,141,63,255,89,140,63,255,87,139,62,255,87,138,62,255,87,138,62,255,87,139,62,255,94,145,66,255,87,138,62,255,87,138,62,255,95,145,66,255,82,134,59,255,87,139,62,255,88,139,63,255,89,141,63,255,87,138,62,255,95,146,66,255,87,139,62,255,89,140,63,255,88,139,63,255,88,139,63,255,88,139,63,255,87,138,62,255,88,139,63,255,88,140,63,255,87,139,62,255,86,138,62,255,86,138,62,255,88,139,63,255,87,138,62,255,87,138,62,255,89,140,63,255,87,138,62,255,87,138,62,255,96,146,67,255,87,138,62,255,88,139,63,255,88,140,63,255,89,140,63,255,87,139,62,255,89,141,63,255,88,139,63,255,87,138,62,255,87,139,62,255,94,145,66,255,88,139,63,255,89,140,63,255,88,139,63,255,95,145,66,255,88,139,63,255,88,140,63,255,88,140,63,255,88,139,63,255,87,139,62,255,88,139,63,255,88,140,63,255,89,140,63,255,88,139,63,255,88,140,63,255,88,139,63,255,88,140,63,255,86,138,62,255,89,140,63,255,89,140,63,255,88,139,63,255,87,139,62,255,89,141,63,255,86,138,62,255,88,139,63,255,88,139,63,255,88,139,63,255,88,140,63,255,89,140,63,255,88,139,63,255,88,139,63,255,88,139,63,255,88,139,63,255,87,138,62,255,87,138,62,255,87,139,62,255,88,140,63,255,88,140,63,255,89,140,63,255,87,139,62,255,88,139,63,255,89,140,63,255,88,139,63,255,89,140,63,255,94,145,66,255,88,139,63,255,88,139,63,255,88,139,63,255,94,145,66,255,88,139,63,255,87,138,62,255,88,140,63,255,86,138,62,255,86,138,62,255,87,138,62,255,87,139,62,255,88,139,63,255,87,139,62,255,88,139,63,255,88,140,63,255,86,138,62,255,87,138,62,255,86,138,62,255,88,139,63,255,95,145,66,255,87,139,63,255,88,139,63,255,88,139,63,255,86,138,62,255,86,138,62,255,87,138,62,255,87,139,63,255,87,138,62,255,86,138,62,255,86,138,62,255,85,138,62,255,86,138,62,255,86,138,62,255,87,139,62,255,86,138,62,255,86,138,62,255,87,139,62,255,86,138,62,255,87,139,62,255,87,139,62,255,87,139,62,255,85,138,62,255,86,138,62,255,85,138,62,255,86,138,62,255,86,138,62,255,84,137,61,255,80,133,59,255,86,138,62,255,85,138,62,255,84,137,61,255,81,133,59,255,86,138,62,255,85,137,62,255,85,138,62,255,81,133,59,255,84,137,61,255,84,137,61,255,86,138,62,255,82,134,59,255,80,133,58,255,85,138,62,255,84,137,61,255,84,137,61,255,79,132,58,255,84,137,61,255,85,138,62,255,85,137,62,255,82,134,59,255,80,133,59,255,84,137,61,255,83,137,61,255,81,133,59,255,79,131,58,255,85,138,62,255,84,137,61,255,84,137,61,255,83,137,61,255,84,137,61,255,83,136,61,255,76,130,57,255,84,137,61,255,83,137,61,255,83,137,61,255,83,136,61,255,83,136,61,255,84,137,61,255,84,137,61,255,85,138,62,255,84,137,61,255,84,137,61,255,83,136,61,255,82,136,61,255,77,131,58,255,82,136,61,255,82,136,61,255,82,136,60,255,83,136,61,255,82,136,61,255,83,136,61,255,82,136,61,255,84,137,61,255,84,137,61,255,82,136,61,255,85,138,62,255,85,138,62,255,85,138,62,255,78,132,58,255,83,136,61,255,83,137,61,255,83,137,61,255,82,136,60,255,84,137,61,255,83,136,61,255,82,136,61,255,83,136,61,255,84,137,61,255,77,131,58,255,82,135,60,255,84,137,61,255,84,137,61,255,84,137,61,255,83,136,61,255,84,137,61,255,83,137,61,255,76,130,57,255,83,137,61,255,84,137,61,255,84,137,61,255,82,136,61,255,82,136,61,255,83,136,61,255,84,137,61,255,84,137,61,255,77,131,57,255,83,136,61,255,82,136,61,255,85,138,62,255,84,137,61,255,84,137,61,255,77,131,58,255,83,136,61,255,83,137,61,255,84,137,61,255,82,136,61,255,83,136,61,255,84,137,61,255,83,136,61,255,84,137,62,255,84,137,61,255,83,137,61,255,84,137,61,255,83,136,61,255,85,137,62,255,83,136,61,255,83,136,61,255,83,136,61,255,84,137,61,255,83,137,61,255,84,137,61,255,84,137,62,255,83,136,61,255,75,130,56,255,84,137,61,255,83,136,61,255,83,136,61,255,82,136,61,255,83,136,61,255,83,136,61,255,85,138,62,255,83,136,61,255,83,136,61,255,82,136,61,255,83,136,61,255,84,137,61,255,82,135,60,255,84,137,62,255,84,137,61,255,83,136,61,255,83,137,61,255,85,138,62,255,85,137,62,255,84,137,61,255,85,138,62,255,77,131,57,255,83,136,61,255,85,138,62,255,85,137,62,255,83,136,61,255,82,135,60,255,82,136,61,255,82,136,61,255,84,137,62,255,84,137,61,255,84,137,61,255,83,136,61,255,85,138,62,255,83,136,61,255,83,136,61,255,83,136,61,255,83,136,61,255,85,137,62,255,83,136,61,255,85,138,62,255,82,135,60,255,82,136,61,255,83,136,61,255,83,137,61,255,84,137,61,255,82,136,61,255,83,136,61,255,83,136,61,255,85,138,62,255,83,136,61,255,84,137,61,255,84,137,61,255,85,137,62,255,85,138,62,255,85,138,62,255,79,131,58,255,84,137,61,255,82,135,60,255,83,137,61,255,83,136,61,255,85,138,62,255,85,138,62,255,83,136,61,255,84,137,61,255,83,136,61,255,84,137,61,255,78,133,58,255,85,137,62,255,81,133,59,255,79,131,58,255,80,133,59,255,80,132,58,255,84,137,61,255,83,137,61,255,83,136,61,255,84,137,61,255,83,136,61,255,83,136,61,255,84,137,61,255,83,136,61,255,83,136,61,255,83,136,61,255,83,136,61,255,83,136,61,255,82,134,59,255,81,133,59,255,80,133,58,255,81,133,59,255,83,136,61,255,83,136,61,255,84,137,61,255,85,138,62,255,84,137,61,255,85,137,62,255,84,137,61,255,84,137,61,255,85,138,62,255,80,133,58,255,82,134,59,255,81,133,59,255,80,133,58,255,79,132,58,255,81,133,59,255,79,132,58,255,84,137,61,255,85,138,62,255,84,137,61,255,80,133,59,255,80,133,59,255,79,132,58,255,79,131,58,255,81,133,59,255,81,133,59,255,80,132,58,255,80,132,58,255,85,137,62,255,85,137,62,255,85,138,62,255,86,138,62,255,84,137,61,255,79,132,58,255,79,132,58,255,86,138,62,255,85,137,61,255,81,133,59,255,86,138,62,255,85,138,62,255,85,137,62,255,86,138,62,255,85,137,61,255,87,139,62,255,85,137,61,255,80,136,62,255,73,133,61,255,63,125,57,255,65,127,58,255,86,138,62,255,85,137,61,255,87,139,62,255,80,136,62,255,85,138,62,255,87,139,62,255,86,138,62,255,73,132,61,255,86,138,62,255,87,138,62,255,80,136,62,255,51,116,51,255,64,126,57,255,64,126,57,255,51,116,52,255,78,142,73,255,78,142,73,255,50,116,51,255,68,127,58,255,77,132,59,255,50,116,51,255,76,131,59,255,79,132,58,255,79,131,58,255,71,131,60,255,86,138,62,255,79,132,58,255,80,133,59,255,79,135,61,255,84,137,61,255,85,138,62,255,79,132,58,255,79,132,58,255,80,133,58,255,80,132,58,255,85,137,61,255,79,131,58,255,80,133,58,255,80,132,58,255,80,133,58,255,81,133,59,255,80,132,58,255,81,133,59,255,81,133,59,255,80,133,59,255,72,126,54,255,79,131,58,255,79,132,58,255,86,138,62,255,86,138,62,255,85,138,62,255,85,138,62,255,85,137,61,255,85,138,62,255,86,138,62,255,86,138,62,255,84,137,61,255,86,138,62,255,85,137,62,255,87,139,62,255,85,138,62,255,84,137,61,255,86,138,62,255,86,138,62,255,85,138,62,255,94,145,66,255,85,138,62,255,87,139,62,255,86,138,62,255,87,139,63,255,86,138,62,255,87,138,62,255,86,138,62,255,87,139,62,255,86,138,62,255,86,138,62,255,87,139,63,255,85,137,62,255,94,144,66,255,88,139,63,255],"diagnostics":{"requested":107,"queued":null,"dispatched":15,"completed":15,"published":14,"latestPublications":4,"intermediatePublications":10,"staleDiscarded":1,"discarded":1,"coalesced":92,"failures":0,"resets":0,"workerStarts":1,"retries":0,"snapshots":15,"maxQueued":1,"maxInFlight":1,"latestRequestedGeneration":107,"latestPublishedGeneration":107,"latestRasterGeneration":107,"completedWorkerEpoch":0,"completedRasterRevision":15,"publishedWorkerEpoch":0,"publishedRasterRevision":15,"installedWorkerEpoch":0,"installedRasterRevision":15,"uploadSkippedSameRevision":0,"validRaster":true,"emergencyMode":false,"requestMs":0.2999999523162842,"publishMs":40.09999996423721,"maxRequestMs":0.10000002384185791,"maxPublishMs":7,"lastWorkerMs":87.60000002384186,"maxWorkerMs":435.19999998807907,"requestSamplesMs":[0.10000002384185791,0,0,0,0,0,0,0,0.09999996423721313,0,0,0,0,0,0,0,0,0,0,0,0,0,0,0,0,0,0,0,0,0,0,0,0,0,0,0,0,0,0,0,0,0,0,0,0,0,0,0,0,0,0,0,0,0,0,0,0,0,0,0,0,0,0,0,0,0,0,0,0,0,0,0,0,0,0,0,0,0,0,0,0,0,0,0,0,0,0,0,0,0,0,0,0,0,0,0,0.09999996423721313,0,0,0,0,0,0,0,0,0,0,0,0,0],"publishSamplesMs":[7,2.5,2.600000023841858,2.5,2.199999988079071,2.5,2.899999976158142,2.300000011920929,1.7999999523162842,3.800000011920929,2.600000023841858,2.199999988079071,2.699999988079071,2.5,3.899999976158142,3.699999988079071,1.9000000357627869],"fallback":"none","failure":null,"generation":107,"inFlight":null,"epoch":0,"stopped":false},"validPublications":1},"active":{"generation":108,"pixel":[50,96,44,255,65,103,46,255,69,107,48,255,69,107,48,255,51,97,44,255,68,107,48,255,68,107,48,255,69,107,48,255,51,96,44,255,70,107,49,255,69,107,48,255,69,107,48,255,51,97,44,255,69,107,48,255,70,108,49,255,68,106,48,255,69,107,48,255,63,102,45,255,69,107,48,255,67,106,48,255,68,107,48,255,68,106,48,255,69,107,48,255,67,106,48,255,69,107,48,255,69,107,48,255,67,106,48,255,67,106,48,255,69,107,48,255,69,108,48,255,69,107,48,255,67,106,48,255,67,106,48,255,64,102,45,255,64,102,45,255,67,106,48,255,72,110,50,255,65,103,46,255,64,103,45,255,66,105,47,255,69,107,48,255,64,102,45,255,64,103,46,255,67,106,48,255,68,106,48,255,64,102,45,255,63,102,45,255,68,107,48,255,67,106,48,255,67,106,48,255,65,105,47,255,67,106,48,255,66,105,47,255,65,105,47,255,66,105,48,255,65,105,47,255,67,106,48,255,65,105,47,255,67,106,48,255,65,105,47,255,66,105,47,255,71,109,50,255,67,106,48,255,65,105,47,255,65,105,47,255,65,105,47,255,64,104,47,255,62,101,44,255,66,105,47,255,64,104,46,255,65,105,47,255,62,101,45,255,66,105,47,255,66,105,47,255,65,105,47,255,61,101,44,255,66,105,47,255,65,105,47,255,65,105,47,255,61,100,44,255,60,100,44,255,64,104,46,255,63,103,46,255,63,103,46,255,61,101,44,255,63,103,46,255,63,103,46,255,63,104,46,255,61,101,44,255,64,104,47,255,63,104,46,255,63,103,46,255,61,101,44,255,63,103,46,255,63,103,46,255,64,104,46,255,63,104,46,255,62,103,46,255,62,103,46,255,62,103,46,255,57,99,43,255,63,104,46,255,63,103,46,255,63,104,46,255,63,103,46,255,62,103,46,255,61,103,46,255,63,104,46,255,63,104,46,255,63,103,46,255,62,103,46,255,61,102,46,255,61,103,46,255,62,103,46,255,62,103,46,255,61,103,46,255,61,102,45,255,61,102,46,255,61,102,46,255,61,103,46,255,62,103,46,255,61,102,46,255,61,102,45,255,62,103,46,255,62,103,46,255,61,103,46,255,61,102,45,255,61,102,45,255,61,103,46,255,61,102,45,255,57,99,43,255,61,102,45,255,62,103,46,255,61,103,46,255,61,102,45,255,62,103,46,255,63,103,46,255,62,103,46,255,61,103,46,255,61,103,46,255,62,103,46,255,62,103,46,255,61,103,46,255,62,103,46,255,62,103,46,255,61,102,45,255,62,103,46,255,61,102,45,255,62,103,46,255,62,103,46,255,62,103,46,255,62,103,46,255,62,103,46,255,61,102,45,255,62,103,46,255,61,102,45,255,61,102,45,255,62,103,46,255,62,103,46,255,61,103,46,255,63,103,46,255,61,102,45,255,61,102,46,255,62,103,46,255,61,102,46,255,62,103,46,255,62,103,46,255,62,103,46,255,62,103,46,255,61,103,46,255,62,103,46,255,63,103,46,255,61,102,46,255,61,102,45,255,61,102,45,255,56,98,43,255,62,103,46,255,62,103,46,255,63,103,46,255,63,104,46,255,61,102,45,255,63,104,46,255,61,103,46,255,61,103,46,255,63,104,46,255,61,102,45,255,62,103,46,255,63,104,46,255,62,103,46,255,62,103,46,255,62,103,46,255,61,102,45,255,61,103,46,255,62,103,46,255,63,103,46,255,62,103,46,255,63,103,46,255,63,103,46,255,63,104,46,255,62,103,46,255,62,103,46,255,62,103,46,255,61,103,46,255,62,103,46,255,61,102,45,255,61,102,45,255,61,103,46,255,62,103,46,255,62,103,46,255,61,102,45,255,62,103,46,255,63,103,46,255,62,103,46,255,61,102,45,255,62,103,46,255,62,103,46,255,63,103,46,255,61,102,45,255,61,102,45,255,61,103,46,255,62,103,46,255,63,103,46,255,61,102,45,255,61,102,45,255,61,102,45,255,61,102,45,255,60,102,45,255,57,99,43,255,62,103,46,255,61,103,46,255,61,103,46,255,58,99,43,255,62,103,46,255,61,103,46,255,62,103,46,255,58,99,43,255,61,102,45,255,62,103,46,255,62,103,46,255,57,99,43,255,57,99,43,255,57,98,43,255,58,99,43,255,61,103,46,255,58,99,43,255,58,99,43,255,57,98,43,255,59,101,45,255,58,99,43,255,58,99,43,255,57,99,43,255,60,102,45,255,57,99,43,255,59,99,44,255,57,98,43,255,60,102,45,255,55,98,42,255,61,103,46,255,59,101,45,255,59,101,45,255,61,103,46,255,60,102,45,255,61,102,45,255,60,102,45,255,60,102,45,255,61,103,46,255,61,102,45,255,60,102,45,255,61,103,46,255,61,103,46,255,60,102,45,255,60,102,45,255,60,102,45,255,59,101,45,255,60,102,45,255,61,102,45,255,61,103,46,255,61,103,46,255,60,102,45,255,60,102,45,255,60,102,45,255,61,102,46,255,61,103,46,255,60,101,45,255,61,102,45,255,60,101,45,255,56,99,43,255,59,101,45,255,61,103,46,255,57,99,43,255,58,99,43,255,53,95,40,255,61,102,45,255,57,98,42,255,57,98,43,255,57,98,43,255,60,102,45,255,57,99,43,255,57,98,43,255,59,99,44,255,61,103,46,255,58,99,43,255,57,98,43,255,57,98,43,255,62,103,46,255,62,103,46,255,61,103,46,255,62,103,46,255,61,102,45,255,61,102,46,255,61,102,45,255,63,103,46,255,61,103,46,255,62,103,46,255,62,103,46,255,63,103,46,255,61,102,45,255,61,102,46,255,61,103,46,255,62,103,46,255,62,103,46,255,63,104,46,255,57,99,43,255,62,103,46,255,62,103,46,255,63,104,46,255,62,103,46,255,63,103,46,255,62,103,46,255,63,104,46,255,62,103,46,255,64,104,46,255,62,103,46,255,62,103,46,255,62,103,46,255,62,103,46,255,62,103,46,255,64,104,46,255,63,104,46,255,49,95,43,255,64,105,47,255,63,103,46,255,64,104,46,255,47,94,43,255,64,104,46,255,63,103,46,255,63,104,46,255,47,94,43,255,64,104,46,255,63,104,46,255,64,104,46,255,48,95,43,255,51,96,44,255,70,108,49,255,68,107,48,255,69,107,48,255,51,97,44,255,69,107,48,255,69,107,48,255,69,107,48,255,51,96,44,255,65,104,46,255,69,107,48,255,69,107,48,255,51,96,44,255,68,107,48,255,75,112,51,255,68,106,48,255,69,107,48,255,68,106,48,255,67,106,48,255,67,106,48,255,69,107,48,255,69,107,48,255,69,107,48,255,69,107,48,255,68,106,48,255,74,112,51,255,69,107,48,255,68,107,48,255,75,112,51,255,68,106,48,255,69,107,48,255,67,106,48,255,67,105,48,255,65,103,46,255,65,103,46,255,67,105,48,255,68,106,48,255,64,103,45,255,64,103,46,255,66,105,47,255,67,106,48,255,64,103,45,255,68,107,48,255,66,105,47,255,65,103,46,255,65,103,46,255,68,107,48,255,67,106,48,255,67,106,48,255,66,105,47,255,66,105,48,255,66,105,47,255,66,105,47,255,72,111,50,255,66,105,47,255,65,105,47,255,66,105,47,255,66,105,48,255,66,105,47,255,66,106,48,255,67,106,48,255,66,105,47,255,66,105,47,255,66,105,47,255,65,105,47,255,66,105,47,255,65,105,47,255,60,100,44,255,66,106,48,255,65,105,47,255,64,104,47,255,61,100,44,255,65,104,47,255,65,105,47,255,63,104,46,255,62,101,45,255,65,105,47,255,65,105,47,255,64,104,47,255,61,101,44,255,61,101,44,255,63,103,46,255,63,104,46,255,63,103,46,255,64,104,46,255,64,104,46,255,63,104,46,255,63,104,46,255,64,104,47,255,65,105,47,255,63,104,46,255,64,104,46,255,65,105,47,255,63,104,46,255,63,103,46,255,62,103,46,255,63,104,46,255,62,103,46,255,63,103,46,255,61,103,46,255,63,103,46,255,62,103,46,255,63,104,46,255,63,104,46,255,63,104,46,255,62,103,46,255,62,103,46,255,63,104,46,255,62,103,46,255,63,104,46,255,62,103,46,255,61,102,46,255,63,103,46,255,61,103,46,255,61,102,46,255,62,103,46,255,62,103,46,255,63,104,46,255,62,103,46,255,62,103,46,255,63,104,46,255,63,103,46,255,61,103,46,255,61,102,45,255,62,103,46,255,62,103,46,255,62,103,46,255,61,103,46,255,62,103,46,255,62,103,46,255,61,103,46,255,62,103,46,255,62,103,46,255,61,103,46,255,61,102,46,255,61,103,46,255,56,98,42,255,61,103,46,255,61,103,46,255,61,103,46,255,61,103,46,255,61,102,45,255,61,102,46,255,61,102,45,255,62,103,46,255,61,102,45,255,61,102,46,255,61,102,45,255,62,103,46,255,61,103,46,255,61,102,45,255,57,99,43,255,62,103,46,255,61,102,45,255,62,103,46,255,61,103,46,255,58,99,43,255,58,99,43,255,57,98,43,255,57,99,43,255,62,103,46,255,61,102,46,255,62,103,46,255,61,103,46,255,61,102,46,255,61,103,46,255,61,102,45,255,62,103,46,255,62,103,46,255,61,103,46,255,61,102,46,255,60,102,45,255,62,103,46,255,62,103,46,255,61,102,45,255,62,103,46,255,62,103,46,255,62,103,46,255,62,103,46,255,61,102,46,255,61,102,46,255,61,102,45,255,61,103,46,255,62,103,46,255,61,102,46,255,61,102,45,255,61,102,45,255,62,103,46,255,60,102,45,255,62,103,46,255,60,102,45,255,61,103,46,255,61,103,46,255,56,98,43,255,61,103,46,255,61,102,46,255,62,103,46,255,61,103,46,255,62,103,46,255,62,103,46,255,61,103,46,255,62,103,46,255,62,103,46,255,61,103,46,255,62,103,46,255,61,102,45,255,60,102,45,255,61,103,46,255,61,102,45,255,62,103,46,255,61,102,45,255,61,102,45,255,61,103,46,255,61,103,46,255,62,103,46,255,62,103,46,255,61,103,46,255,61,102,45,255,62,103,46,255,60,102,45,255,62,103,46,255,61,102,45,255,61,102,46,255,59,99,44,255,61,103,46,255,57,99,43,255,59,100,44,255,57,98,43,255,62,103,46,255,61,102,46,255,57,99,43,255,59,99,44,255,62,103,46,255,53,94,40,255,58,99,43,255,57,98,43,255,57,98,43,255,57,98,43,255,57,99,43,255,59,99,44,255,59,99,44,255,58,99,43,255,60,101,45,255,61,103,46,255,58,99,43,255,58,99,43,255,61,102,46,255,61,103,46,255,58,99,43,255,61,103,46,255,60,102,45,255,55,98,42,255,60,101,45,255,60,102,45,255,60,101,45,255,61,102,45,255,60,102,45,255,61,103,46,255,59,101,45,255,60,102,45,255,61,103,46,255,60,101,45,255,60,102,45,255,60,101,45,255,60,102,45,255,60,102,45,255,61,103,46,255,60,102,45,255,60,102,45,255,59,101,45,255,60,102,45,255,60,102,45,255,60,102,45,255,61,103,46,255,60,102,45,255,61,102,45,255,61,102,46,255,60,101,45,255,60,101,45,255,60,102,45,255,60,102,45,255,60,102,45,255,60,102,45,255,60,102,45,255,61,102,46,255,60,102,45,255,61,103,46,255,61,102,46,255,60,102,45,255,58,99,43,255,59,99,43,255,57,98,43,255,60,102,45,255,57,98,43,255,58,99,43,255,57,98,43,255,61,102,45,255,57,98,43,255,58,99,43,255,58,99,43,255,61,102,45,255,58,99,43,255,57,98,43,255,58,99,43,255,62,103,46,255,62,103,46,255,61,102,45,255,62,103,46,255,61,102,45,255,61,102,45,255,62,103,46,255,62,103,46,255,61,103,46,255,62,103,46,255,62,103,46,255,63,104,46,255,61,102,45,255,61,102,45,255,62,103,46,255,63,103,46,255,63,104,46,255,63,104,46,255,64,104,46,255,64,105,47,255,62,103,46,255,63,104,46,255,63,103,46,255,64,104,46,255,63,104,46,255,62,103,46,255,63,104,46,255,63,103,46,255,61,103,46,255,62,103,46,255,63,104,46,255,63,103,46,255,63,103,46,255,63,103,46,255,65,105,47,255,47,94,43,255,64,104,47,255,63,103,46,255,63,103,46,255,48,95,43,255,62,103,46,255,63,103,46,255,65,105,47,255,48,95,43,255,64,104,46,255,63,104,46,255,64,105,47,255,48,95,43,255,51,96,44,255,68,106,48,255,73,111,50,255,69,107,48,255,51,97,44,255,65,103,46,255,69,107,48,255,68,107,48,255,51,96,44,255,69,107,48,255,70,108,49,255,69,107,48,255,50,96,44,255,69,107,48,255,64,103,46,255,69,107,48,255,69,107,48,255,69,107,48,255,68,107,48,255,67,106,48,255,67,106,48,255,68,107,48,255,68,106,48,255,69,107,48,255,69,107,48,255,69,107,48,255,74,111,51,255,73,111,50,255,68,106,48,255,69,107,48,255,67,106,48,255,67,106,48,255,64,102,45,255,64,103,46,255,67,105,48,255,66,105,47,255,64,102,45,255,65,103,46,255,67,106,48,255,66,105,47,255,65,103,46,255,65,103,45,255,66,105,47,255,67,106,48,255,64,102,45,255,64,102,45,255,67,106,48,255,67,106,48,255,71,109,50,255,72,111,50,255,66,105,48,255,65,105,47,255,66,105,47,255,61,101,44,255,71,109,50,255,65,105,47,255,67,106,48,255,66,105,47,255,66,105,47,255,64,104,46,255,67,106,48,255,66,106,48,255,66,106,48,255,65,105,47,255,65,105,47,255,66,105,47,255,61,101,44,255,60,100,44,255,66,105,47,255,64,104,46,255,60,100,44,255,60,100,44,255,64,104,46,255,65,104,47,255,61,101,44,255,61,101,44,255,65,104,47,255,65,105,47,255,61,100,44,255,64,104,47,255,63,103,46,255,63,104,46,255,63,103,46,255,63,103,46,255,63,103,46,255,63,103,46,255,64,104,47,255,63,104,46,255,64,104,47,255,64,105,47,255,63,104,46,255,63,103,46,255,63,103,46,255,62,103,46,255,62,103,46,255,62,103,46,255,62,103,46,255,62,103,46,255,62,103,46,255,62,103,46,255,62,103,46,255,63,104,46,255,61,103,46,255,61,102,46,255,62,103,46,255,61,102,46,255,63,103,46,255,61,103,46,255,62,103,46,255,62,103,46,255,62,103,46,255,63,103,46,255,61,102,45,255,62,103,46,255,62,103,46,255,61,103,46,255,61,102,46,255,61,102,46,255,62,103,46,255,61,103,46,255,61,103,46,255,62,103,46,255,62,103,46,255,61,102,45,255,61,102,45,255,61,102,45,255,61,103,46,255,58,99,43,255,61,103,46,255,61,102,45,255,57,99,43,255,58,99,43,255,62,103,46,255,57,99,43,255,58,99,43,255,59,99,44,255,59,99,43,255,58,99,43,255,58,99,43,255,57,99,43,255,57,98,43,255,57,98,43,255,57,99,43,255,58,99,43,255,57,98,43,255,57,98,43,255,57,98,43,255,57,98,43,255,53,94,40,255,57,98,43,255,58,99,43,255,58,99,43,255,57,98,42,255,58,99,43,255,57,98,42,255,57,98,43,255,57,98,43,255,60,102,45,255,61,102,45,255,60,102,45,255,58,99,43,255,58,99,43,255,58,99,43,255,57,98,43,255,58,99,43,255,59,99,44,255,58,99,43,255,57,98,43,255,57,98,43,255,57,98,43,255,57,98,43,255,58,99,43,255,61,103,46,255,60,102,45,255,61,103,46,255,61,102,45,255,57,99,43,255,57,98,43,255,53,95,40,255,58,99,43,255,58,99,43,255,58,99,43,255,57,99,43,255,57,99,43,255,57,98,43,255,57,98,43,255,58,99,43,255,58,99,43,255,61,103,46,255,61,102,45,255,56,98,42,255,60,102,45,255,59,99,44,255,61,103,46,255,62,103,46,255,58,99,43,255,58,99,43,255,57,98,43,255,58,99,43,255,57,99,43,255,58,99,43,255,54,95,41,255,57,98,43,255,57,98,43,255,61,103,46,255,55,97,42,255,60,101,45,255,61,103,46,255,58,99,43,255,58,99,43,255,59,99,44,255,57,99,43,255,59,99,44,255,57,98,43,255,57,98,43,255,57,98,43,255,58,99,43,255,57,99,43,255,60,102,45,255,60,102,45,255,61,103,46,255,61,103,46,255,61,103,46,255,60,102,45,255,59,99,44,255,57,99,43,255,58,99,43,255,60,102,45,255,57,99,43,255,60,101,45,255,61,103,46,255,60,102,45,255,60,102,45,255,59,101,45,255,61,103,46,255,59,101,45,255,61,103,46,255,61,103,46,255,59,101,45,255,59,101,45,255,61,103,46,255,61,103,46,255,60,102,45,255,60,102,45,255,60,102,45,255,60,102,45,255,60,102,45,255,61,103,46,255,60,102,45,255,59,101,45,255,60,101,45,255,61,102,45,255,60,102,45,255,60,101,45,255,61,103,46,255,59,101,45,255,61,103,46,255,61,102,45,255,60,102,45,255,59,101,45,255,60,102,45,255,59,101,45,255,60,102,45,255,61,102,45,255,60,102,45,255,61,102,45,255,61,103,46,255,60,102,45,255,55,98,42,255,61,102,46,255,60,101,45,255,61,103,46,255,61,103,46,255,60,101,45,255,61,103,46,255,59,101,45,255,59,101,45,255,60,102,45,255,61,102,45,255,60,102,45,255,60,102,45,255,61,103,46,255,60,102,45,255,61,103,46,255,60,102,45,255,61,103,46,255,60,102,45,255,60,102,45,255,61,103,46,255,57,98,43,255,59,99,44,255,57,98,43,255,61,103,46,255,57,98,43,255,57,98,43,255,62,103,46,255,58,99,43,255,59,99,44,255,58,99,43,255,61,103,46,255,57,98,43,255,57,99,43,255,57,99,43,255,61,103,46,255,60,102,45,255,63,103,46,255,62,103,46,255,61,103,46,255,61,102,45,255,61,102,46,255,61,103,46,255,62,103,46,255,62,103,46,255,61,103,46,255,61,102,46,255,62,103,46,255,61,102,45,255,62,103,46,255,61,103,46,255,62,103,46,255,63,103,46,255,62,103,46,255,62,103,46,255,63,104,46,255,63,104,46,255,63,103,46,255,64,104,46,255,63,104,46,255,62,103,46,255,62,103,46,255,62,103,46,255,64,104,47,255,61,103,46,255,63,104,46,255,62,103,46,255,64,105,47,255,63,103,46,255,65,105,47,255,61,101,44,255,48,95,43,255,63,103,46,255,63,103,46,255,60,100,44,255,48,95,43,255,63,103,46,255,59,100,44,255,61,101,44,255,49,96,43,255,64,104,47,255,64,104,47,255,61,101,44,255,48,95,43,255,51,97,44,255,74,111,51,255,69,107,48,255,69,107,49,255,50,96,44,255,69,107,48,255,69,107,49,255,69,107,48,255,58,102,47,255,68,106,48,255,69,107,49,255,68,106,48,255,60,101,46,255,68,106,48,255,68,107,48,255,69,107,48,255,73,111,50,255,68,106,48,255,68,106,48,255,68,107,48,255,69,107,48,255,67,106,48,255,67,106,48,255,65,103,46,255,67,106,48,255,69,107,48,255,67,106,48,255,64,102,45,255,68,106,48,255,68,107,48,255,74,111,51,255,64,103,46,255,63,102,45,255,67,106,48,255,67,106,48,255,67,106,48,255,65,103,46,255,66,105,47,255,67,106,48,255,67,106,48,255,65,103,46,255,67,106,48,255,67,106,48,255,66,105,47,255,64,103,45,255,67,106,48,255,66,105,47,255,66,105,48,255,66,105,47,255,65,105,47,255,61,101,44,255,65,105,47,255,67,106,48,255,66,105,47,255,71,109,50,255,66,105,47,255,66,105,47,255,66,105,47,255,64,104,46,255,64,104,47,255,67,106,48,255,65,105,47,255,66,105,47,255,65,105,47,255,65,105,47,255,64,104,46,255,60,100,44,255,63,103,46,255,64,104,46,255,61,101,44,255,61,101,44,255,58,99,43,255,59,100,44,255,61,100,44,255,65,105,47,255,63,104,46,255,65,105,47,255,60,100,44,255,64,104,46,255,63,103,46,255,64,104,46,255,63,103,46,255,63,104,46,255,63,103,46,255,63,104,46,255,63,103,46,255,63,103,46,255,63,104,46,255,63,104,46,255,63,104,46,255,62,103,46,255,63,104,46,255,64,104,47,255,63,104,46,255,62,103,46,255,62,103,46,255,63,104,46,255,62,103,46,255,62,103,46,255,62,103,46,255,63,104,46,255,62,103,46,255,62,103,46,255,62,103,46,255,63,103,46,255,61,102,46,255,62,103,46,255,56,98,42,255,63,103,46,255,62,103,46,255,62,103,46,255,62,103,46,255,61,103,46,255,62,103,46,255,57,98,43,255,58,99,43,255,61,103,46,255,60,102,45,255,59,99,44,255,57,98,43,255,56,98,42,255,57,98,43,255,58,99,43,255,57,99,43,255,61,103,46,255,58,99,43,255,57,99,43,255,57,98,43,255,58,99,43,255,57,98,43,255,58,99,43,255,61,102,46,255,57,99,43,255,57,98,43,255,61,102,45,255,61,102,45,255,57,99,43,255,61,103,46,255,61,103,46,255,61,103,46,255,57,99,43,255,59,101,45,255,61,102,46,255,60,102,45,255,60,101,45,255,60,102,45,255,61,103,46,255,60,102,45,255,59,101,45,255,61,102,46,255,59,101,45,255,60,102,45,255,59,101,45,255,61,103,46,255,60,102,45,255,59,101,45,255,59,101,45,255,59,101,45,255,60,102,45,255,59,101,45,255,60,102,45,255,59,101,45,255,59,101,45,255,59,101,45,255,61,103,46,255,61,103,46,255,60,102,45,255,60,102,45,255,59,101,45,255,59,101,45,255,60,102,45,255,60,102,45,255,59,101,45,255,55,98,42,255,59,101,45,255,59,101,45,255,59,101,45,255,60,102,45,255,59,101,45,255,59,101,45,255,59,101,45,255,61,102,45,255,59,101,45,255,59,101,45,255,61,103,46,255,61,103,46,255,59,101,45,255,60,102,45,255,59,101,45,255,59,101,45,255,60,102,45,255,60,102,45,255,60,102,45,255,61,103,46,255,61,102,46,255,60,102,45,255,59,101,45,255,60,102,45,255,61,102,45,255,59,101,45,255,59,101,45,255,59,101,45,255,59,101,45,255,60,102,45,255,59,101,45,255,60,102,45,255,59,101,45,255,59,101,45,255,59,101,45,255,60,102,45,255,61,103,46,255,61,103,46,255,61,103,46,255,60,102,45,255,59,101,45,255,59,101,45,255,59,101,45,255,59,101,45,255,60,102,45,255,61,102,45,255,60,102,45,255,60,102,45,255,59,102,45,255,59,101,45,255,61,103,46,255,60,101,45,255,59,101,45,255,61,103,46,255,61,102,45,255,54,97,42,255,60,102,45,255,59,101,45,255,59,101,45,255,59,101,45,255,59,101,45,255,55,97,42,255,60,102,45,255,59,101,45,255,60,102,45,255,59,101,45,255,61,103,46,255,59,101,45,255,61,103,46,255,59,101,45,255,59,101,45,255,60,102,45,255,60,101,45,255,60,102,45,255,59,101,45,255,60,102,45,255,55,98,42,255,60,102,45,255,60,102,45,255,59,101,45,255,60,102,45,255,59,101,45,255,59,101,45,255,59,101,45,255,59,101,45,255,59,101,45,255,59,101,45,255,59,101,45,255,59,101,45,255,60,102,45,255,59,101,45,255,61,103,46,255,61,103,46,255,60,102,45,255,60,102,45,255,61,103,46,255,60,102,45,255,59,101,45,255,60,101,45,255,59,101,45,255,59,101,45,255,60,101,45,255,60,101,45,255,61,102,46,255,61,102,46,255,60,102,45,255,61,103,46,255,60,101,45,255,61,103,46,255,61,103,46,255,60,102,45,255,61,103,46,255,61,102,45,255,58,99,43,255,57,99,43,255,57,99,43,255,57,98,43,255,62,103,46,255,58,99,43,255,58,99,43,255,58,99,43,255,61,102,46,255,57,99,43,255,58,99,43,255,58,99,43,255,62,103,46,255,58,99,43,255,57,98,43,255,61,103,46,255,62,103,46,255,61,102,45,255,61,102,45,255,62,103,46,255,62,103,46,255,62,103,46,255,63,103,46,255,61,103,46,255,63,103,46,255,61,103,46,255,62,103,46,255,61,103,46,255,62,103,46,255,61,102,45,255,62,103,46,255,63,103,46,255,61,103,46,255,61,103,46,255,63,104,46,255,63,104,46,255,63,104,46,255,62,103,46,255,62,103,46,255,64,104,47,255,63,103,46,255,63,103,46,255,63,104,46,255,63,104,46,255,64,104,47,255,63,104,46,255,62,103,46,255,63,104,46,255,63,104,46,255,63,103,46,255,63,104,46,255,61,101,44,255,48,95,43,255,63,104,46,255,63,103,46,255,61,101,44,255,48,95,43,255,64,104,46,255,64,104,47,255,61,101,44,255,48,95,43,255,64,104,46,255,57,97,42,255,60,100,44,255,48,95,43,255,61,109,56,255,39,88,39,255,57,101,47,255,65,105,48,255,39,88,39,255,64,105,48,255,69,108,49,255,69,107,48,255,57,101,46,255,68,106,48,255,67,106,48,255,69,107,48,255,65,105,48,255,68,107,48,255,68,107,48,255,68,106,48,255,69,107,48,255,69,107,48,255,68,106,48,255,68,106,48,255,69,107,48,255,69,107,48,255,69,107,48,255,68,106,48,255,69,107,48,255,69,107,48,255,68,106,48,255,67,106,48,255,68,106,48,255,64,103,46,255,67,106,48,255,68,106,48,255,68,107,48,255,67,106,48,255,68,107,48,255,65,103,46,255,74,111,50,255,67,106,48,255,67,106,48,255,65,103,46,255,68,107,48,255,68,106,48,255,59,98,42,255,64,103,46,255,67,106,48,255,67,106,48,255,63,102,45,255,69,107,48,255,63,102,45,255,67,106,48,255,66,105,47,255,72,111,50,255,66,105,47,255,67,106,48,255,61,101,44,255,67,106,48,255,67,105,47,255,67,105,47,255,65,105,47,255,65,105,47,255,67,106,48,255,67,106,48,255,66,105,48,255,66,105,47,255,66,105,47,255,66,105,47,255,65,105,47,255,65,105,47,255,65,105,47,255,65,105,47,255,65,105,47,255,65,105,47,255,65,105,47,255,65,105,47,255,65,105,47,255,65,105,47,255,66,105,47,255,65,105,47,255,64,104,46,255,65,105,47,255,65,105,47,255,60,100,44,255,63,104,46,255,62,103,46,255,61,100,44,255,60,100,44,255,64,104,46,255,59,100,44,255,62,101,44,255,63,103,46,255,64,104,46,255,62,103,46,255,61,101,44,255,63,104,46,255,64,105,47,255,63,103,46,255,64,104,46,255,63,104,46,255,62,103,46,255,63,103,46,255,63,104,46,255,62,103,46,255,61,103,46,255,62,103,46,255,63,104,46,255,63,104,46,255,62,103,46,255,62,103,46,255,62,103,46,255,63,103,46,255,61,103,46,255,63,104,46,255,63,104,46,255,61,103,46,255,61,102,46,255,61,102,46,255,61,103,46,255,62,103,46,255,62,103,46,255,62,103,46,255,61,103,46,255,61,103,46,255,61,103,46,255,61,102,46,255,61,102,46,255,62,103,46,255,62,103,46,255,61,102,45,255,62,103,46,255,57,99,43,255,58,99,43,255,57,98,42,255,59,99,44,255,58,99,43,255,58,99,43,255,57,98,42,255,58,99,43,255,57,98,43,255,57,98,43,255,61,103,46,255,53,94,40,255,57,99,43,255,59,99,44,255,60,101,45,255,61,103,46,255,61,103,46,255,60,102,45,255,61,102,45,255,60,102,45,255,61,102,45,255,61,102,45,255,59,101,45,255,61,103,46,255,59,101,45,255,59,101,45,255,60,102,45,255,60,101,45,255,59,101,45,255,59,101,45,255,61,102,46,255,59,101,45,255,59,101,45,255,59,101,45,255,61,103,46,255,60,102,45,255,61,103,46,255,60,102,45,255,59,101,45,255,60,102,45,255,59,101,45,255,60,102,45,255,60,102,45,255,60,102,45,255,61,103,46,255,60,102,45,255,60,102,45,255,61,102,45,255,60,102,45,255,59,101,45,255,59,101,45,255,60,102,45,255,59,101,45,255,59,101,45,255,60,102,45,255,59,101,45,255,60,102,45,255,60,102,45,255,58,101,44,255,59,101,45,255,60,102,45,255,58,101,44,255,60,102,45,255,60,102,45,255,59,101,45,255,59,101,44,255,60,102,45,255,59,101,45,255,60,102,45,255,59,102,45,255,59,102,45,255,60,102,45,255,58,101,44,255,60,102,45,255,60,102,45,255,59,101,45,255,59,101,45,255,59,101,45,255,58,101,44,255,60,102,45,255,59,101,44,255,59,101,45,255,59,101,44,255,59,101,44,255,58,101,44,255,60,102,45,255,59,101,45,255,59,101,45,255,60,102,45,255,59,101,45,255,59,101,45,255,58,101,44,255,59,102,45,255,59,102,45,255,59,101,45,255,60,102,45,255,59,101,45,255,60,102,45,255,60,102,45,255,60,102,45,255,59,102,45,255,59,101,45,255,58,101,44,255,59,101,45,255,59,101,45,255,60,102,45,255,59,101,44,255,60,102,45,255,60,102,45,255,58,101,44,255,58,101,44,255,59,101,44,255,59,101,44,255,59,101,45,255,60,102,45,255,59,101,45,255,59,101,45,255,59,101,45,255,59,101,44,255,59,101,45,255,59,101,45,255,58,101,44,255,60,102,45,255,55,97,42,255,59,101,45,255,59,101,45,255,59,101,45,255,59,101,45,255,60,102,45,255,60,102,45,255,59,101,45,255,59,101,45,255,60,102,45,255,61,103,46,255,59,101,45,255,60,102,45,255,59,101,44,255,55,97,42,255,59,101,45,255,60,102,45,255,60,102,45,255,60,102,45,255,60,102,45,255,60,102,45,255,59,101,45,255,59,101,45,255,60,102,45,255,59,101,45,255,59,101,45,255,61,102,46,255,60,102,45,255,59,101,45,255,61,103,46,255,60,102,45,255,61,102,45,255,60,102,45,255,60,102,45,255,60,102,45,255,60,101,45,255,60,102,45,255,61,103,46,255,61,102,45,255,58,99,43,255,61,103,46,255,59,101,45,255,61,103,46,255,58,99,43,255,59,101,45,255,59,101,45,255,58,99,43,255,58,99,43,255,61,103,46,255,61,103,46,255,57,98,43,255,58,99,43,255,57,99,43,255,59,99,44,255,62,103,46,255,61,103,46,255,57,98,43,255,58,99,43,255,61,103,46,255,61,103,46,255,57,99,43,255,61,102,45,255,61,103,46,255,61,102,45,255,57,99,43,255,61,103,46,255,62,103,46,255,61,102,46,255,61,102,45,255,61,103,46,255,61,103,46,255,61,103,46,255,61,103,46,255,63,104,46,255,61,103,46,255,61,103,46,255,61,103,46,255,61,103,46,255,62,103,46,255,63,104,46,255,61,102,46,255,63,103,46,255,62,103,46,255,63,103,46,255,63,103,46,255,63,104,46,255,58,99,43,255,63,104,46,255,63,103,46,255,63,103,46,255,63,103,46,255,63,104,46,255,64,104,46,255,62,103,46,255,58,99,43,255,63,103,46,255,63,103,46,255,64,104,46,255,63,104,46,255,64,104,47,255,63,104,46,255,60,100,44,255,62,101,45,255,49,96,44,255,63,104,46,255,61,101,44,255,61,101,44,255,49,96,44,255,64,104,46,255,60,100,44,255,65,105,47,255,49,96,44,255,61,101,44,255,61,101,44,255,64,104,47,255,49,96,44,255,61,109,56,255,40,88,39,255,51,97,44,255,51,97,44,255,39,88,39,255,60,101,46,255,64,103,46,255,68,107,48,255,53,97,44,255,63,102,45,255,64,102,45,255,64,102,45,255,61,102,46,255,65,103,46,255,65,103,46,255,65,103,46,255,51,97,44,255,50,96,44,255,57,102,47,255,65,105,48,255,67,106,48,255,73,111,50,255,67,106,48,255,69,107,48,255,67,106,48,255,68,107,48,255,67,106,48,255,68,107,48,255,64,103,46,255,69,107,48,255,67,106,48,255,67,106,48,255,69,107,48,255,74,111,51,255,67,106,48,255,69,107,48,255,67,106,48,255,69,107,48,255,68,107,48,255,69,107,48,255,67,106,48,255,73,111,50,255,69,107,48,255,67,106,48,255,67,106,48,255,67,106,48,255,68,106,48,255,68,107,48,255,69,107,48,255,68,107,48,255,69,107,48,255,68,106,48,255,69,107,48,255,69,107,48,255,67,106,48,255,68,106,48,255,69,107,48,255,68,106,48,255,68,106,48,255,69,107,48,255,62,102,45,255,68,106,48,255,68,106,48,255,68,106,48,255,68,107,48,255,67,106,48,255,65,103,46,255,65,103,46,255,67,106,48,255,69,106,48,255,64,103,46,255,68,106,48,255,72,110,50,255,65,103,46,255,64,102,45,255,68,107,48,255,65,103,46,255,59,98,42,255,63,102,45,255,61,101,44,255,66,105,47,255,67,106,48,255,67,106,48,255,66,105,47,255,66,105,47,255,67,106,48,255,72,111,50,255,65,105,47,255,67,106,48,255,65,105,47,255,66,105,48,255,66,105,47,255,67,106,48,255,67,106,48,255,71,110,50,255,65,105,47,255,66,106,48,255,65,105,47,255,65,105,47,255,64,104,46,255,65,105,47,255,65,105,47,255,65,105,47,255,64,104,46,255,65,104,47,255,66,105,47,255,65,105,47,255,61,101,44,255,65,105,47,255,64,104,46,255,65,105,47,255,61,101,44,255,61,101,44,255,63,103,46,255,63,103,46,255,63,104,46,255,60,100,44,255,63,104,46,255,63,103,46,255,63,103,46,255,61,101,44,255,64,105,47,255,64,104,46,255,63,104,46,255,61,101,44,255,64,105,47,255,63,103,46,255,62,103,46,255,63,104,46,255,61,103,46,255,62,103,46,255,62,103,46,255,62,103,46,255,63,103,46,255,58,99,43,255,61,103,46,255,63,103,46,255,61,103,46,255,58,100,43,255,62,103,46,255,63,104,46,255,63,103,46,255,63,104,46,255,62,103,46,255,62,103,46,255,62,103,46,255,61,102,45,255,61,103,46,255,62,103,46,255,61,103,46,255,61,103,46,255,58,99,43,255,61,103,46,255,61,102,45,255,62,103,46,255,59,99,44,255,61,102,45,255,61,103,46,255,62,103,46,255,58,99,43,255,59,99,44,255,58,99,43,255,57,98,43,255,61,102,45,255,59,99,44,255,57,99,43,255,57,98,43,255,59,101,45,255,57,99,43,255,57,98,43,255,58,99,43,255,60,102,45,255,58,99,43,255,57,99,43,255,58,99,43,255,61,103,46,255,61,103,46,255,61,102,45,255,61,103,46,255,60,102,45,255,60,102,45,255,61,103,46,255,55,97,42,255,60,102,45,255,60,102,45,255,60,102,45,255,60,102,45,255,60,102,45,255,60,102,45,255,60,101,45,255,60,102,45,255,59,101,45,255,60,102,45,255,55,98,42,255,59,102,45,255,59,101,45,255,60,102,45,255,60,102,45,255,59,101,45,255,59,101,44,255,59,102,45,255,61,102,45,255,59,101,44,255,59,101,45,255,60,102,45,255,59,101,45,255,61,102,46,255,60,102,45,255,60,102,45,255,59,101,45,255,59,101,45,255,59,102,45,255,59,101,45,255,58,101,44,255,58,101,44,255,58,101,44,255,59,101,45,255,60,102,45,255,60,102,45,255,60,102,45,255,58,101,44,255,60,102,45,255,60,102,45,255,59,101,45,255,60,102,45,255,59,101,45,255,60,102,45,255,58,101,44,255,60,102,45,255,58,101,44,255,58,100,44,255,59,101,44,255,59,101,44,255,58,101,44,255,58,101,44,255,58,101,44,255,60,102,45,255,58,101,44,255,59,101,45,255,59,101,44,255,59,102,45,255,59,102,45,255,59,101,44,255,59,102,45,255,58,101,44,255,59,101,45,255,59,101,45,255,59,102,45,255,59,101,45,255,59,101,44,255,58,101,44,255,58,101,44,255,59,101,44,255,59,101,45,255,58,101,44,255,59,102,45,255,58,101,44,255,60,102,45,255,60,102,45,255,59,101,45,255,58,101,44,255,59,102,45,255,58,101,44,255,59,102,45,255,58,101,44,255,59,101,45,255,59,101,45,255,59,102,45,255,59,101,45,255,59,101,45,255,59,102,45,255,59,101,45,255,59,101,45,255,60,102,45,255,60,102,45,255,59,101,45,255,59,101,45,255,59,101,45,255,60,102,45,255,58,101,44,255,60,102,45,255,59,101,45,255,59,101,45,255,60,102,45,255,59,101,45,255,58,101,44,255,59,101,45,255,59,101,45,255,59,101,44,255,60,102,45,255,59,101,45,255,60,102,45,255,60,102,45,255,59,102,45,255,61,102,45,255,61,102,45,255,60,102,45,255,60,102,45,255,59,101,45,255,60,102,45,255,60,102,45,255,60,102,45,255,59,101,45,255,60,102,45,255,59,101,45,255,60,102,45,255,59,101,45,255,60,102,45,255,59,101,45,255,61,103,46,255,61,102,45,255,61,103,46,255,61,103,46,255,61,102,46,255,60,102,45,255,60,102,45,255,60,102,45,255,60,101,45,255,60,102,45,255,58,99,43,255,60,101,45,255,57,98,43,255,57,98,43,255,57,98,43,255,61,103,46,255,57,98,43,255,57,99,43,255,59,99,43,255,58,99,43,255,58,99,43,255,59,99,44,255,61,103,46,255,52,94,40,255,57,99,43,255,62,103,46,255,62,103,46,255,61,102,45,255,61,103,46,255,62,103,46,255,61,102,45,255,61,102,45,255,61,103,46,255,61,103,46,255,61,103,46,255,57,99,43,255,61,102,45,255,63,104,46,255,63,103,46,255,62,103,46,255,61,103,46,255,63,103,46,255,61,103,46,255,62,103,46,255,63,103,46,255,63,104,46,255,62,103,46,255,62,103,46,255,61,103,46,255,63,104,46,255,63,104,46,255,63,104,46,255,63,103,46,255,62,103,46,255,63,104,46,255,62,103,46,255,62,103,46,255,62,103,46,255,64,104,47,255,63,103,46,255,64,104,47,255,63,104,46,255,63,103,46,255,64,104,46,255,63,104,46,255,63,104,46,255,63,103,46,255,63,103,46,255,64,104,47,255,63,103,46,255,61,101,44,255,63,104,46,255,63,104,46,255,65,105,47,255,62,101,44,255,60,100,44,255,61,100,44,255,65,105,47,255,48,95,43,255,62,101,44,255,64,104,46,255,64,104,46,255,49,96,43,255,61,100,44,255,65,105,47,255,66,105,47,255,49,96,43,255,61,101,44,255,64,104,46,255,65,105,47,255,49,96,44,255,60,108,56,255,39,88,39,255,49,95,43,255,49,95,43,255,38,88,39,255,62,104,47,255,66,105,47,255,67,106,48,255,55,100,46,255,66,105,47,255,67,106,48,255,66,105,47,255,63,104,48,255,67,106,48,255,66,105,47,255,72,111,50,255,49,96,44,255,50,96,44,255,57,101,46,255,63,104,48,255,67,106,48,255,67,106,48,255,66,105,47,255,67,106,48,255,66,105,47,255,67,106,48,255,67,106,48,255,68,107,48,255,67,106,48,255,67,106,48,255,67,105,48,255,67,106,48,255,67,106,48,255,64,102,45,255,65,103,46,255,65,103,46,255,67,105,48,255,68,107,48,255,64,102,45,255,65,103,46,255,66,105,47,255,68,107,48,255,67,106,48,255,64,102,45,255,67,106,48,255,68,107,48,255,67,106,48,255,67,105,47,255,64,102,45,255,64,102,45,255,68,107,48,255,67,106,48,255,64,103,46,255,64,103,45,255,65,103,46,255,65,103,46,255,64,103,45,255,65,103,46,255,64,102,45,255,63,102,45,255,65,103,46,255,63,102,45,255,64,102,45,255,64,102,45,255,67,106,48,255,67,106,48,255,68,107,48,255,68,107,48,255,67,106,48,255,68,106,48,255,67,106,48,255,68,106,48,255,65,103,46,255,65,103,46,255,67,106,48,255,67,106,48,255,65,103,46,255,64,102,45,255,65,103,46,255,65,103,46,255,69,107,48,255,69,107,48,255,67,106,48,255,64,102,45,255,67,106,48,255,67,106,48,255,68,107,48,255,64,103,45,255,65,103,46,255,65,103,46,255,65,103,46,255,63,102,45,255,65,103,46,255,65,103,46,255,65,103,45,255,65,103,46,255,65,103,46,255,64,102,45,255,68,107,48,255,66,105,47,255,69,106,47,255,63,102,45,255,67,106,48,255,66,105,47,255,65,103,46,255,68,107,48,255,66,105,47,255,66,105,47,255,64,102,45,255,67,106,48,255,67,106,48,255,66,105,47,255,66,105,47,255,67,106,48,255,67,106,48,255,65,105,47,255,65,105,47,255,66,105,47,255,66,105,47,255,61,101,44,255,66,105,47,255,66,105,48,255,66,105,47,255,65,105,47,255,65,105,47,255,66,105,47,255,67,106,48,255,65,105,47,255,66,105,47,255,64,104,46,255,64,104,46,255,60,100,44,255,66,105,47,255,59,100,44,255,65,105,47,255,60,100,44,255,65,105,47,255,66,105,47,255,63,104,46,255,61,100,44,255,64,104,46,255,65,105,47,255,65,105,47,255,60,100,44,255,63,104,46,255,65,105,47,255,64,104,47,255,63,103,46,255,63,103,46,255,63,103,46,255,63,103,46,255,63,103,46,255,63,104,46,255,63,103,46,255,64,104,47,255,63,103,46,255,64,104,46,255,64,104,47,255,63,103,46,255,64,104,46,255,62,103,46,255,62,103,46,255,62,103,46,255,61,102,45,255,63,104,46,255,61,103,46,255,62,103,46,255,62,103,46,255,62,103,46,255,62,103,46,255,61,102,46,255,62,103,46,255,62,103,46,255,63,104,46,255,61,103,46,255,61,103,46,255,62,103,46,255,61,102,46,255,61,103,46,255,61,103,46,255,62,103,46,255,62,103,46,255,62,103,46,255,61,103,46,255,63,103,46,255,62,103,46,255,61,102,45,255,61,102,45,255,61,103,46,255,61,103,46,255,62,103,46,255,62,103,46,255,57,98,43,255,57,98,43,255,58,99,43,255,61,102,45,255,59,99,44,255,54,95,41,255,58,99,43,255,57,99,43,255,57,98,43,255,59,99,43,255,57,99,43,255,58,99,43,255,62,103,46,255,59,100,44,255,57,99,43,255,57,98,43,255,60,102,45,255,61,103,46,255,60,102,45,255,60,102,45,255,60,102,45,255,60,102,45,255,61,103,46,255,60,101,45,255,60,102,45,255,61,102,46,255,60,102,45,255,60,102,45,255,57,99,43,255,57,99,43,255,61,102,46,255,60,102,45,255,60,102,45,255,59,101,45,255,55,98,42,255,60,102,45,255,60,102,45,255,61,103,46,255,59,101,45,255,59,101,45,255,60,102,45,255,61,103,46,255,59,101,45,255,59,101,45,255,59,101,45,255,61,103,46,255,59,101,45,255,60,102,45,255,59,102,45,255,58,101,44,255,59,102,45,255,60,102,45,255,59,101,45,255,55,97,42,255,60,102,45,255,59,101,45,255,59,101,45,255,59,102,45,255,60,102,45,255,59,101,45,255,61,103,46,255,60,102,45,255,59,101,45,255,59,101,45,255,60,102,45,255,58,101,44,255,59,102,45,255,59,101,44,255,59,101,45,255,59,101,45,255,59,101,44,255,58,101,44,255,59,101,45,255,59,102,45,255,59,101,45,255,59,102,45,255,60,102,45,255,59,101,44,255,59,101,45,255,59,101,45,255,58,101,44,255,58,101,44,255,59,101,45,255,60,102,45,255,58,101,44,255,58,101,44,255,59,101,45,255,58,101,44,255,59,101,44,255,59,101,45,255,59,101,45,255,59,101,45,255,55,98,42,255,59,101,45,255,60,102,45,255,60,102,45,255,59,101,45,255,60,102,45,255,59,101,44,255,59,101,45,255,53,96,42,255,59,101,45,255,59,102,45,255,58,101,44,255,59,101,44,255,60,102,45,255,58,101,44,255,59,101,45,255,60,102,45,255,60,102,45,255,59,102,45,255,59,101,45,255,60,102,45,255,59,102,45,255,59,101,45,255,59,101,45,255,59,101,45,255,59,101,45,255,60,102,45,255,61,102,46,255,60,102,45,255,59,101,45,255,59,101,45,255,60,102,45,255,59,101,45,255,59,101,45,255,60,102,45,255,60,101,45,255,59,101,44,255,61,102,46,255,60,102,45,255,60,102,45,255,59,101,45,255,61,103,46,255,59,101,45,255,60,102,45,255,61,102,46,255,59,101,45,255,61,103,46,255,60,102,45,255,60,101,45,255,60,102,45,255,61,103,46,255,61,103,46,255,61,103,46,255,60,102,45,255,60,102,45,255,57,99,43,255,60,101,45,255,60,102,45,255,58,99,43,255,57,98,43,255,61,103,46,255,57,98,43,255,57,99,43,255,57,99,43,255,57,99,43,255,59,99,44,255,59,100,44,255,61,103,46,255,58,99,43,255,62,103,46,255,62,103,46,255,61,103,46,255,57,99,43,255,61,103,46,255,61,103,46,255,61,103,46,255,61,103,46,255,62,103,46,255,61,103,46,255,62,103,46,255,62,103,46,255,62,103,46,255,63,103,46,255,62,103,46,255,61,102,45,255,61,102,45,255,63,104,46,255,62,103,46,255,62,103,46,255,61,103,46,255,62,103,46,255,63,103,46,255,63,103,46,255,63,103,46,255,61,103,46,255,62,103,46,255,62,103,46,255,62,103,46,255,63,103,46,255,63,103,46,255,63,103,46,255,62,103,46,255,63,104,46,255,64,104,46,255,63,103,46,255,62,103,46,255,63,103,46,255,62,103,46,255,63,104,46,255,63,104,46,255,62,103,46,255,64,104,46,255,63,104,46,255,63,103,46,255,63,104,46,255,63,104,46,255,64,105,47,255,63,104,46,255,63,103,46,255,61,101,44,255,64,104,46,255,64,104,46,255,61,101,44,255,62,101,44,255,64,105,47,255,64,104,46,255,61,101,44,255,64,104,46,255,64,104,46,255,61,101,44,255,61,101,44,255,65,105,47,255,64,104,46,255,65,105,47,255,66,105,47,255,49,95,43,255,65,105,47,255,65,105,47,255,66,105,47,255,49,96,44,255,65,105,47,255,65,105,47,255,61,103,47,255,38,87,39,255,61,103,47,255,55,100,46,255,39,88,39,255,59,108,56,255,60,108,56,255,38,88,39,255,49,96,44,255,50,96,44,255,38,88,39,255,63,105,48,255,66,105,48,255,65,105,47,255,55,100,46,255,67,106,48,255,67,106,48,255,67,106,48,255,63,104,48,255,61,101,44,255,65,105,47,255,66,105,47,255,49,95,43,255,49,96,44,255,56,101,46,255,62,104,47,255,65,105,47,255,66,105,47,255,66,105,47,255,66,105,47,255,65,105,47,255,67,106,48,255,66,105,47,255,67,106,48,255,61,101,44,255,66,105,47,255,67,106,48,255,67,106,48,255,67,106,48,255,67,105,48,255,67,106,48,255,67,106,48,255,61,101,44,255,67,106,48,255,67,106,48,255,66,105,47,255,67,106,48,255,65,105,47,255,66,105,47,255,66,105,47,255,61,101,44,255,65,105,47,255,66,105,47,255,67,106,48,255,66,105,47,255,67,106,48,255,67,105,48,255,71,109,50,255,66,105,47,255,66,105,47,255,67,106,48,255,67,107,48,255,67,106,48,255,71,109,50,255,66,105,47,255,67,106,48,255,71,110,50,255,66,105,47,255,67,105,48,255,66,105,47,255,67,106,48,255,66,105,47,255,66,105,47,255,68,107,48,255,66,105,47,255,67,106,48,255,67,106,48,255,67,106,48,255,66,105,47,255,67,106,48,255,67,106,48,255,67,106,48,255,66,105,47,255,67,106,48,255,71,109,50,255,67,106,48,255,67,106,48,255,64,102,45,255,63,102,45,255,63,102,45,255,73,111,50,255,67,106,48,255,66,105,47,255,63,102,45,255,67,106,48,255,68,107,48,255,67,106,48,255,67,106,48,255,66,105,47,255,67,106,48,255,66,105,47,255,67,106,48,255,65,103,46,255,65,103,46,255,65,103,46,255,65,103,46,255,65,103,46,255,64,103,45,255,65,103,46,255,65,103,46,255,67,106,48,255,64,103,46,255,64,102,45,255,63,102,45,255,73,111,50,255,66,105,47,255,67,106,48,255,66,105,47,255,65,103,46,255,63,102,45,255,64,102,45,255,64,103,46,255,64,103,45,255,65,103,46,255,63,102,45,255,66,105,47,255,63,102,45,255,63,102,45,255,67,106,48,255,67,106,48,255,67,106,48,255,67,105,48,255,67,105,48,255,68,107,48,255,68,107,48,255,67,106,48,255,67,106,48,255,67,106,48,255,67,106,48,255,68,107,48,255,67,106,48,255,65,105,47,255,68,107,48,255,66,105,47,255,67,106,48,255,67,106,48,255,67,106,48,255,66,105,47,255,67,106,48,255,65,105,47,255,65,105,47,255,67,106,48,255,65,105,47,255,66,105,47,255,66,105,47,255,67,106,48,255,66,105,47,255,65,105,47,255,67,106,48,255,65,105,47,255,67,106,48,255,66,105,47,255,66,105,47,255,65,105,47,255,65,105,47,255,65,105,47,255,66,105,47,255,66,105,47,255,65,105,47,255,61,101,44,255,65,105,47,255,65,105,47,255,61,101,44,255,61,101,44,255,65,105,47,255,65,105,47,255,61,101,44,255,60,100,44,255,64,104,46,255,64,104,47,255,61,100,44,255,62,101,44,255,63,104,46,255,63,103,46,255,63,103,46,255,62,103,46,255,64,104,46,255,63,103,46,255,64,104,46,255,62,103,46,255,63,103,46,255,63,103,46,255,64,104,46,255,64,104,46,255,64,104,46,255,64,104,46,255,62,103,46,255,63,104,46,255,63,103,46,255,62,103,46,255,62,103,46,255,63,103,46,255,63,104,46,255,62,103,46,255,63,104,46,255,62,103,46,255,63,104,46,255,63,104,46,255,63,103,46,255,62,103,46,255,62,103,46,255,63,103,46,255,61,103,46,255,62,103,46,255,57,99,43,255,61,103,46,255,61,103,46,255,62,103,46,255,61,103,46,255,61,103,46,255,61,102,45,255,63,103,46,255,61,103,46,255,62,103,46,255,62,103,46,255,61,102,45,255,61,102,46,255,61,102,46,255,61,103,46,255,61,102,46,255,62,103,46,255,61,103,46,255,61,102,45,255,59,99,44,255,61,103,46,255,62,103,46,255,62,103,46,255,61,103,46,255,63,103,46,255,62,103,46,255,61,103,46,255,61,102,45,255,62,103,46,255,62,103,46,255,63,103,46,255,61,102,45,255,57,99,43,255,57,99,43,255,57,99,43,255,60,102,45,255,59,99,44,255,57,98,43,255,58,99,43,255,59,99,44,255,60,102,45,255,56,98,42,255,57,99,43,255,57,98,43,255,62,103,46,255,61,102,45,255,61,102,45,255,61,102,45,255,60,102,45,255,59,101,45,255,60,102,45,255,59,101,45,255,58,99,44,255,60,102,45,255,60,102,45,255,59,101,45,255,58,99,43,255,58,99,43,255,58,99,43,255,58,99,43,255,62,103,46,255,58,99,43,255,57,98,43,255,57,98,43,255,61,102,46,255,60,102,45,255,60,102,45,255,59,101,45,255,61,103,46,255,59,101,45,255,59,101,45,255,59,101,45,255,61,102,45,255,61,102,45,255,61,102,45,255,60,102,45,255,57,98,43,255,58,99,43,255,57,98,43,255,58,99,43,255,59,101,45,255,61,102,46,255,60,102,45,255,60,102,45,255,61,102,45,255,60,102,45,255,61,103,46,255,60,102,45,255,60,101,45,255,60,102,45,255,61,103,46,255,60,102,45,255,57,98,42,255,58,99,43,255,57,98,42,255,60,102,45,255,60,102,45,255,59,101,45,255,59,101,45,255,59,101,45,255,60,102,45,255,60,102,45,255,61,102,46,255,59,101,45,255,60,102,45,255,61,102,45,255,61,103,46,255,59,101,45,255,61,103,46,255,61,102,45,255,61,103,46,255,60,102,45,255,61,103,46,255,60,102,45,255,59,101,45,255,61,103,46,255,59,101,45,255,61,102,46,255,61,103,46,255,55,98,42,255,61,102,45,255,60,102,45,255,60,101,45,255,60,101,45,255,58,99,43,255,57,98,42,255,57,98,43,255,58,99,43,255,60,102,45,255,61,103,46,255,61,103,46,255,60,102,45,255,61,103,46,255,61,103,46,255,61,103,46,255,60,102,45,255,61,103,46,255,59,101,45,255,58,99,43,255,57,98,43,255,59,99,44,255,57,98,43,255,58,99,43,255,62,103,46,255,61,103,46,255,61,103,46,255,57,98,42,255,58,99,43,255,58,99,43,255,58,99,43,255,58,99,43,255,58,99,43,255,58,99,43,255,58,99,43,255,61,102,45,255,61,102,45,255,62,103,46,255,62,103,46,255,61,102,45,255,61,102,46,255,57,99,43,255,60,102,45,255,61,103,46,255,61,103,46,255,62,103,46,255,62,103,46,255,63,103,46,255,56,98,42,255,62,103,46,255,61,103,46,255,62,103,46,255,61,103,46,255,62,103,46,255,62,103,46,255,62,103,46,255,62,103,46,255,61,103,46,255,61,102,46,255,63,103,46,255,63,104,46,255,62,103,46,255,61,102,46,255,63,103,46,255,63,103,46,255,62,103,46,255,63,103,46,255,63,104,46,255,63,103,46,255,63,103,46,255,63,103,46,255,63,104,46,255,63,103,46,255,62,103,46,255,63,103,46,255,63,104,46,255,62,103,46,255,63,103,46,255,62,103,46,255,63,103,46,255,64,104,46,255,63,104,46,255,63,104,46,255,63,104,46,255,63,103,46,255,63,104,46,255,63,103,46,255,63,103,46,255,64,104,46,255,63,103,46,255,64,105,47,255,63,103,46,255,64,104,46,255,63,103,46,255,63,103,46,255,63,103,46,255,63,103,46,255,64,105,47,255,63,104,46,255,64,105,47,255,60,100,44,255,63,103,46,255,64,105,47,255,61,101,44,255,62,101,45,255,60,100,44,255,61,101,44,255,65,105,47,255,62,104,48,255,61,101,44,255,61,101,44,255,65,105,47,255,55,100,46,255,61,101,44,255,65,105,47,255,64,104,46,255,48,95,43,255,65,105,47,255,65,105,47,255,64,104,47,255,49,95,43,255,59,108,56,255,38,88,39,255,48,95,43,255,48,95,43,255,38,88,39,255,61,103,47,255,66,105,47,255,66,105,47,255,55,101,46,255,66,105,47,255,65,105,47,255,65,105,47,255,62,104,48,255,66,106,48,255,65,105,47,255,65,105,47,255,49,96,44,255,49,96,44,255,55,100,46,255,63,104,48,255,66,106,48,255,65,105,47,255,67,106,48,255,66,105,47,255,65,105,47,255,72,111,50,255,67,106,48,255,65,105,47,255,65,105,47,255,72,110,50,255,65,105,47,255,65,105,47,255,65,105,47,255,67,106,48,255,67,106,48,255,67,106,48,255,67,106,48,255,72,110,50,255,65,105,47,255,67,106,48,255,66,105,47,255,67,106,48,255,67,106,48,255,67,106,48,255,65,105,47,255,66,105,47,255,67,106,48,255,66,105,47,255,67,106,48,255,66,105,48,255,65,105,47,255,65,105,47,255,65,105,47,255,66,105,47,255,66,105,47,255,67,106,48,255,71,110,50,255,66,105,47,255,67,106,48,255,66,105,47,255,67,106,48,255,67,106,48,255,66,105,47,255,66,105,47,255,66,105,47,255,67,106,48,255,67,106,48,255,66,105,47,255,67,106,48,255,72,110,50,255,72,110,50,255,67,106,48,255,67,106,48,255,67,106,48,255,67,106,48,255,67,106,48,255,67,106,48,255,66,105,47,255,67,106,48,255,66,105,47,255,65,105,47,255,67,106,48,255,66,105,48,255,66,105,47,255,66,105,48,255,67,106,48,255,66,105,47,255,67,106,48,255,67,106,48,255,66,105,47,255,67,106,48,255,66,105,47,255,67,106,48,255,67,106,48,255,66,105,47,255,67,106,48,255,67,106,48,255,71,109,50,255,66,105,47,255,67,106,48,255,67,106,48,255,61,101,44,255,67,106,48,255,66,105,47,255,67,106,48,255,73,111,50,255,66,105,47,255,67,106,48,255,66,105,47,255,67,106,48,255,66,105,47,255,67,106,48,255,67,106,48,255,66,105,47,255,66,105,47,255,67,106,48,255,66,105,47,255,66,105,47,255,67,106,48,255,71,110,50,255,67,106,48,255,66,105,47,255,67,105,48,255,66,105,47,255,66,105,47,255,66,105,47,255,68,107,48,255,67,106,48,255,67,106,48,255,68,107,48,255,66,105,47,255,67,106,48,255,67,106,48,255,67,106,48,255,67,106,48,255,67,106,48,255,67,106,48,255,66,105,47,255,73,111,50,255,68,107,48,255,67,106,48,255,67,106,48,255,67,106,48,255,66,105,47,255,67,106,48,255,66,105,47,255,67,106,48,255,68,107,48,255,67,106,48,255,67,106,48,255,66,105,47,255,62,102,45,255,67,105,47,255,68,107,48,255,67,106,48,255,66,105,47,255,66,105,47,255,66,105,47,255,67,105,48,255,72,111,50,255,67,106,48,255,66,105,47,255,66,105,47,255,70,109,49,255,66,105,47,255,65,105,47,255,67,106,48,255,71,110,50,255,71,109,50,255,67,106,48,255,65,105,47,255,65,105,47,255,67,106,48,255,67,106,48,255,65,105,47,255,71,110,50,255,67,106,48,255,65,105,47,255,66,105,47,255,65,105,47,255,66,105,48,255,67,106,48,255,66,105,47,255,66,105,47,255,66,105,47,255,66,105,47,255,66,105,47,255,65,105,47,255,65,105,47,255,65,105,47,255,66,105,47,255,65,105,47,255,64,104,47,255,65,105,47,255,61,101,44,255,61,101,44,255,66,105,47,255,66,105,47,255,56,96,41,255,60,100,44,255,65,105,47,255,59,100,44,255,61,100,44,255,61,101,44,255,66,105,47,255,65,105,47,255,65,105,47,255,61,101,44,255,64,104,47,255,64,104,47,255,64,104,46,255,64,104,46,255,64,104,47,255,63,104,46,255,63,103,46,255,63,104,46,255,64,104,46,255,63,104,46,255,63,103,46,255,62,103,46,255,60,100,44,255,63,103,46,255,64,105,47,255,63,104,46,255,63,104,46,255,62,103,46,255,62,103,46,255,61,103,46,255,63,104,46,255,62,103,46,255,63,103,46,255,63,103,46,255,62,103,46,255,63,103,46,255,63,104,46,255,62,103,46,255,64,104,46,255,63,103,46,255,63,103,46,255,63,103,46,255,62,103,46,255,62,103,46,255,61,103,46,255,61,103,46,255,62,103,46,255,63,104,46,255,63,104,46,255,62,103,46,255,62,103,46,255,59,100,44,255,63,104,46,255,62,103,46,255,63,103,46,255,63,104,46,255,62,103,46,255,62,103,46,255,62,103,46,255,62,103,46,255,63,104,46,255,61,102,46,255,63,103,46,255,63,104,46,255,61,103,46,255,61,102,45,255,62,103,46,255,62,103,46,255,63,103,46,255,63,103,46,255,62,103,46,255,63,103,46,255,62,103,46,255,59,100,44,255,61,103,46,255,63,103,46,255,61,102,46,255,61,102,46,255,57,99,43,255,63,104,46,255,61,103,46,255,63,103,46,255,61,103,46,255,61,103,46,255,61,103,46,255,62,103,46,255,62,103,46,255,62,103,46,255,62,103,46,255,63,103,46,255,61,102,45,255,61,103,46,255,62,103,46,255,61,102,46,255,62,103,46,255,62,103,46,255,62,103,46,255,62,103,46,255,62,103,46,255,62,103,46,255,63,103,46,255,63,104,46,255,62,103,46,255,61,103,46,255,63,103,46,255,61,102,46,255,60,102,45,255,61,102,46,255,61,102,45,255,59,100,44,255,61,103,46,255,61,102,45,255,61,102,45,255,61,103,46,255,62,103,46,255,57,99,43,255,62,103,46,255,63,104,46,255,62,103,46,255,63,104,46,255,62,103,46,255,63,103,46,255,57,98,43,255,57,99,43,255,59,99,44,255,57,98,43,255,62,103,46,255,62,103,46,255,61,102,45,255,57,99,43,255,62,103,46,255,61,103,46,255,62,103,46,255,63,103,46,255,63,103,46,255,63,104,46,255,63,103,46,255,61,103,46,255,58,99,43,255,58,99,43,255,58,99,43,255,58,99,43,255,62,103,46,255,61,103,46,255,61,103,46,255,61,102,46,255,61,102,45,255,62,103,46,255,62,103,46,255,62,103,46,255,62,103,46,255,61,102,46,255,57,99,43,255,61,102,46,255,59,99,43,255,59,99,44,255,59,99,43,255,62,103,46,255,61,103,46,255,61,103,46,255,61,103,46,255,62,103,46,255,62,103,46,255,62,103,46,255,63,103,46,255,61,102,46,255,61,103,46,255,62,103,46,255,62,103,46,255,63,103,46,255,61,103,46,255,61,102,45,255,61,103,46,255,61,103,46,255,61,103,46,255,61,102,45,255,62,103,46,255,61,102,45,255,62,103,46,255,61,102,45,255,63,103,46,255,63,103,46,255,63,103,46,255,63,103,46,255,62,103,46,255,63,103,46,255,61,103,46,255,62,103,46,255,62,103,46,255,62,103,46,255,63,104,46,255,62,103,46,255,62,103,46,255,63,104,46,255,63,104,46,255,62,103,46,255,63,104,46,255,62,103,46,255,63,104,46,255,63,104,46,255,63,103,46,255,63,104,46,255,63,103,46,255,61,103,46,255,63,103,46,255,63,104,46,255,63,104,46,255,63,104,46,255,63,104,46,255,63,104,46,255,63,104,46,255,64,104,46,255,63,104,46,255,63,104,46,255,63,103,46,255,62,103,46,255,63,103,46,255,63,103,46,255,63,104,46,255,63,103,46,255,63,104,46,255,62,103,46,255,63,104,46,255,63,103,46,255,64,104,46,255,63,103,46,255,63,103,46,255,63,103,46,255,64,105,47,255,65,105,47,255,63,103,46,255,63,103,46,255,64,104,47,255,65,105,47,255,63,104,46,255,63,104,46,255,64,104,46,255,65,105,47,255,63,103,46,255,64,104,46,255,63,104,46,255,64,104,46,255,64,104,47,255,63,104,46,255,61,101,44,255,60,100,44,255,63,104,46,255,61,100,44,255,60,100,44,255,61,101,44,255,65,105,47,255,61,101,44,255,61,101,44,255,64,104,46,255,61,100,44,255,60,100,44,255,64,104,46,255,64,104,46,255,61,101,44,255,65,105,47,255,65,105,47,255,65,105,47,255,64,104,47,255,65,105,47,255,65,105,47,255,65,105,47,255,65,105,47,255,65,104,47,255,65,105,47,255,49,96,44,255,65,104,47,255,65,104,47,255,65,105,47,255,49,96,44,255,65,105,47,255,66,105,47,255,61,103,47,255,38,88,39,255,63,105,48,255,56,101,46,255,38,88,39,255,59,108,56,255,59,107,55,255,38,87,39,255,48,95,43,255,48,95,43,255,38,88,39,255,57,99,44,255,61,101,44,255,64,104,46,255,51,96,43,255,61,101,44,255,62,101,45,255,65,105,47,255,59,101,45,255,60,100,44,255,62,101,44,255,64,104,46,255,49,96,43,255,48,95,43,255,54,99,46,255,62,104,47,255,64,104,47,255,65,105,47,255,65,105,47,255,66,105,47,255,64,104,46,255,64,104,46,255,65,105,47,255,65,105,47,255,64,104,46,255,64,104,46,255,64,104,46,255,65,105,47,255,65,104,47,255,65,105,47,255,66,105,47,255,70,109,49,255,64,104,47,255,66,106,48,255,65,105,47,255,67,106,48,255,64,104,46,255,65,105,47,255,61,101,44,255,66,105,47,255,65,105,47,255,65,105,47,255,65,105,47,255,66,105,47,255,65,105,47,255,67,106,48,255,66,105,47,255,67,106,48,255,66,105,47,255,65,105,47,255,67,106,48,255,71,109,50,255,65,105,47,255,67,106,48,255,65,105,47,255,66,105,47,255,66,105,47,255,67,106,48,255,66,105,47,255,67,106,48,255,66,105,48,255,66,105,47,255,66,105,47,255,67,105,48,255,71,109,49,255,66,105,47,255,66,105,47,255,67,106,48,255,66,105,47,255,67,106,48,255,73,111,50,255,72,110,50,255,67,106,48,255,61,101,44,255,68,107,48,255,66,105,47,255,67,106,48,255,67,106,48,255,67,106,48,255,66,105,47,255,66,105,47,255,66,105,47,255,66,105,47,255,66,105,47,255,66,105,47,255,66,105,47,255,67,106,48,255,66,105,47,255,68,107,48,255,67,106,48,255,66,105,47,255,66,105,47,255,66,105,47,255,66,105,47,255,71,110,50,255,66,105,47,255,66,105,47,255,72,110,50,255,62,102,45,255,66,105,47,255,67,106,48,255,68,107,48,255,66,105,47,255,72,111,50,255,66,105,47,255,67,106,48,255,67,105,48,255,67,106,48,255,67,106,48,255,66,105,47,255,67,106,48,255,67,106,48,255,66,105,47,255,65,105,47,255,65,105,47,255,67,106,48,255,66,105,47,255,66,105,47,255,67,106,48,255,66,105,47,255,66,105,47,255,73,111,50,255,66,105,47,255,67,106,48,255,67,106,48,255,67,106,48,255,66,105,47,255,67,107,48,255,67,106,48,255,66,105,47,255,66,105,47,255,71,110,50,255,67,106,48,255,67,106,48,255,67,105,48,255,72,110,50,255,67,106,48,255,67,106,48,255,67,106,48,255,67,106,48,255,66,105,47,255,67,106,48,255,67,106,48,255,67,106,48,255,67,106,48,255,67,106,48,255,67,106,48,255,67,106,48,255,65,105,47,255,67,106,48,255,67,106,48,255,67,105,48,255,66,105,47,255,67,107,48,255,65,105,47,255,67,106,48,255,67,106,48,255,67,106,48,255,67,106,48,255,67,106,48,255,67,106,48,255,67,106,48,255,67,106,48,255,67,106,48,255,66,105,47,255,66,105,47,255,66,105,47,255,67,106,48,255,67,106,48,255,67,106,48,255,66,105,47,255,67,106,48,255,67,106,48,255,67,106,48,255,67,106,48,255,71,110,50,255,67,106,48,255,67,106,48,255,67,106,48,255,71,110,50,255,67,106,48,255,66,105,47,255,67,106,48,255,65,105,47,255,65,105,47,255,66,105,47,255,66,105,47,255,67,106,48,255,66,105,47,255,67,106,48,255,67,106,48,255,65,105,47,255,66,105,47,255,65,105,47,255,67,106,48,255,72,110,50,255,66,105,48,255,67,106,48,255,67,106,48,255,65,105,47,255,65,105,47,255,66,105,47,255,66,105,48,255,66,105,47,255,65,105,47,255,65,105,47,255,65,105,47,255,65,105,47,255,65,105,47,255,66,105,47,255,65,105,47,255,65,105,47,255,66,105,47,255,65,105,47,255,66,105,47,255,66,105,47,255,66,105,47,255,65,105,47,255,65,105,47,255,65,105,47,255,65,105,47,255,65,105,47,255,64,104,46,255,61,101,44,255,65,105,47,255,65,105,47,255,64,104,46,255,61,101,44,255,65,105,47,255,65,104,47,255,65,105,47,255,61,101,44,255,64,104,46,255,64,104,46,255,65,105,47,255,62,101,45,255,61,101,44,255,64,105,47,255,63,104,46,255,63,104,46,255,60,100,44,255,63,104,46,255,64,105,47,255,64,104,47,255,62,101,44,255,61,101,44,255,63,104,46,255,63,104,46,255,61,101,44,255,60,100,44,255,65,105,47,255,64,104,46,255,64,104,46,255,63,104,46,255,64,104,46,255,63,103,46,255,58,99,43,255,63,104,46,255,63,104,46,255,63,104,46,255,63,103,46,255,63,103,46,255,64,104,46,255,64,104,46,255,64,105,47,255,64,104,46,255,63,104,46,255,63,103,46,255,62,103,46,255,58,100,44,255,62,103,46,255,62,103,46,255,62,103,46,255,63,103,46,255,62,103,46,255,63,103,46,255,62,103,46,255,63,104,46,255,63,104,46,255,62,103,46,255,64,105,47,255,64,105,47,255,64,105,47,255,59,100,44,255,63,103,46,255,63,104,46,255,63,104,46,255,62,103,46,255,63,104,46,255,63,103,46,255,62,103,46,255,63,103,46,255,64,104,46,255,58,100,44,255,62,103,46,255,64,104,46,255,64,104,46,255,63,104,46,255,63,103,46,255,63,104,46,255,63,104,46,255,57,99,43,255,63,104,46,255,63,104,46,255,64,104,46,255,62,103,46,255,62,103,46,255,63,103,46,255,64,104,46,255,63,104,46,255,58,99,43,255,63,103,46,255,62,103,46,255,64,105,47,255,64,104,46,255,63,104,46,255,58,100,44,255,63,103,46,255,63,104,46,255,63,104,46,255,62,103,46,255,63,103,46,255,64,104,46,255,63,103,46,255,64,104,47,255,64,104,46,255,63,104,46,255,64,104,46,255,63,103,46,255,64,104,47,255,63,103,46,255,63,103,46,255,63,103,46,255,63,104,46,255,63,104,46,255,63,104,46,255,64,104,47,255,63,103,46,255,57,99,43,255,63,104,46,255,63,103,46,255,63,103,46,255,62,103,46,255,63,103,46,255,63,103,46,255,64,105,47,255,63,103,46,255,63,103,46,255,62,103,46,255,63,103,46,255,63,104,46,255,62,103,46,255,64,104,47,255,63,104,46,255,63,103,46,255,63,104,46,255,64,105,47,255,64,104,47,255,63,104,46,255,64,105,47,255,58,99,43,255,63,103,46,255,65,105,47,255,64,104,47,255,63,103,46,255,62,103,46,255,62,103,46,255,62,103,46,255,64,104,47,255,63,104,46,255,63,104,46,255,63,103,46,255,65,105,47,255,63,103,46,255,63,103,46,255,63,103,46,255,63,103,46,255,64,104,47,255,63,103,46,255,65,105,47,255,62,103,46,255,62,103,46,255,63,103,46,255,63,104,46,255,63,104,46,255,62,103,46,255,63,103,46,255,63,103,46,255,64,105,47,255,63,103,46,255,63,104,46,255,64,104,46,255,64,104,47,255,65,105,47,255,65,105,47,255,60,100,44,255,63,104,46,255,62,103,46,255,63,104,46,255,63,103,46,255,64,105,47,255,64,105,47,255,63,103,46,255,63,104,46,255,63,103,46,255,64,104,46,255,59,101,44,255,64,104,47,255,61,101,44,255,60,100,44,255,61,101,44,255,61,100,44,255,63,104,46,255,63,104,46,255,63,103,46,255,63,104,46,255,63,103,46,255,63,103,46,255,63,104,46,255,63,103,46,255,63,103,46,255,63,103,46,255,63,103,46,255,63,103,46,255,62,101,44,255,61,101,44,255,61,101,44,255,61,101,44,255,63,103,46,255,63,103,46,255,64,104,46,255,64,105,47,255,64,104,46,255,64,104,47,255,63,104,46,255,63,104,46,255,65,105,47,255,61,101,44,255,62,101,44,255,61,101,44,255,61,101,44,255,60,100,44,255,61,101,44,255,60,100,44,255,64,104,46,255,65,105,47,255,64,104,46,255,61,101,44,255,61,101,44,255,60,100,44,255,60,100,44,255,61,101,44,255,61,101,44,255,61,100,44,255,61,100,44,255,65,104,47,255,64,104,47,255,65,105,47,255,65,105,47,255,64,104,46,255,60,100,44,255,60,100,44,255,65,105,47,255,64,104,46,255,61,101,44,255,65,105,47,255,65,105,47,255,65,104,47,255,65,105,47,255,64,104,46,255,66,105,47,255,64,104,46,255,61,103,47,255,55,101,46,255,48,95,43,255,49,96,44,255,65,105,47,255,64,104,46,255,66,105,47,255,61,103,47,255,65,105,47,255,66,105,47,255,65,105,47,255,55,100,46,255,65,105,47,255,66,105,47,255,61,103,47,255,38,88,39,255,49,95,43,255,49,96,43,255,39,88,39,255,59,108,55,255,59,107,55,255,38,88,39,255,51,96,44,255,58,100,45,255,38,88,39,255,58,100,45,255,60,100,44,255,60,100,44,255,54,99,46,255,65,105,47,255,60,100,44,255,61,101,44,255,60,103,46,255,63,104,46,255,65,105,47,255,60,100,44,255,60,100,44,255,61,101,44,255,61,100,44,255,64,104,46,255,60,100,44,255,61,101,44,255,61,100,44,255,61,101,44,255,61,101,44,255,61,100,44,255,61,101,44,255,61,101,44,255,61,101,44,255,55,96,41,255,60,100,44,255,60,100,44,255,65,105,47,255,65,105,47,255,65,105,47,255,65,105,47,255,64,104,46,255,65,105,47,255,65,105,47,255,65,105,47,255,63,104,46,255,65,105,47,255,64,104,47,255,66,105,47,255,65,105,47,255,64,104,46,255,65,105,47,255,65,105,47,255,65,105,47,255,71,110,50,255,65,105,47,255,66,105,47,255,65,105,47,255,66,106,48,255,65,105,47,255,66,105,47,255,65,105,47,255,66,105,47,255,65,105,47,255,65,105,47,255,66,106,48,255,65,104,47,255,71,109,50,255,67,106,48,255],"diagnostics":{"requested":108,"queued":null,"dispatched":16,"completed":16,"published":15,"latestPublications":5,"intermediatePublications":10,"staleDiscarded":1,"discarded":1,"coalesced":92,"failures":0,"resets":0,"workerStarts":1,"retries":0,"snapshots":16,"maxQueued":1,"maxInFlight":1,"latestRequestedGeneration":108,"latestPublishedGeneration":108,"latestRasterGeneration":108,"completedWorkerEpoch":0,"completedRasterRevision":16,"publishedWorkerEpoch":0,"publishedRasterRevision":16,"installedWorkerEpoch":0,"installedRasterRevision":16,"uploadSkippedSameRevision":0,"validRaster":true,"emergencyMode":false,"requestMs":0.2999999523162842,"publishMs":43.999999940395355,"maxRequestMs":0.10000002384185791,"maxPublishMs":7,"lastWorkerMs":82.19999998807907,"maxWorkerMs":435.19999998807907,"requestSamplesMs":[0.10000002384185791,0,0,0,0,0,0,0,0.09999996423721313,0,0,0,0,0,0,0,0,0,0,0,0,0,0,0,0,0,0,0,0,0,0,0,0,0,0,0,0,0,0,0,0,0,0,0,0,0,0,0,0,0,0,0,0,0,0,0,0,0,0,0,0,0,0,0,0,0,0,0,0,0,0,0,0,0,0,0,0,0,0,0,0,0,0,0,0,0,0,0,0,0,0,0,0,0,0,0,0.09999996423721313,0,0,0,0,0,0,0,0,0,0,0,0,0],"publishSamplesMs":[7,2.5,2.600000023841858,2.5,2.199999988079071,2.5,2.899999976158142,2.300000011920929,1.7999999523162842,3.800000011920929,2.600000023841858,2.199999988079071,2.699999988079071,2.5,3.899999976158142,3.699999988079071,1.9000000357627869],"fallback":"none","failure":null,"generation":108,"inFlight":null,"epoch":0,"stopped":false},"validPublications":1},"nextTick":{"generation":109,"pixel":[50,97,44,255,65,103,46,255,70,107,49,255,69,107,49,255,51,97,44,255,68,107,48,255,68,107,48,255,70,107,49,255,51,97,44,255,70,107,49,255,70,107,49,255,70,107,49,255,51,97,44,255,69,107,49,255,70,108,49,255,68,106,48,255,70,107,49,255,63,102,45,255,69,107,48,255,68,106,48,255,68,107,48,255,68,106,48,255,69,107,49,255,67,106,48,255,69,107,49,255,69,107,49,255,68,106,48,255,68,106,48,255,69,107,49,255,70,108,48,255,69,107,49,255,68,106,48,255,68,106,48,255,64,102,45,255,64,102,45,255,68,106,48,255,72,110,50,255,65,103,46,255,64,103,45,255,66,105,47,255,69,107,49,255,64,102,45,255,64,103,46,255,67,106,48,255,68,106,48,255,64,102,45,255,63,102,45,255,68,107,48,255,67,106,48,255,67,106,48,255,65,105,47,255,67,106,48,255,66,105,47,255,65,105,47,255,66,105,48,255,65,105,47,255,67,106,48,255,65,105,47,255,67,106,48,255,65,105,47,255,66,105,47,255,71,109,50,255,67,106,48,255,65,105,47,255,65,105,47,255,65,105,47,255,64,104,47,255,62,101,44,255,66,105,47,255,64,104,47,255,65,105,47,255,62,101,45,255,66,105,47,255,66,105,47,255,65,105,47,255,61,101,44,255,66,105,47,255,65,105,47,255,65,105,47,255,61,100,44,255,60,100,44,255,64,104,47,255,63,103,46,255,63,103,47,255,61,101,44,255,63,103,46,255,63,103,46,255,63,104,47,255,61,101,44,255,64,104,47,255,63,104,47,255,63,103,47,255,61,101,44,255,63,103,46,255,63,103,46,255,64,104,47,255,63,104,47,255,62,103,46,255,62,103,46,255,62,103,46,255,57,99,43,255,63,104,47,255,63,103,46,255,63,104,47,255,63,103,46,255,62,103,46,255,61,103,46,255,63,104,47,255,63,104,47,255,63,103,46,255,62,103,46,255,61,102,46,255,61,103,46,255,62,103,46,255,62,103,46,255,61,103,46,255,61,102,45,255,61,102,46,255,61,102,46,255,61,103,46,255,62,103,46,255,61,102,46,255,61,102,45,255,62,103,46,255,62,103,46,255,61,103,46,255,61,102,45,255,61,102,45,255,61,103,46,255,61,102,45,255,57,99,43,255,61,102,45,255,62,103,46,255,61,103,46,255,61,102,45,255,62,103,46,255,63,103,46,255,62,103,46,255,61,103,46,255,61,103,46,255,62,103,46,255,62,103,46,255,61,103,46,255,62,103,46,255,62,103,46,255,61,102,45,255,62,103,46,255,61,102,45,255,62,103,46,255,62,103,46,255,62,103,46,255,62,103,46,255,62,103,46,255,61,102,45,255,62,103,46,255,61,102,45,255,61,102,45,255,62,103,46,255,62,103,46,255,61,103,46,255,63,103,46,255,61,102,45,255,61,102,46,255,62,103,46,255,61,102,46,255,62,103,46,255,62,103,46,255,62,103,46,255,62,103,46,255,61,103,46,255,62,103,46,255,63,103,46,255,61,102,46,255,61,102,45,255,61,102,45,255,56,98,43,255,62,103,46,255,62,103,46,255,63,103,46,255,63,104,47,255,61,102,45,255,63,104,46,255,61,103,46,255,61,103,46,255,63,104,46,255,61,102,45,255,62,103,46,255,63,104,47,255,62,103,46,255,62,103,46,255,62,103,46,255,61,102,45,255,61,103,46,255,62,103,46,255,63,103,46,255,62,103,46,255,63,103,46,255,63,103,46,255,63,104,47,255,62,103,46,255,62,103,46,255,62,103,46,255,61,103,46,255,62,103,46,255,61,102,45,255,61,102,45,255,61,103,46,255,62,103,46,255,62,103,46,255,61,102,45,255,62,103,46,255,63,103,46,255,62,103,46,255,61,102,45,255,62,103,46,255,62,103,46,255,63,103,46,255,61,102,45,255,61,102,45,255,61,103,46,255,62,103,46,255,63,103,46,255,61,102,45,255,61,102,45,255,61,102,45,255,61,102,45,255,60,102,45,255,57,99,43,255,62,103,46,255,61,103,46,255,61,103,46,255,58,99,43,255,62,103,46,255,61,103,46,255,62,103,46,255,58,99,43,255,61,102,45,255,62,103,46,255,62,103,46,255,57,99,43,255,57,99,43,255,57,98,43,255,58,99,43,255,61,103,46,255,58,99,43,255,58,99,43,255,57,98,43,255,59,101,45,255,58,99,43,255,58,99,43,255,57,99,43,255,60,102,45,255,57,99,43,255,59,99,44,255,57,98,43,255,60,102,45,255,55,98,42,255,61,103,46,255,59,101,45,255,59,101,45,255,61,103,46,255,60,102,45,255,61,102,45,255,60,102,45,255,60,102,45,255,61,103,46,255,61,102,45,255,60,102,45,255,61,103,46,255,61,103,46,255,60,102,45,255,60,102,45,255,60,102,45,255,59,101,45,255,60,102,45,255,61,102,45,255,61,103,46,255,61,103,46,255,60,102,45,255,60,102,45,255,60,102,45,255,61,102,46,255,61,103,46,255,60,101,45,255,61,102,45,255,60,101,45,255,56,99,43,255,59,101,45,255,61,103,46,255,57,99,43,255,58,99,43,255,53,95,40,255,61,102,45,255,57,98,42,255,57,98,43,255,57,98,43,255,60,102,45,255,57,99,43,255,57,98,43,255,59,99,44,255,61,103,46,255,58,99,43,255,57,98,43,255,57,98,43,255,62,103,46,255,62,103,46,255,61,103,46,255,62,103,46,255,61,102,45,255,61,102,46,255,61,102,45,255,63,103,46,255,61,103,46,255,62,103,46,255,62,103,46,255,63,103,46,255,61,102,45,255,61,102,46,255,61,103,46,255,62,103,46,255,62,103,46,255,63,104,47,255,57,99,43,255,62,103,46,255,62,103,46,255,63,104,47,255,62,103,46,255,63,103,46,255,62,103,46,255,63,104,47,255,62,103,46,255,64,104,47,255,62,103,46,255,62,103,46,255,62,103,46,255,62,103,46,255,62,103,46,255,64,104,47,255,63,104,47,255,49,95,43,255,64,105,47,255,63,103,46,255,64,104,47,255,47,95,43,255,64,104,47,255,63,103,46,255,63,104,47,255,47,95,43,255,64,104,47,255,63,104,47,255,64,104,47,255,48,95,43,255,51,97,44,255,70,108,49,255,68,107,48,255,70,107,49,255,51,97,44,255,70,107,49,255,70,107,49,255,70,107,49,255,51,97,44,255,65,104,46,255,69,107,49,255,69,107,49,255,51,97,44,255,68,107,48,255,75,112,51,255,68,106,48,255,69,107,49,255,68,106,48,255,68,106,48,255,68,106,48,255,70,107,49,255,70,107,49,255,69,107,49,255,69,107,48,255,68,106,48,255,74,112,51,255,69,107,49,255,68,107,48,255,75,112,51,255,68,106,48,255,69,107,49,255,68,106,48,255,67,105,48,255,65,103,46,255,65,103,46,255,67,105,48,255,68,106,48,255,64,103,45,255,64,103,46,255,66,105,47,255,67,106,48,255,64,103,45,255,68,107,48,255,66,105,47,255,65,103,46,255,65,103,46,255,68,107,48,255,67,106,48,255,67,106,48,255,66,105,47,255,66,105,48,255,66,105,47,255,66,105,47,255,72,111,50,255,66,105,47,255,65,105,47,255,66,105,47,255,66,105,48,255,66,105,47,255,66,106,48,255,68,106,48,255,66,105,47,255,66,105,47,255,66,105,47,255,65,105,47,255,66,105,47,255,65,105,47,255,60,100,44,255,66,106,48,255,65,105,47,255,64,104,47,255,61,100,44,255,65,104,47,255,65,105,47,255,63,104,47,255,62,101,45,255,65,105,47,255,65,105,47,255,64,104,47,255,61,101,44,255,61,101,44,255,63,103,46,255,63,104,47,255,63,103,46,255,64,104,47,255,64,104,47,255,63,104,47,255,63,104,47,255,64,104,47,255,65,105,47,255,63,104,47,255,64,104,47,255,65,105,47,255,63,104,47,255,63,103,46,255,62,103,46,255,63,104,47,255,62,103,46,255,63,103,46,255,61,103,46,255,63,103,46,255,62,103,46,255,63,104,46,255,63,104,47,255,63,104,47,255,62,103,46,255,62,103,46,255,63,104,46,255,62,103,46,255,63,104,47,255,62,103,46,255,61,102,46,255,63,103,46,255,61,103,46,255,61,102,46,255,62,103,46,255,62,103,46,255,63,104,46,255,62,103,46,255,62,103,46,255,63,104,47,255,63,103,46,255,61,103,46,255,61,102,45,255,62,103,46,255,62,103,46,255,62,103,46,255,61,103,46,255,62,103,46,255,62,103,46,255,61,103,46,255,62,103,46,255,62,103,46,255,61,103,46,255,61,102,46,255,61,103,46,255,56,98,42,255,61,103,46,255,61,103,46,255,61,103,46,255,61,103,46,255,61,102,45,255,61,102,46,255,61,102,45,255,62,103,46,255,61,102,45,255,61,102,46,255,61,102,45,255,62,103,46,255,61,103,46,255,61,102,45,255,57,99,43,255,62,103,46,255,61,102,45,255,62,103,46,255,61,103,46,255,58,99,43,255,58,99,43,255,57,98,43,255,57,99,43,255,62,103,46,255,61,102,46,255,62,103,46,255,61,103,46,255,61,102,46,255,61,103,46,255,61,102,45,255,62,103,46,255,62,103,46,255,61,103,46,255,61,102,46,255,60,102,45,255,62,103,46,255,62,103,46,255,61,102,45,255,62,103,46,255,62,103,46,255,62,103,46,255,62,103,46,255,61,102,46,255,61,102,46,255,61,102,45,255,61,103,46,255,62,103,46,255,61,102,46,255,61,102,45,255,61,102,45,255,62,103,46,255,60,102,45,255,62,103,46,255,60,102,45,255,61,103,46,255,61,103,46,255,56,98,43,255,61,103,46,255,61,102,46,255,62,103,46,255,61,103,46,255,62,103,46,255,62,103,46,255,61,103,46,255,62,103,46,255,62,103,46,255,61,103,46,255,62,103,46,255,61,102,45,255,60,102,45,255,61,103,46,255,61,102,45,255,62,103,46,255,61,102,45,255,61,102,45,255,61,103,46,255,61,103,46,255,62,103,46,255,62,103,46,255,61,103,46,255,61,102,45,255,62,103,46,255,60,102,45,255,62,103,46,255,61,102,45,255,61,102,46,255,59,99,44,255,61,103,46,255,57,99,43,255,59,100,44,255,57,98,43,255,62,103,46,255,61,102,46,255,57,99,43,255,59,99,44,255,62,103,46,255,53,95,40,255,58,99,43,255,57,98,43,255,57,98,43,255,57,98,43,255,57,99,43,255,59,99,44,255,59,99,44,255,58,99,43,255,60,101,45,255,61,103,46,255,58,99,43,255,58,99,43,255,61,102,46,255,61,103,46,255,58,99,43,255,61,103,46,255,60,102,45,255,55,98,42,255,60,101,45,255,60,102,45,255,60,101,45,255,61,102,45,255,60,102,45,255,61,103,46,255,59,101,45,255,60,102,45,255,61,103,46,255,60,101,45,255,60,102,45,255,60,101,45,255,60,102,45,255,60,102,45,255,61,103,46,255,60,102,45,255,60,102,45,255,59,101,45,255,60,102,45,255,60,102,45,255,60,102,45,255,61,103,46,255,60,102,45,255,61,102,45,255,61,102,46,255,60,101,45,255,60,101,45,255,60,102,45,255,60,102,45,255,60,102,45,255,60,102,45,255,60,102,45,255,61,102,46,255,60,102,45,255,61,103,46,255,61,102,46,255,60,102,45,255,58,99,43,255,59,99,43,255,57,98,43,255,60,102,45,255,57,98,43,255,58,99,43,255,57,98,43,255,61,102,45,255,57,98,43,255,58,99,43,255,58,99,43,255,61,102,45,255,58,99,43,255,57,98,43,255,58,99,43,255,62,103,46,255,62,103,46,255,61,102,45,255,62,103,46,255,61,102,45,255,61,102,45,255,62,103,46,255,62,103,46,255,61,103,46,255,62,103,46,255,62,103,46,255,63,104,46,255,61,102,45,255,61,102,45,255,62,103,46,255,63,103,46,255,63,104,47,255,63,104,47,255,64,104,47,255,64,105,47,255,62,103,46,255,63,104,47,255,63,103,46,255,64,104,47,255,63,104,47,255,62,103,46,255,63,104,47,255,63,103,46,255,61,103,46,255,62,103,46,255,63,104,47,255,63,103,46,255,63,103,46,255,63,103,47,255,65,105,47,255,47,95,43,255,64,104,47,255,63,103,46,255,63,103,46,255,48,95,43,255,62,103,46,255,63,103,46,255,65,105,47,255,48,95,43,255,64,104,47,255,63,104,47,255,64,105,47,255,48,95,43,255,51,97,44,255,68,106,48,255,74,111,51,255,70,107,49,255,51,97,44,255,65,103,46,255,69,107,49,255,68,107,48,255,51,97,44,255,69,107,48,255,70,108,49,255,70,107,49,255,50,97,44,255,69,107,48,255,64,103,46,255,69,107,49,255,69,107,49,255,69,107,49,255,68,107,48,255,68,106,48,255,68,106,48,255,68,107,48,255,68,106,48,255,69,107,49,255,70,107,49,255,69,107,48,255,74,111,51,255,74,111,51,255,68,106,48,255,69,107,49,255,67,106,48,255,68,106,48,255,64,102,45,255,64,103,46,255,67,105,48,255,66,105,47,255,64,102,45,255,65,103,46,255,67,106,48,255,66,105,47,255,65,103,46,255,65,103,45,255,66,105,47,255,68,106,48,255,64,102,45,255,64,102,45,255,67,106,48,255,68,106,48,255,71,109,50,255,72,111,50,255,66,105,48,255,65,105,47,255,66,105,47,255,61,101,44,255,71,109,50,255,65,105,47,255,67,106,48,255,66,105,47,255,66,105,47,255,64,104,47,255,67,106,48,255,66,106,48,255,66,106,48,255,65,105,47,255,65,105,47,255,66,105,47,255,61,101,44,255,60,100,44,255,66,105,47,255,64,104,47,255,60,100,44,255,60,100,44,255,64,104,47,255,65,104,47,255,61,101,44,255,61,101,44,255,65,104,47,255,65,105,47,255,61,100,44,255,64,104,47,255,63,103,46,255,63,104,47,255,63,103,46,255,63,103,46,255,63,103,46,255,63,103,46,255,64,104,47,255,63,104,47,255,64,104,47,255,64,105,47,255,63,104,47,255,63,103,46,255,63,103,46,255,62,103,46,255,62,103,46,255,62,103,46,255,62,103,46,255,62,103,46,255,62,103,46,255,62,103,46,255,62,103,46,255,63,104,47,255,61,103,46,255,61,102,46,255,62,103,46,255,61,102,46,255,63,103,46,255,61,103,46,255,62,103,46,255,62,103,46,255,62,103,46,255,63,103,46,255,61,102,45,255,62,103,46,255,62,103,46,255,61,103,46,255,61,102,46,255,61,102,46,255,62,103,46,255,61,103,46,255,61,103,46,255,62,103,46,255,62,103,46,255,61,102,45,255,61,102,45,255,61,102,45,255,61,103,46,255,58,99,43,255,61,103,46,255,61,102,45,255,57,99,43,255,58,99,43,255,62,103,46,255,57,99,43,255,58,99,43,255,59,99,44,255,59,99,43,255,58,99,43,255,58,99,43,255,57,99,43,255,57,98,43,255,57,98,43,255,57,99,43,255,58,99,43,255,57,98,43,255,57,98,43,255,57,98,43,255,57,98,43,255,53,95,40,255,57,98,43,255,58,99,43,255,58,99,43,255,57,98,42,255,58,99,43,255,57,98,42,255,57,98,43,255,57,98,43,255,60,102,45,255,61,102,45,255,60,102,45,255,58,99,43,255,58,99,43,255,58,99,43,255,57,98,43,255,58,99,43,255,59,99,44,255,58,99,43,255,57,98,43,255,57,98,43,255,57,98,43,255,57,98,43,255,58,99,43,255,61,103,46,255,60,102,45,255,61,103,46,255,61,102,45,255,57,99,43,255,57,98,43,255,53,95,40,255,58,99,43,255,58,99,43,255,58,99,43,255,57,99,43,255,57,99,43,255,57,98,43,255,57,98,43,255,58,99,43,255,58,99,43,255,61,103,46,255,61,102,45,255,56,98,42,255,60,102,45,255,59,99,44,255,61,103,46,255,62,103,46,255,58,99,43,255,58,99,43,255,57,98,43,255,58,99,43,255,57,99,43,255,58,99,43,255,54,95,41,255,57,98,43,255,57,98,43,255,61,103,46,255,55,97,42,255,60,101,45,255,61,103,46,255,58,99,43,255,58,99,43,255,59,99,44,255,57,99,43,255,59,99,44,255,57,98,43,255,57,98,43,255,57,98,43,255,58,99,43,255,57,99,43,255,60,102,45,255,60,102,45,255,61,103,46,255,61,103,46,255,61,103,46,255,60,102,45,255,59,99,44,255,57,99,43,255,58,99,43,255,60,102,45,255,57,99,43,255,60,101,45,255,61,103,46,255,60,102,45,255,60,102,45,255,59,101,45,255,61,103,46,255,59,101,45,255,61,103,46,255,61,103,46,255,59,101,45,255,59,101,45,255,61,103,46,255,61,103,46,255,60,102,45,255,60,102,45,255,60,102,45,255,60,102,45,255,60,102,45,255,61,103,46,255,60,102,45,255,59,101,45,255,60,101,45,255,61,102,45,255,60,102,45,255,60,101,45,255,61,103,46,255,59,101,45,255,61,103,46,255,61,102,45,255,60,102,45,255,59,101,45,255,60,102,45,255,59,101,45,255,60,102,45,255,61,102,45,255,60,102,45,255,61,102,45,255,61,103,46,255,60,102,45,255,55,98,42,255,61,102,46,255,60,101,45,255,61,103,46,255,61,103,46,255,60,101,45,255,61,103,46,255,59,101,45,255,59,101,45,255,60,102,45,255,61,102,45,255,60,102,45,255,60,102,45,255,61,103,46,255,60,102,45,255,61,103,46,255,60,102,45,255,61,103,46,255,60,102,45,255,60,102,45,255,61,103,46,255,57,98,43,255,59,99,44,255,57,98,43,255,61,103,46,255,57,98,43,255,57,98,43,255,62,103,46,255,58,99,43,255,59,99,44,255,58,99,43,255,61,103,46,255,57,98,43,255,57,99,43,255,57,99,43,255,61,103,46,255,60,102,45,255,63,103,46,255,62,103,46,255,61,103,46,255,61,102,45,255,61,102,46,255,61,103,46,255,62,103,46,255,62,103,46,255,61,103,46,255,61,102,46,255,62,103,46,255,61,102,45,255,62,103,46,255,61,103,46,255,62,103,46,255,63,103,46,255,62,103,46,255,62,103,46,255,63,104,47,255,63,104,47,255,63,103,46,255,64,104,47,255,63,104,47,255,62,103,46,255,62,103,46,255,62,103,46,255,64,104,47,255,61,103,46,255,63,104,47,255,62,103,46,255,64,105,47,255,63,103,46,255,65,105,47,255,61,101,44,255,48,95,43,255,63,103,46,255,63,103,46,255,60,100,44,255,48,95,43,255,63,103,46,255,59,100,44,255,61,101,44,255,49,96,43,255,64,104,47,255,64,104,47,255,61,101,44,255,48,95,43,255,51,97,44,255,74,111,51,255,69,107,49,255,70,107,49,255,50,96,44,255,69,107,48,255,70,107,49,255,69,107,48,255,58,102,47,255,68,106,48,255,70,107,49,255,68,106,48,255,60,101,46,255,68,106,48,255,68,107,48,255,70,107,49,255,74,111,51,255,68,106,48,255,68,106,48,255,68,107,48,255,70,107,49,255,68,106,48,255,68,106,48,255,65,103,46,255,68,106,48,255,69,107,48,255,67,106,48,255,64,102,45,255,68,106,48,255,68,107,48,255,74,111,51,255,64,103,46,255,63,102,45,255,67,106,48,255,67,106,48,255,68,106,48,255,65,103,46,255,66,105,47,255,67,106,48,255,68,106,48,255,65,103,46,255,68,106,48,255,67,106,48,255,66,105,47,255,64,103,45,255,67,106,48,255,66,105,47,255,66,105,48,255,66,105,47,255,65,105,47,255,61,101,44,255,65,105,47,255,67,106,48,255,66,105,47,255,71,109,50,255,66,105,47,255,66,105,47,255,66,105,47,255,64,104,47,255,64,104,47,255,67,106,48,255,65,105,47,255,66,105,47,255,65,105,47,255,65,105,47,255,64,104,47,255,60,100,44,255,63,103,46,255,64,104,47,255,61,101,44,255,61,101,44,255,58,99,43,255,59,100,44,255,61,100,44,255,65,105,47,255,63,104,47,255,65,105,47,255,60,100,44,255,64,104,47,255,63,103,46,255,64,104,47,255,63,103,46,255,63,104,47,255,63,103,46,255,63,104,47,255,63,103,46,255,63,103,46,255,63,104,47,255,63,104,47,255,63,104,47,255,62,103,46,255,63,104,47,255,64,104,47,255,63,104,47,255,62,103,46,255,62,103,46,255,63,104,47,255,62,103,46,255,62,103,46,255,62,103,46,255,63,104,47,255,62,103,46,255,62,103,46,255,62,103,46,255,63,103,46,255,61,102,46,255,62,103,46,255,56,98,42,255,63,103,46,255,62,103,46,255,62,103,46,255,62,103,46,255,61,103,46,255,62,103,46,255,57,98,43,255,58,99,43,255,61,103,46,255,60,102,45,255,59,99,44,255,57,98,43,255,56,98,42,255,57,98,43,255,58,99,43,255,57,99,43,255,61,103,46,255,58,99,43,255,57,99,43,255,57,98,43,255,58,99,43,255,57,98,43,255,58,99,43,255,61,102,46,255,57,99,43,255,57,98,43,255,61,102,45,255,61,102,45,255,57,99,43,255,61,103,46,255,61,103,46,255,61,103,46,255,57,99,43,255,59,101,45,255,61,102,46,255,60,102,45,255,60,101,45,255,60,102,45,255,61,103,46,255,60,102,45,255,59,101,45,255,61,102,46,255,59,101,45,255,60,102,45,255,59,101,45,255,61,103,46,255,60,102,45,255,59,101,45,255,59,101,45,255,59,101,45,255,60,102,45,255,59,101,45,255,60,102,45,255,59,101,45,255,59,101,45,255,59,101,45,255,61,103,46,255,61,103,46,255,60,102,45,255,60,102,45,255,59,101,45,255,59,101,45,255,60,102,45,255,60,102,45,255,59,101,45,255,55,98,42,255,59,101,45,255,59,101,45,255,59,101,45,255,60,102,45,255,59,101,45,255,59,101,45,255,59,101,45,255,61,102,45,255,59,101,45,255,59,101,45,255,61,103,46,255,61,103,46,255,59,101,45,255,60,102,45,255,59,101,45,255,59,101,45,255,60,102,45,255,60,102,45,255,60,102,45,255,61,103,46,255,61,102,46,255,60,102,45,255,59,101,45,255,60,102,45,255,61,102,45,255,59,101,45,255,59,101,45,255,59,101,45,255,59,101,45,255,60,102,45,255,59,101,45,255,60,102,45,255,59,101,45,255,59,101,45,255,59,101,45,255,60,102,45,255,61,103,46,255,61,103,46,255,61,103,46,255,60,102,45,255,59,101,45,255,59,101,45,255,59,101,45,255,59,101,45,255,60,102,45,255,61,102,45,255,60,102,45,255,60,102,45,255,59,102,45,255,59,101,45,255,61,103,46,255,60,101,45,255,59,101,45,255,61,103,46,255,61,102,45,255,54,97,42,255,60,102,45,255,59,101,45,255,59,101,45,255,59,101,45,255,59,101,45,255,55,97,42,255,60,102,45,255,59,101,45,255,60,102,45,255,59,101,45,255,61,103,46,255,59,101,45,255,61,103,46,255,59,101,45,255,59,101,45,255,60,102,45,255,60,101,45,255,60,102,45,255,59,101,45,255,60,102,45,255,55,98,42,255,60,102,45,255,60,102,45,255,59,101,45,255,60,102,45,255,59,101,45,255,59,101,45,255,59,101,45,255,59,101,45,255,59,101,45,255,59,101,45,255,59,101,45,255,59,101,45,255,60,102,45,255,59,101,45,255,61,103,46,255,61,103,46,255,60,102,45,255,60,102,45,255,61,103,46,255,60,102,45,255,59,101,45,255,60,101,45,255,59,101,45,255,59,101,45,255,60,101,45,255,60,101,45,255,61,102,46,255,61,102,46,255,60,102,45,255,61,103,46,255,60,101,45,255,61,103,46,255,61,103,46,255,60,102,45,255,61,103,46,255,61,102,45,255,58,99,43,255,57,99,43,255,57,99,43,255,57,98,43,255,62,103,46,255,58,99,43,255,58,99,43,255,58,99,43,255,61,102,46,255,57,99,43,255,58,99,43,255,58,99,43,255,62,103,46,255,58,99,43,255,57,98,43,255,61,103,46,255,62,103,46,255,61,102,45,255,61,102,45,255,62,103,46,255,62,103,46,255,62,103,46,255,63,103,46,255,61,103,46,255,63,103,46,255,61,103,46,255,62,103,46,255,61,103,46,255,62,103,46,255,61,102,45,255,62,103,46,255,63,103,46,255,61,103,46,255,61,103,46,255,63,104,47,255,63,104,47,255,63,104,47,255,62,103,46,255,62,103,46,255,64,104,47,255,63,103,46,255,63,103,46,255,63,104,47,255,63,104,47,255,64,104,47,255,63,104,47,255,62,103,46,255,63,104,47,255,63,104,47,255,63,103,46,255,63,104,47,255,61,101,44,255,48,95,43,255,63,104,47,255,63,103,46,255,61,101,44,255,48,95,43,255,64,104,47,255,64,104,47,255,61,101,44,255,48,95,43,255,64,104,47,255,57,97,42,255,60,100,44,255,48,95,43,255,61,109,56,255,39,88,39,255,57,101,47,255,65,105,49,255,39,88,39,255,64,105,48,255,70,108,49,255,69,107,49,255,57,101,47,255,68,106,48,255,68,106,48,255,69,107,49,255,65,105,49,255,68,107,48,255,68,107,48,255,68,106,48,255,69,107,49,255,69,107,49,255,68,106,48,255,68,106,48,255,69,107,49,255,70,107,49,255,69,107,49,255,68,106,48,255,69,107,49,255,69,107,49,255,68,106,48,255,68,106,48,255,68,106,48,255,64,103,46,255,68,106,48,255,68,106,48,255,68,107,48,255,68,106,48,255,68,107,48,255,65,103,46,255,74,111,51,255,68,106,48,255,68,106,48,255,65,103,46,255,68,107,48,255,68,106,48,255,59,98,42,255,64,103,46,255,68,106,48,255,68,106,48,255,63,102,45,255,70,107,48,255,63,102,45,255,67,106,48,255,66,105,47,255,72,111,50,255,66,105,47,255,67,106,48,255,61,101,44,255,67,106,48,255,67,105,47,255,67,105,47,255,65,105,47,255,65,105,47,255,67,106,48,255,67,106,48,255,66,105,48,255,66,105,47,255,66,105,47,255,66,105,47,255,65,105,47,255,65,105,47,255,65,105,47,255,65,105,47,255,65,105,47,255,65,105,47,255,65,105,47,255,65,105,47,255,65,105,47,255,65,105,47,255,66,105,47,255,65,105,47,255,64,104,47,255,65,105,47,255,65,105,47,255,60,100,44,255,63,104,47,255,62,103,46,255,61,100,44,255,60,100,44,255,64,104,47,255,59,100,44,255,62,101,44,255,63,103,46,255,64,104,47,255,62,103,46,255,61,101,44,255,63,104,47,255,64,105,47,255,63,103,46,255,64,104,47,255,63,104,47,255,62,103,46,255,63,103,46,255,63,104,47,255,62,103,46,255,61,103,46,255,62,103,46,255,63,104,47,255,63,104,47,255,62,103,46,255,62,103,46,255,62,103,46,255,63,103,46,255,61,103,46,255,63,104,46,255,63,104,46,255,61,103,46,255,61,102,46,255,61,102,46,255,61,103,46,255,62,103,46,255,62,103,46,255,62,103,46,255,61,103,46,255,61,103,46,255,61,103,46,255,61,102,46,255,61,102,46,255,62,103,46,255,62,103,46,255,61,102,45,255,62,103,46,255,57,99,43,255,58,99,43,255,57,98,42,255,59,99,44,255,58,99,43,255,58,99,43,255,57,98,42,255,58,99,43,255,57,98,43,255,57,98,43,255,61,103,46,255,53,95,40,255,57,99,43,255,59,99,44,255,60,101,45,255,61,103,46,255,61,103,46,255,60,102,45,255,61,102,45,255,60,102,45,255,61,102,45,255,61,102,45,255,59,101,45,255,61,103,46,255,59,101,45,255,59,101,45,255,60,102,45,255,60,101,45,255,59,101,45,255,59,101,45,255,61,102,46,255,59,101,45,255,59,101,45,255,59,101,45,255,61,103,46,255,60,102,45,255,61,103,46,255,60,102,45,255,59,101,45,255,60,102,45,255,59,101,45,255,60,102,45,255,60,102,45,255,60,102,45,255,61,103,46,255,60,102,45,255,60,102,45,255,61,102,45,255,60,102,45,255,59,101,45,255,59,101,45,255,60,102,45,255,59,101,45,255,59,101,45,255,60,102,45,255,59,101,45,255,60,102,45,255,60,102,45,255,58,101,44,255,59,101,45,255,60,102,45,255,58,101,44,255,60,102,45,255,60,102,45,255,59,101,45,255,59,101,44,255,60,102,45,255,59,101,45,255,60,102,45,255,59,102,45,255,59,102,45,255,60,102,45,255,58,101,44,255,60,102,45,255,60,102,45,255,59,101,45,255,59,101,45,255,59,101,45,255,58,101,44,255,60,102,45,255,59,101,44,255,59,101,45,255,59,101,44,255,59,101,44,255,58,101,44,255,60,102,45,255,59,101,45,255,59,101,45,255,60,102,45,255,59,101,45,255,59,101,45,255,58,101,44,255,59,102,45,255,59,102,45,255,59,101,45,255,60,102,45,255,59,101,45,255,60,102,45,255,60,102,45,255,60,102,45,255,59,102,45,255,59,101,45,255,58,101,44,255,59,101,45,255,59,101,45,255,60,102,45,255,59,101,44,255,60,102,45,255,60,102,45,255,58,101,44,255,58,101,44,255,59,101,44,255,59,101,44,255,59,101,45,255,60,102,45,255,59,101,45,255,59,101,45,255,59,101,45,255,59,101,44,255,59,101,45,255,59,101,45,255,58,101,44,255,60,102,45,255,55,97,42,255,59,101,45,255,59,101,45,255,59,101,45,255,59,101,45,255,60,102,45,255,60,102,45,255,59,101,45,255,59,101,45,255,60,102,45,255,61,103,46,255,59,101,45,255,60,102,45,255,59,101,44,255,55,97,42,255,59,101,45,255,60,102,45,255,60,102,45,255,60,102,45,255,60,102,45,255,60,102,45,255,59,101,45,255,59,101,45,255,60,102,45,255,59,101,45,255,59,101,45,255,61,102,46,255,60,102,45,255,59,101,45,255,61,103,46,255,60,102,45,255,61,102,45,255,60,102,45,255,60,102,45,255,60,102,45,255,60,101,45,255,60,102,45,255,61,103,46,255,61,102,45,255,58,99,43,255,61,103,46,255,59,101,45,255,61,103,46,255,58,99,43,255,59,101,45,255,59,101,45,255,58,99,43,255,58,99,43,255,61,103,46,255,61,103,46,255,57,98,43,255,58,99,43,255,57,99,43,255,59,99,44,255,62,103,46,255,61,103,46,255,57,98,43,255,58,99,43,255,61,103,46,255,61,103,46,255,57,99,43,255,61,102,45,255,61,103,46,255,61,102,45,255,57,99,43,255,61,103,46,255,62,103,46,255,61,102,46,255,61,102,45,255,61,103,46,255,61,103,46,255,61,103,46,255,61,103,46,255,63,104,47,255,61,103,46,255,61,103,46,255,61,103,46,255,61,103,46,255,62,103,46,255,63,104,46,255,61,102,46,255,63,103,46,255,62,103,46,255,63,103,46,255,63,103,46,255,63,104,47,255,58,99,43,255,63,104,47,255,63,103,46,255,63,103,46,255,63,103,46,255,63,104,47,255,64,104,47,255,62,103,46,255,58,99,43,255,63,103,46,255,63,103,46,255,64,104,47,255,63,104,47,255,64,104,47,255,63,104,47,255,60,100,44,255,62,101,45,255,49,96,44,255,63,104,47,255,61,101,44,255,61,101,44,255,49,96,44,255,64,104,47,255,60,100,44,255,65,105,47,255,49,96,44,255,61,101,44,255,61,101,44,255,64,104,47,255,49,96,44,255,61,109,56,255,40,89,39,255,51,97,44,255,51,97,44,255,39,88,39,255,60,101,46,255,64,103,46,255,68,107,48,255,53,97,44,255,63,102,45,255,64,102,45,255,64,102,45,255,61,102,46,255,65,103,46,255,65,103,46,255,65,103,46,255,51,97,44,255,50,96,44,255,57,102,47,255,65,105,49,255,68,106,48,255,74,111,51,255,67,106,48,255,69,107,49,255,67,106,48,255,68,107,48,255,67,106,48,255,68,107,48,255,64,103,46,255,69,107,49,255,68,106,48,255,68,106,48,255,69,107,49,255,74,111,51,255,68,106,48,255,69,107,49,255,68,106,48,255,69,107,49,255,68,107,48,255,69,107,48,255,67,106,48,255,74,111,51,255,69,107,48,255,68,106,48,255,68,106,48,255,68,106,48,255,68,106,48,255,68,107,48,255,69,107,49,255,68,107,48,255,69,107,49,255,68,106,48,255,69,107,48,255,69,107,49,255,68,106,48,255,68,106,48,255,69,107,49,255,68,106,48,255,68,106,48,255,69,107,49,255,62,102,45,255,68,106,48,255,68,106,48,255,68,106,48,255,68,107,48,255,68,106,48,255,65,103,46,255,65,103,46,255,67,106,48,255,69,106,48,255,64,103,46,255,68,106,48,255,72,110,50,255,65,103,46,255,64,102,45,255,68,107,48,255,65,103,46,255,59,98,42,255,63,102,45,255,61,101,44,255,66,105,47,255,67,106,48,255,67,106,48,255,66,105,47,255,66,105,47,255,67,106,48,255,72,111,50,255,65,105,47,255,68,106,48,255,65,105,47,255,66,105,48,255,66,105,47,255,68,106,48,255,67,106,48,255,72,110,50,255,65,105,47,255,66,106,48,255,65,105,47,255,65,105,47,255,64,104,47,255,65,105,47,255,65,105,47,255,65,105,47,255,64,104,47,255,65,104,47,255,66,105,47,255,65,105,47,255,61,101,44,255,65,105,47,255,64,104,47,255,65,105,47,255,61,101,44,255,61,101,44,255,63,103,46,255,63,103,46,255,63,104,47,255,60,100,44,255,63,104,47,255,63,103,46,255,63,103,46,255,61,101,44,255,64,105,47,255,64,104,47,255,63,104,47,255,61,101,44,255,64,105,47,255,63,103,46,255,62,103,46,255,63,104,47,255,61,103,46,255,62,103,46,255,62,103,46,255,62,103,46,255,63,103,46,255,58,99,43,255,61,103,46,255,63,103,46,255,61,103,46,255,58,100,43,255,62,103,46,255,63,104,47,255,63,103,46,255,63,104,47,255,62,103,46,255,62,103,46,255,62,103,46,255,61,102,45,255,61,103,46,255,62,103,46,255,61,103,46,255,61,103,46,255,58,99,43,255,61,103,46,255,61,102,45,255,62,103,46,255,59,99,44,255,61,102,45,255,61,103,46,255,62,103,46,255,58,99,43,255,59,99,44,255,58,99,43,255,57,98,43,255,61,102,45,255,59,99,44,255,57,99,43,255,57,98,43,255,59,101,45,255,57,99,43,255,57,98,43,255,58,99,43,255,60,102,45,255,58,99,43,255,57,99,43,255,58,99,43,255,61,103,46,255,61,103,46,255,61,102,45,255,61,103,46,255,60,102,45,255,60,102,45,255,61,103,46,255,55,97,42,255,60,102,45,255,60,102,45,255,60,102,45,255,60,102,45,255,60,102,45,255,60,102,45,255,60,101,45,255,60,102,45,255,59,101,45,255,60,102,45,255,55,98,42,255,59,102,45,255,59,101,45,255,60,102,45,255,60,102,45,255,59,101,45,255,59,101,44,255,59,102,45,255,61,102,45,255,59,101,44,255,59,101,45,255,60,102,45,255,59,101,45,255,61,102,46,255,60,102,45,255,60,102,45,255,59,101,45,255,59,101,45,255,59,102,45,255,59,101,45,255,58,101,44,255,58,101,44,255,58,101,44,255,59,101,45,255,60,102,45,255,60,102,45,255,60,102,45,255,58,101,44,255,60,102,45,255,60,102,45,255,59,101,45,255,60,102,45,255,59,101,45,255,60,102,45,255,58,101,44,255,60,102,45,255,58,101,44,255,58,100,44,255,59,101,44,255,59,101,44,255,58,101,44,255,58,101,44,255,58,101,44,255,60,102,45,255,58,101,44,255,59,101,45,255,59,101,44,255,59,102,45,255,59,102,45,255,59,101,44,255,59,102,45,255,58,101,44,255,59,101,45,255,59,101,45,255,59,102,45,255,59,101,45,255,59,101,44,255,58,101,44,255,58,101,44,255,59,101,44,255,59,101,45,255,58,101,44,255,59,102,45,255,58,101,44,255,60,102,45,255,60,102,45,255,59,101,45,255,58,101,44,255,59,102,45,255,58,101,44,255,59,102,45,255,58,101,44,255,59,101,45,255,59,101,45,255,59,102,45,255,59,101,45,255,59,101,45,255,59,102,45,255,59,101,45,255,59,101,45,255,60,102,45,255,60,102,45,255,59,101,45,255,59,101,45,255,59,101,45,255,60,102,45,255,58,101,44,255,60,102,45,255,59,101,45,255,59,101,45,255,60,102,45,255,59,101,45,255,58,101,44,255,59,101,45,255,59,101,45,255,59,101,44,255,60,102,45,255,59,101,45,255,60,102,45,255,60,102,45,255,59,102,45,255,61,102,45,255,61,102,45,255,60,102,45,255,60,102,45,255,59,101,45,255,60,102,45,255,60,102,45,255,60,102,45,255,59,101,45,255,60,102,45,255,59,101,45,255,60,102,45,255,59,101,45,255,60,102,45,255,59,101,45,255,61,103,46,255,61,102,45,255,61,103,46,255,61,103,46,255,61,102,46,255,60,102,45,255,60,102,45,255,60,102,45,255,60,101,45,255,60,102,45,255,58,99,43,255,60,101,45,255,57,98,43,255,57,98,43,255,57,98,43,255,61,103,46,255,57,98,43,255,57,99,43,255,59,99,43,255,58,99,43,255,58,99,43,255,59,99,44,255,61,103,46,255,52,94,40,255,57,99,43,255,62,103,46,255,62,103,46,255,61,102,45,255,61,103,46,255,62,103,46,255,61,102,45,255,61,102,45,255,61,103,46,255,61,103,46,255,61,103,46,255,57,99,43,255,61,102,45,255,63,104,47,255,63,103,46,255,62,103,46,255,61,103,46,255,63,103,46,255,61,103,46,255,62,103,46,255,63,103,46,255,63,104,47,255,62,103,46,255,62,103,46,255,61,103,46,255,63,104,47,255,63,104,47,255,63,104,47,255,63,103,46,255,62,103,46,255,63,104,47,255,62,103,46,255,62,103,46,255,62,103,46,255,64,104,47,255,63,103,46,255,64,104,47,255,63,104,47,255,63,103,46,255,64,104,47,255,63,104,47,255,63,104,47,255,63,103,46,255,63,103,46,255,64,104,47,255,63,103,46,255,61,101,44,255,63,104,47,255,63,104,47,255,65,105,47,255,62,101,44,255,60,100,44,255,61,100,44,255,65,105,47,255,48,95,43,255,62,101,44,255,64,104,47,255,64,104,47,255,49,96,43,255,61,100,44,255,65,105,47,255,66,105,47,255,49,96,43,255,61,101,44,255,64,104,47,255,65,105,47,255,49,96,44,255,60,108,56,255,39,88,39,255,49,95,43,255,49,95,43,255,39,88,39,255,62,104,47,255,66,105,47,255,67,106,48,255,55,100,46,255,66,105,47,255,67,106,48,255,66,105,47,255,63,104,48,255,67,106,48,255,66,105,47,255,72,111,50,255,49,96,44,255,50,96,44,255,57,101,47,255,63,104,48,255,68,106,48,255,68,106,48,255,66,105,47,255,67,106,48,255,66,105,47,255,67,106,48,255,67,106,48,255,68,107,48,255,67,106,48,255,67,106,48,255,67,105,48,255,67,106,48,255,67,106,48,255,64,102,45,255,65,103,46,255,65,103,46,255,67,105,48,255,68,107,48,255,64,102,45,255,65,103,46,255,66,105,47,255,68,107,48,255,68,106,48,255,64,102,45,255,67,106,48,255,68,107,48,255,67,106,48,255,67,105,47,255,64,102,45,255,64,102,45,255,68,107,48,255,67,106,48,255,64,103,46,255,64,103,45,255,65,103,46,255,65,103,46,255,64,103,45,255,65,103,46,255,64,102,45,255,63,102,45,255,65,103,46,255,63,102,45,255,64,102,45,255,64,102,45,255,68,106,48,255,67,106,48,255,68,107,48,255,68,107,48,255,67,106,48,255,68,106,48,255,68,106,48,255,68,106,48,255,65,103,46,255,65,103,46,255,67,106,48,255,67,106,48,255,65,103,46,255,64,102,45,255,65,103,46,255,65,103,46,255,69,107,49,255,69,107,49,255,67,106,48,255,64,102,45,255,68,106,48,255,68,106,48,255,68,107,48,255,64,103,45,255,65,103,46,255,65,103,46,255,65,103,46,255,63,102,45,255,65,103,46,255,65,103,46,255,65,103,45,255,65,103,46,255,65,103,46,255,64,102,45,255,68,107,48,255,66,105,47,255,69,106,47,255,63,102,45,255,67,106,48,255,66,105,47,255,65,103,46,255,68,107,48,255,66,105,47,255,66,105,47,255,64,102,45,255,68,106,48,255,68,106,48,255,66,105,47,255,66,105,47,255,68,106,48,255,67,106,48,255,65,105,47,255,65,105,47,255,66,105,47,255,66,105,47,255,61,101,44,255,66,105,47,255,66,105,48,255,66,105,47,255,65,105,47,255,65,105,47,255,66,105,47,255,67,106,48,255,65,105,47,255,66,105,47,255,64,104,47,255,64,104,47,255,60,100,44,255,66,105,47,255,59,100,44,255,65,105,47,255,60,100,44,255,65,105,47,255,66,105,47,255,63,104,47,255,61,100,44,255,64,104,47,255,65,105,47,255,65,105,47,255,60,100,44,255,63,104,47,255,65,105,47,255,64,104,47,255,63,103,46,255,63,103,46,255,63,103,46,255,63,103,46,255,63,103,46,255,63,104,47,255,63,103,46,255,64,104,47,255,63,103,46,255,64,104,47,255,64,104,47,255,63,103,46,255,64,104,47,255,62,103,46,255,62,103,46,255,62,103,46,255,61,102,45,255,63,104,47,255,61,103,46,255,62,103,46,255,62,103,46,255,62,103,46,255,62,103,46,255,61,102,46,255,62,103,46,255,62,103,46,255,63,104,47,255,61,103,46,255,61,103,46,255,62,103,46,255,61,102,46,255,61,103,46,255,61,103,46,255,62,103,46,255,62,103,46,255,62,103,46,255,61,103,46,255,63,103,46,255,62,103,46,255,61,102,45,255,61,102,45,255,61,103,46,255,61,103,46,255,62,103,46,255,62,103,46,255,57,98,43,255,57,98,43,255,58,99,43,255,61,102,45,255,59,99,44,255,54,95,41,255,58,99,43,255,57,99,43,255,57,98,43,255,59,99,43,255,57,99,43,255,58,99,43,255,62,103,46,255,59,100,44,255,57,99,43,255,57,98,43,255,60,102,45,255,61,103,46,255,60,102,45,255,60,102,45,255,60,102,45,255,60,102,45,255,61,103,46,255,60,101,45,255,60,102,45,255,61,102,46,255,60,102,45,255,60,102,45,255,57,99,43,255,57,99,43,255,61,102,46,255,60,102,45,255,60,102,45,255,59,101,45,255,55,98,42,255,60,102,45,255,60,102,45,255,61,103,46,255,59,101,45,255,59,101,45,255,60,102,45,255,61,103,46,255,59,101,45,255,59,101,45,255,59,101,45,255,61,103,46,255,59,101,45,255,60,102,45,255,59,102,45,255,58,101,44,255,59,102,45,255,60,102,45,255,59,101,45,255,55,97,42,255,60,102,45,255,59,101,45,255,59,101,45,255,59,102,45,255,60,102,45,255,59,101,45,255,61,103,46,255,60,102,45,255,59,101,45,255,59,101,45,255,60,102,45,255,58,101,44,255,59,102,45,255,59,101,44,255,59,101,45,255,59,101,45,255,59,101,44,255,58,101,44,255,59,101,45,255,59,102,45,255,59,101,45,255,59,102,45,255,60,102,45,255,59,101,44,255,59,101,45,255,59,101,45,255,58,101,44,255,58,101,44,255,59,101,45,255,60,102,45,255,58,101,44,255,58,101,44,255,59,101,45,255,58,101,44,255,59,101,44,255,59,101,45,255,59,101,45,255,59,101,45,255,55,98,42,255,59,101,45,255,60,102,45,255,60,102,45,255,59,101,45,255,60,102,45,255,59,101,44,255,59,101,45,255,53,97,42,255,59,101,45,255,59,102,45,255,58,101,44,255,59,101,44,255,60,102,45,255,58,101,44,255,59,101,45,255,60,102,45,255,60,102,45,255,59,102,45,255,59,101,45,255,60,102,45,255,59,102,45,255,59,101,45,255,59,101,45,255,59,101,45,255,59,101,45,255,60,102,45,255,61,102,46,255,60,102,45,255,59,101,45,255,59,101,45,255,60,102,45,255,59,101,45,255,59,101,45,255,60,102,45,255,60,101,45,255,59,101,44,255,61,102,46,255,60,102,45,255,60,102,45,255,59,101,45,255,61,103,46,255,59,101,45,255,60,102,45,255,61,102,46,255,59,101,45,255,61,103,46,255,60,102,45,255,60,101,45,255,60,102,45,255,61,103,46,255,61,103,46,255,61,103,46,255,60,102,45,255,60,102,45,255,57,99,43,255,60,101,45,255,60,102,45,255,58,99,43,255,57,98,43,255,61,103,46,255,57,98,43,255,57,99,43,255,57,99,43,255,57,99,43,255,59,99,44,255,59,100,44,255,61,103,46,255,58,99,43,255,62,103,46,255,62,103,46,255,61,103,46,255,57,99,43,255,61,103,46,255,61,103,46,255,61,103,46,255,61,103,46,255,62,103,46,255,61,103,46,255,62,103,46,255,62,103,46,255,62,103,46,255,63,103,46,255,62,103,46,255,61,102,45,255,61,102,45,255,63,104,46,255,62,103,46,255,62,103,46,255,61,103,46,255,62,103,46,255,63,103,46,255,63,103,46,255,63,103,46,255,61,103,46,255,62,103,46,255,62,103,46,255,62,103,46,255,63,103,46,255,63,103,46,255,63,103,46,255,62,103,46,255,63,104,47,255,64,104,47,255,63,103,46,255,62,103,46,255,63,103,46,255,62,103,46,255,63,104,47,255,63,104,47,255,62,103,46,255,64,104,47,255,63,104,47,255,63,103,46,255,63,104,47,255,63,104,47,255,64,105,47,255,63,104,47,255,63,103,46,255,61,101,44,255,64,104,47,255,64,104,47,255,61,101,44,255,62,101,44,255,64,105,47,255,64,104,47,255,61,101,44,255,64,104,47,255,64,104,47,255,61,101,44,255,61,101,44,255,65,105,47,255,64,104,47,255,65,105,47,255,66,105,47,255,49,95,43,255,65,105,47,255,65,105,47,255,66,105,47,255,49,96,44,255,65,105,47,255,65,105,47,255,61,103,47,255,38,87,39,255,61,103,47,255,55,100,46,255,39,88,39,255,59,108,56,255,60,108,56,255,39,88,39,255,49,96,44,255,50,96,44,255,39,88,39,255,63,105,48,255,66,105,48,255,65,105,47,255,55,100,46,255,67,106,48,255,67,106,48,255,67,106,48,255,63,104,48,255,61,101,44,255,65,105,47,255,66,105,47,255,49,95,43,255,49,96,44,255,56,101,46,255,62,104,47,255,65,105,47,255,66,105,47,255,66,105,47,255,66,105,47,255,65,105,47,255,67,106,48,255,66,105,47,255,67,106,48,255,61,101,44,255,66,105,47,255,67,106,48,255,67,106,48,255,67,106,48,255,67,105,48,255,67,106,48,255,67,106,48,255,61,101,44,255,67,106,48,255,67,106,48,255,66,105,47,255,67,106,48,255,65,105,47,255,66,105,47,255,66,105,47,255,61,101,44,255,65,105,47,255,66,105,47,255,67,106,48,255,66,105,47,255,67,106,48,255,67,105,48,255,71,109,50,255,66,105,47,255,66,105,47,255,67,106,48,255,68,107,48,255,68,106,48,255,71,109,50,255,66,105,47,255,68,106,48,255,72,110,50,255,66,105,47,255,67,105,48,255,66,105,47,255,67,106,48,255,66,105,47,255,66,105,47,255,68,107,48,255,66,105,47,255,68,106,48,255,67,106,48,255,67,106,48,255,66,105,47,255,68,106,48,255,67,106,48,255,67,106,48,255,66,105,47,255,67,106,48,255,71,109,50,255,67,106,48,255,68,106,48,255,64,102,45,255,63,102,45,255,63,102,45,255,73,111,51,255,67,106,48,255,66,105,47,255,63,102,45,255,68,106,48,255,68,107,48,255,68,106,48,255,68,106,48,255,66,105,47,255,67,106,48,255,66,105,47,255,67,106,48,255,65,103,46,255,65,103,46,255,65,103,46,255,65,103,46,255,65,103,46,255,64,103,45,255,65,103,46,255,65,103,46,255,67,106,48,255,64,103,46,255,64,102,45,255,63,102,45,255,73,111,51,255,66,105,47,255,67,106,48,255,66,105,47,255,65,103,46,255,63,102,45,255,64,102,45,255,64,103,46,255,64,103,45,255,65,103,46,255,63,102,45,255,66,105,47,255,63,102,45,255,63,102,45,255,67,106,48,255,67,106,48,255,67,106,48,255,67,105,48,255,67,105,48,255,68,107,48,255,68,107,48,255,67,106,48,255,67,106,48,255,67,106,48,255,68,106,48,255,68,107,48,255,67,106,48,255,65,105,47,255,68,107,48,255,66,105,47,255,68,106,48,255,67,106,48,255,67,106,48,255,66,105,47,255,67,106,48,255,65,105,47,255,65,105,47,255,67,106,48,255,65,105,47,255,66,105,47,255,66,105,47,255,67,106,48,255,66,105,47,255,65,105,47,255,67,106,48,255,65,105,47,255,67,106,48,255,66,105,47,255,66,105,47,255,65,105,47,255,65,105,47,255,65,105,47,255,66,105,47,255,66,105,47,255,65,105,47,255,61,101,44,255,65,105,47,255,65,105,47,255,61,101,44,255,61,101,44,255,65,105,47,255,65,105,47,255,61,101,44,255,60,100,44,255,64,104,47,255,64,104,47,255,61,100,44,255,62,101,44,255,63,104,47,255,63,103,46,255,63,103,46,255,62,103,46,255,64,104,47,255,63,103,46,255,64,104,47,255,62,103,46,255,63,103,46,255,63,103,46,255,64,104,47,255,64,104,47,255,64,104,47,255,64,104,47,255,62,103,46,255,63,104,47,255,63,103,46,255,62,103,46,255,62,103,46,255,63,103,46,255,63,104,47,255,62,103,46,255,63,104,47,255,62,103,46,255,63,104,47,255,63,104,47,255,63,103,46,255,62,103,46,255,62,103,46,255,63,103,46,255,61,103,46,255,62,103,46,255,57,99,43,255,61,103,46,255,61,103,46,255,62,103,46,255,61,103,46,255,61,103,46,255,61,102,45,255,63,103,46,255,61,103,46,255,62,103,46,255,62,103,46,255,61,102,45,255,61,102,46,255,61,102,46,255,61,103,46,255,61,102,46,255,62,103,46,255,61,103,46,255,61,102,45,255,59,99,44,255,61,103,46,255,62,103,46,255,62,103,46,255,61,103,46,255,63,103,46,255,62,103,46,255,61,103,46,255,61,102,45,255,62,103,46,255,62,103,46,255,63,103,46,255,61,102,45,255,57,99,43,255,57,99,43,255,57,99,43,255,60,102,45,255,59,99,44,255,57,98,43,255,58,99,43,255,59,99,44,255,60,102,45,255,56,98,42,255,57,99,43,255,57,98,43,255,62,103,46,255,61,102,45,255,61,102,45,255,61,102,45,255,60,102,45,255,59,101,45,255,60,102,45,255,59,101,45,255,58,99,44,255,60,102,45,255,60,102,45,255,59,101,45,255,58,99,43,255,58,99,43,255,58,99,43,255,58,99,43,255,62,103,46,255,58,99,43,255,57,98,43,255,57,98,43,255,61,102,46,255,60,102,45,255,60,102,45,255,59,101,45,255,61,103,46,255,59,101,45,255,59,101,45,255,59,101,45,255,61,102,45,255,61,102,45,255,61,102,45,255,60,102,45,255,57,98,43,255,58,99,43,255,57,98,43,255,58,99,43,255,59,101,45,255,61,102,46,255,60,102,45,255,60,102,45,255,61,102,45,255,60,102,45,255,61,103,46,255,60,102,45,255,60,101,45,255,60,102,45,255,61,103,46,255,60,102,45,255,57,98,42,255,58,99,43,255,57,98,42,255,60,102,45,255,60,102,45,255,59,101,45,255,59,101,45,255,59,101,45,255,60,102,45,255,60,102,45,255,61,102,46,255,59,101,45,255,60,102,45,255,61,102,45,255,61,103,46,255,59,101,45,255,61,103,46,255,61,102,45,255,61,103,46,255,60,102,45,255,61,103,46,255,60,102,45,255,59,101,45,255,61,103,46,255,59,101,45,255,61,102,46,255,61,103,46,255,55,98,42,255,61,102,45,255,60,102,45,255,60,101,45,255,60,101,45,255,58,99,43,255,57,98,42,255,57,98,43,255,58,99,43,255,60,102,45,255,61,103,46,255,61,103,46,255,60,102,45,255,61,103,46,255,61,103,46,255,61,103,46,255,60,102,45,255,61,103,46,255,59,101,45,255,58,99,43,255,57,98,43,255,59,99,44,255,57,98,43,255,58,99,43,255,62,103,46,255,61,103,46,255,61,103,46,255,57,98,42,255,58,99,43,255,58,99,43,255,58,99,43,255,58,99,43,255,58,99,43,255,58,99,43,255,58,99,43,255,61,102,45,255,61,102,45,255,62,103,46,255,62,103,46,255,61,102,45,255,61,102,46,255,57,99,43,255,60,102,45,255,61,103,46,255,61,103,46,255,62,103,46,255,62,103,46,255,63,103,46,255,56,98,42,255,62,103,46,255,61,103,46,255,62,103,46,255,61,103,46,255,62,103,46,255,62,103,46,255,62,103,46,255,62,103,46,255,61,103,46,255,61,102,46,255,63,103,46,255,63,104,47,255,62,103,46,255,61,102,46,255,63,103,46,255,63,103,46,255,62,103,46,255,63,103,46,255,63,104,47,255,63,103,46,255,63,103,46,255,63,103,46,255,63,104,47,255,63,103,46,255,62,103,46,255,63,103,46,255,63,104,47,255,62,103,46,255,63,103,46,255,62,103,46,255,63,103,46,255,64,104,47,255,63,104,47,255,63,104,47,255,63,104,47,255,63,103,46,255,63,104,47,255,63,103,46,255,63,103,46,255,64,104,47,255,63,103,46,255,64,105,47,255,63,103,46,255,64,104,47,255,63,103,46,255,63,103,46,255,63,103,46,255,63,103,46,255,64,105,47,255,63,104,47,255,64,105,47,255,60,100,44,255,63,103,46,255,64,105,47,255,61,101,44,255,62,101,45,255,60,100,44,255,61,101,44,255,65,105,47,255,62,104,48,255,61,101,44,255,61,101,44,255,65,105,47,255,55,100,46,255,61,101,44,255,65,105,47,255,64,104,47,255,48,95,43,255,65,105,47,255,65,105,47,255,64,104,47,255,49,95,43,255,59,108,56,255,38,88,39,255,48,95,43,255,48,95,43,255,39,88,39,255,61,103,47,255,66,105,47,255,66,105,47,255,55,101,46,255,66,105,47,255,65,105,47,255,65,105,47,255,62,104,48,255,66,106,48,255,65,105,47,255,65,105,47,255,49,96,44,255,49,96,44,255,55,100,46,255,63,104,48,255,66,106,48,255,65,105,47,255,67,106,48,255,66,105,47,255,65,105,47,255,72,111,50,255,67,106,48,255,65,105,47,255,65,105,47,255,72,110,50,255,65,105,47,255,65,105,47,255,65,105,47,255,67,106,48,255,67,106,48,255,67,106,48,255,67,106,48,255,72,110,50,255,65,105,47,255,67,106,48,255,66,105,47,255,67,106,48,255,68,106,48,255,67,106,48,255,65,105,47,255,66,105,47,255,67,106,48,255,66,105,47,255,67,106,48,255,66,105,48,255,65,105,47,255,65,105,47,255,65,105,47,255,66,105,47,255,66,105,47,255,67,106,48,255,72,110,50,255,66,105,47,255,68,106,48,255,66,105,47,255,67,106,48,255,67,106,48,255,66,105,47,255,66,105,47,255,66,105,47,255,67,106,48,255,67,106,48,255,66,105,47,255,67,106,48,255,72,110,50,255,72,110,50,255,67,106,48,255,67,106,48,255,67,106,48,255,67,106,48,255,67,106,48,255,67,106,48,255,66,105,47,255,67,106,48,255,66,105,47,255,65,105,47,255,67,106,48,255,66,105,48,255,66,105,47,255,66,105,48,255,67,106,48,255,66,105,47,255,67,106,48,255,67,106,48,255,66,105,47,255,67,106,48,255,66,105,47,255,67,106,48,255,67,106,48,255,66,105,47,255,67,106,48,255,68,106,48,255,71,109,50,255,66,105,47,255,67,106,48,255,67,106,48,255,61,101,44,255,68,106,48,255,66,105,47,255,68,106,48,255,73,111,50,255,66,105,47,255,67,106,48,255,66,105,47,255,67,106,48,255,66,105,47,255,68,106,48,255,68,106,48,255,66,105,47,255,66,105,47,255,67,106,48,255,66,105,47,255,66,105,47,255,67,106,48,255,72,110,50,255,68,106,48,255,66,105,47,255,67,105,48,255,66,105,47,255,66,105,47,255,66,105,47,255,68,107,48,255,67,106,48,255,67,106,48,255,68,107,48,255,66,105,47,255,68,106,48,255,67,106,48,255,67,106,48,255,67,106,48,255,67,106,48,255,67,106,48,255,66,105,47,255,73,111,51,255,68,107,48,255,68,106,48,255,68,106,48,255,68,106,48,255,66,105,47,255,68,106,48,255,66,105,47,255,68,106,48,255,68,107,48,255,67,106,48,255,67,106,48,255,66,105,47,255,62,102,45,255,67,105,47,255,68,107,48,255,67,106,48,255,66,105,47,255,66,105,47,255,66,105,47,255,67,105,48,255,72,111,50,255,67,106,48,255,66,105,47,255,66,105,47,255,70,109,49,255,66,105,47,255,65,105,47,255,67,106,48,255,72,110,50,255,71,109,50,255,68,106,48,255,65,105,47,255,65,105,47,255,67,106,48,255,67,106,48,255,65,105,47,255,72,110,50,255,67,106,48,255,65,105,47,255,66,105,47,255,65,105,47,255,66,105,48,255,67,106,48,255,66,105,47,255,66,105,47,255,66,105,47,255,66,105,47,255,66,105,47,255,65,105,47,255,65,105,47,255,65,105,47,255,66,105,47,255,65,105,47,255,64,104,47,255,65,105,47,255,61,101,44,255,61,101,44,255,66,105,47,255,66,105,47,255,56,96,41,255,60,100,44,255,65,105,47,255,59,100,44,255,61,100,44,255,61,101,44,255,66,105,47,255,65,105,47,255,65,105,47,255,61,101,44,255,64,104,47,255,64,104,47,255,64,104,47,255,64,104,47,255,64,104,47,255,63,104,47,255,63,103,46,255,63,104,47,255,64,104,47,255,63,104,47,255,63,103,46,255,62,103,46,255,60,100,44,255,63,103,46,255,64,105,47,255,63,104,47,255,63,104,47,255,62,103,46,255,62,103,46,255,61,103,46,255,63,104,47,255,62,103,46,255,63,103,46,255,63,103,46,255,62,103,46,255,63,103,46,255,63,104,47,255,62,103,46,255,64,104,47,255,63,103,46,255,63,103,46,255,63,103,46,255,62,103,46,255,62,103,46,255,61,103,46,255,61,103,46,255,62,103,46,255,63,104,47,255,63,104,47,255,62,103,46,255,62,103,46,255,59,100,44,255,63,104,47,255,62,103,46,255,63,103,46,255,63,104,46,255,62,103,46,255,62,103,46,255,62,103,46,255,62,103,46,255,63,104,46,255,61,102,46,255,63,103,46,255,63,104,46,255,61,103,46,255,61,102,45,255,62,103,46,255,62,103,46,255,63,103,46,255,63,103,46,255,62,103,46,255,63,103,46,255,62,103,46,255,59,100,44,255,61,103,46,255,63,103,46,255,61,102,46,255,61,102,46,255,57,99,43,255,63,104,46,255,61,103,46,255,63,103,46,255,61,103,46,255,61,103,46,255,61,103,46,255,62,103,46,255,62,103,46,255,62,103,46,255,62,103,46,255,63,103,46,255,61,102,45,255,61,103,46,255,62,103,46,255,61,102,46,255,62,103,46,255,62,103,46,255,62,103,46,255,62,103,46,255,62,103,46,255,62,103,46,255,63,103,46,255,63,104,46,255,62,103,46,255,61,103,46,255,63,103,46,255,61,102,46,255,60,102,45,255,61,102,46,255,61,102,45,255,59,100,44,255,61,103,46,255,61,102,45,255,61,102,45,255,61,103,46,255,62,103,46,255,57,99,43,255,62,103,46,255,63,104,46,255,62,103,46,255,63,104,47,255,62,103,46,255,63,103,46,255,57,98,43,255,57,99,43,255,59,99,44,255,57,98,43,255,62,103,46,255,62,103,46,255,61,102,45,255,57,99,43,255,62,103,46,255,61,103,46,255,62,103,46,255,63,103,46,255,63,103,46,255,63,104,47,255,63,103,46,255,61,103,46,255,58,99,43,255,58,99,43,255,58,99,43,255,58,99,43,255,62,103,46,255,61,103,46,255,61,103,46,255,61,102,46,255,61,102,45,255,62,103,46,255,62,103,46,255,62,103,46,255,62,103,46,255,61,102,46,255,57,99,43,255,61,102,46,255,59,99,43,255,59,99,44,255,59,99,43,255,62,103,46,255,61,103,46,255,61,103,46,255,61,103,46,255,62,103,46,255,62,103,46,255,62,103,46,255,63,103,46,255,61,102,46,255,61,103,46,255,62,103,46,255,62,103,46,255,63,103,46,255,61,103,46,255,61,102,45,255,61,103,46,255,61,103,46,255,61,103,46,255,61,102,45,255,62,103,46,255,61,102,45,255,62,103,46,255,61,102,45,255,63,103,46,255,63,103,46,255,63,103,46,255,63,103,46,255,62,103,46,255,63,103,46,255,61,103,46,255,62,103,46,255,62,103,46,255,62,103,46,255,63,104,47,255,62,103,46,255,62,103,46,255,63,104,47,255,63,104,47,255,62,103,46,255,63,104,47,255,62,103,46,255,63,104,47,255,63,104,47,255,63,103,46,255,63,104,47,255,63,103,46,255,61,103,46,255,63,103,46,255,63,104,47,255,63,104,47,255,63,104,47,255,63,104,47,255,63,104,47,255,63,104,47,255,64,104,47,255,63,104,47,255,63,104,47,255,63,103,46,255,62,103,46,255,63,103,46,255,63,103,46,255,63,104,47,255,63,103,46,255,63,104,47,255,62,103,46,255,63,104,47,255,63,103,46,255,64,104,47,255,63,103,46,255,63,103,47,255,63,103,46,255,64,105,47,255,65,105,47,255,63,103,46,255,63,103,46,255,64,104,47,255,65,105,47,255,63,104,47,255,63,104,47,255,64,104,47,255,65,105,47,255,63,103,46,255,64,104,47,255,63,104,47,255,64,104,47,255,64,104,47,255,63,104,47,255,61,101,44,255,60,100,44,255,63,104,47,255,61,100,44,255,60,100,44,255,61,101,44,255,65,105,47,255,61,101,44,255,61,101,44,255,64,104,47,255,61,100,44,255,60,100,44,255,64,104,47,255,64,104,47,255,61,101,44,255,65,105,47,255,65,105,47,255,65,105,47,255,64,104,47,255,65,105,47,255,65,105,47,255,65,105,47,255,65,105,47,255,65,104,47,255,65,105,47,255,49,96,44,255,65,104,47,255,65,104,47,255,65,105,47,255,49,96,44,255,65,105,47,255,66,105,47,255,61,103,47,255,39,88,39,255,63,105,48,255,56,101,47,255,38,88,39,255,59,108,56,255,59,107,55,255,38,87,39,255,48,95,43,255,48,95,43,255,39,88,39,255,57,99,44,255,61,101,44,255,64,104,47,255,51,96,43,255,61,101,44,255,62,101,45,255,65,105,47,255,59,101,45,255,60,100,44,255,62,101,44,255,64,104,47,255,49,96,43,255,48,95,43,255,54,99,46,255,62,104,47,255,64,104,47,255,65,105,47,255,65,105,47,255,66,105,47,255,64,104,47,255,64,104,47,255,65,105,47,255,65,105,47,255,64,104,47,255,64,104,47,255,64,104,47,255,65,105,47,255,65,104,47,255,65,105,47,255,66,105,47,255,70,109,49,255,64,104,47,255,66,106,48,255,65,105,47,255,67,106,48,255,64,104,47,255,65,105,47,255,61,101,44,255,66,105,47,255,65,105,47,255,65,105,47,255,65,105,47,255,66,105,47,255,65,105,47,255,67,106,48,255,66,105,47,255,67,106,48,255,66,105,47,255,65,105,47,255,67,106,48,255,71,109,50,255,65,105,47,255,67,106,48,255,65,105,47,255,66,105,47,255,66,105,47,255,67,106,48,255,66,105,47,255,68,106,48,255,66,105,48,255,66,105,47,255,66,105,47,255,67,105,48,255,71,109,49,255,66,105,47,255,66,105,47,255,67,106,48,255,66,105,47,255,68,106,48,255,73,111,51,255,72,110,50,255,67,106,48,255,61,101,44,255,68,107,48,255,66,105,47,255,67,106,48,255,68,106,48,255,67,106,48,255,66,105,47,255,66,105,47,255,66,105,47,255,66,105,47,255,66,105,47,255,66,105,47,255,66,105,47,255,67,106,48,255,66,105,47,255,68,107,48,255,68,106,48,255,66,105,47,255,66,105,47,255,66,105,47,255,66,105,47,255,72,110,50,255,66,105,47,255,66,105,47,255,72,110,50,255,62,102,45,255,66,105,47,255,67,106,48,255,68,107,48,255,66,105,47,255,72,111,50,255,66,105,47,255,68,106,48,255,67,105,48,255,67,106,48,255,67,106,48,255,66,105,47,255,67,106,48,255,67,106,48,255,66,105,47,255,65,105,47,255,65,105,47,255,67,106,48,255,66,105,47,255,66,105,47,255,68,106,48,255,66,105,47,255,66,105,47,255,73,111,51,255,66,105,47,255,67,106,48,255,67,106,48,255,68,106,48,255,66,105,47,255,68,107,48,255,67,106,48,255,66,105,47,255,66,105,47,255,72,110,50,255,67,106,48,255,68,106,48,255,67,105,48,255,72,110,50,255,67,106,48,255,67,106,48,255,67,106,48,255,67,106,48,255,66,105,47,255,67,106,48,255,67,106,48,255,68,106,48,255,67,106,48,255,67,106,48,255,67,106,48,255,67,106,48,255,65,105,47,255,68,106,48,255,68,106,48,255,67,105,48,255,66,105,47,255,68,107,48,255,65,105,47,255,67,106,48,255,67,106,48,255,67,106,48,255,67,106,48,255,68,106,48,255,67,106,48,255,67,106,48,255,67,106,48,255,67,106,48,255,66,105,47,255,66,105,47,255,66,105,47,255,67,106,48,255,67,106,48,255,68,106,48,255,66,105,47,255,67,106,48,255,68,106,48,255,67,106,48,255,68,106,48,255,72,110,50,255,67,106,48,255,67,106,48,255,67,106,48,255,72,110,50,255,67,106,48,255,66,105,47,255,67,106,48,255,65,105,47,255,65,105,47,255,66,105,47,255,66,105,47,255,67,106,48,255,66,105,47,255,67,106,48,255,67,106,48,255,65,105,47,255,66,105,47,255,65,105,47,255,67,106,48,255,72,110,50,255,66,105,48,255,67,106,48,255,67,106,48,255,65,105,47,255,65,105,47,255,66,105,47,255,66,105,48,255,66,105,47,255,65,105,47,255,65,105,47,255,65,105,47,255,65,105,47,255,65,105,47,255,66,105,47,255,65,105,47,255,65,105,47,255,66,105,47,255,65,105,47,255,66,105,47,255,66,105,47,255,66,105,47,255,65,105,47,255,65,105,47,255,65,105,47,255,65,105,47,255,65,105,47,255,64,104,47,255,61,101,44,255,65,105,47,255,65,105,47,255,64,104,47,255,61,101,44,255,65,105,47,255,65,104,47,255,65,105,47,255,61,101,44,255,64,104,47,255,64,104,47,255,65,105,47,255,62,101,45,255,61,101,44,255,64,105,47,255,63,104,47,255,63,104,47,255,60,100,44,255,63,104,47,255,64,105,47,255,64,104,47,255,62,101,44,255,61,101,44,255,63,104,47,255,63,104,47,255,61,101,44,255,60,100,44,255,65,105,47,255,64,104,47,255,64,104,47,255,63,104,47,255,64,104,47,255,63,103,46,255,58,99,43,255,63,104,47,255,63,104,47,255,63,104,47,255,63,103,46,255,63,103,46,255,64,104,47,255,64,104,47,255,64,105,47,255,64,104,47,255,63,104,47,255,63,103,46,255,62,103,46,255,58,100,44,255,62,103,46,255,62,103,46,255,62,103,46,255,63,103,46,255,62,103,46,255,63,103,46,255,62,103,46,255,63,104,47,255,63,104,47,255,62,103,46,255,64,105,47,255,64,105,47,255,64,105,47,255,59,100,44,255,63,103,46,255,63,104,47,255,63,104,47,255,62,103,46,255,63,104,47,255,63,103,46,255,62,103,46,255,63,103,46,255,64,104,47,255,58,100,44,255,62,103,46,255,64,104,47,255,64,104,47,255,63,104,47,255,63,103,46,255,63,104,47,255,63,104,47,255,57,99,43,255,63,104,47,255,63,104,47,255,64,104,47,255,62,103,46,255,62,103,46,255,63,103,46,255,64,104,47,255,63,104,47,255,58,99,43,255,63,103,46,255,62,103,46,255,64,105,47,255,64,104,47,255,63,104,47,255,58,100,44,255,63,103,46,255,63,104,47,255,63,104,47,255,62,103,46,255,63,103,46,255,64,104,47,255,63,103,46,255,64,104,47,255,64,104,47,255,63,104,47,255,64,104,47,255,63,103,46,255,64,104,47,255,63,103,46,255,63,103,46,255,63,103,46,255,63,104,47,255,63,104,47,255,63,104,47,255,64,104,47,255,63,103,46,255,57,99,43,255,63,104,47,255,63,103,46,255,63,103,46,255,62,103,46,255,63,103,46,255,63,103,46,255,64,105,47,255,63,103,46,255,63,103,46,255,62,103,46,255,63,103,46,255,63,104,47,255,62,103,46,255,64,104,47,255,63,104,47,255,63,103,46,255,63,104,47,255,64,105,47,255,64,104,47,255,63,104,47,255,64,105,47,255,58,99,43,255,63,103,46,255,65,105,47,255,64,104,47,255,63,103,46,255,62,103,46,255,62,103,46,255,62,103,46,255,64,104,47,255,63,104,47,255,63,104,47,255,63,103,46,255,65,105,47,255,63,103,46,255,63,103,46,255,63,103,46,255,63,103,46,255,64,104,47,255,63,103,46,255,65,105,47,255,62,103,46,255,62,103,46,255,63,103,46,255,63,104,47,255,63,104,47,255,62,103,46,255,63,103,46,255,63,103,46,255,64,105,47,255,63,103,46,255,63,104,47,255,64,104,47,255,64,104,47,255,65,105,47,255,65,105,47,255,60,100,44,255,63,104,47,255,62,103,46,255,63,104,47,255,63,103,46,255,64,105,47,255,64,105,47,255,63,103,46,255,63,104,47,255,63,103,46,255,64,104,47,255,59,101,44,255,64,104,47,255,61,101,44,255,60,100,44,255,61,101,44,255,61,100,44,255,63,104,47,255,63,104,47,255,63,103,46,255,63,104,47,255,63,103,46,255,63,103,46,255,63,104,47,255,63,103,46,255,63,103,46,255,63,103,46,255,63,103,46,255,63,103,46,255,62,101,44,255,61,101,44,255,61,101,44,255,61,101,44,255,63,103,46,255,63,103,46,255,64,104,47,255,64,105,47,255,64,104,47,255,64,104,47,255,63,104,47,255,63,104,47,255,65,105,47,255,61,101,44,255,62,101,44,255,61,101,44,255,61,101,44,255,60,100,44,255,61,101,44,255,60,100,44,255,64,104,47,255,65,105,47,255,64,104,47,255,61,101,44,255,61,101,44,255,60,100,44,255,60,100,44,255,61,101,44,255,61,101,44,255,61,100,44,255,61,100,44,255,65,104,47,255,64,104,47,255,65,105,47,255,65,105,47,255,64,104,47,255,60,100,44,255,60,100,44,255,65,105,47,255,64,104,47,255,61,101,44,255,65,105,47,255,65,105,47,255,65,104,47,255,65,105,47,255,64,104,47,255,66,105,47,255,64,104,47,255,61,103,47,255,55,101,46,255,48,95,43,255,49,96,44,255,65,105,47,255,64,104,47,255,66,105,47,255,61,103,47,255,65,105,47,255,66,105,47,255,65,105,47,255,55,100,46,255,65,105,47,255,66,105,47,255,61,103,47,255,39,88,39,255,49,95,43,255,49,96,43,255,39,88,39,255,59,108,55,255,59,107,55,255,38,88,39,255,51,97,44,255,58,100,45,255,38,88,39,255,58,100,45,255,60,100,44,255,60,100,44,255,54,99,46,255,65,105,47,255,60,100,44,255,61,101,44,255,60,103,47,255,63,104,47,255,65,105,47,255,60,100,44,255,60,100,44,255,61,101,44,255,61,100,44,255,64,104,47,255,60,100,44,255,61,101,44,255,61,100,44,255,61,101,44,255,61,101,44,255,61,100,44,255,61,101,44,255,61,101,44,255,61,101,44,255,55,96,41,255,60,100,44,255,60,100,44,255,65,105,47,255,65,105,47,255,65,105,47,255,65,105,47,255,64,104,47,255,65,105,47,255,65,105,47,255,65,105,47,255,63,104,47,255,65,105,47,255,64,104,47,255,66,105,47,255,65,105,47,255,64,104,47,255,65,105,47,255,65,105,47,255,65,105,47,255,71,110,50,255,65,105,47,255,66,105,47,255,65,105,47,255,66,106,48,255,65,105,47,255,66,105,47,255,65,105,47,255,66,105,47,255,65,105,47,255,65,105,47,255,66,106,48,255,65,104,47,255,71,109,50,255,67,106,48,255],"diagnostics":{"requested":109,"queued":null,"dispatched":17,"completed":17,"published":16,"latestPublications":6,"intermediatePublications":10,"staleDiscarded":1,"discarded":1,"coalesced":92,"failures":0,"resets":0,"workerStarts":1,"retries":0,"snapshots":17,"maxQueued":1,"maxInFlight":1,"latestRequestedGeneration":109,"latestPublishedGeneration":109,"latestRasterGeneration":109,"completedWorkerEpoch":0,"completedRasterRevision":17,"publishedWorkerEpoch":0,"publishedRasterRevision":17,"installedWorkerEpoch":0,"installedRasterRevision":17,"uploadSkippedSameRevision":0,"validRaster":true,"emergencyMode":false,"requestMs":0.2999999523162842,"publishMs":47.699999928474426,"maxRequestMs":0.10000002384185791,"maxPublishMs":7,"lastWorkerMs":85.40000003576279,"maxWorkerMs":435.19999998807907,"requestSamplesMs":[0.10000002384185791,0,0,0,0,0,0,0,0.09999996423721313,0,0,0,0,0,0,0,0,0,0,0,0,0,0,0,0,0,0,0,0,0,0,0,0,0,0,0,0,0,0,0,0,0,0,0,0,0,0,0,0,0,0,0,0,0,0,0,0,0,0,0,0,0,0,0,0,0,0,0,0,0,0,0,0,0,0,0,0,0,0,0,0,0,0,0,0,0,0,0,0,0,0,0,0,0,0,0,0.09999996423721313,0,0,0,0,0,0,0,0,0,0,0,0,0],"publishSamplesMs":[7,2.5,2.600000023841858,2.5,2.199999988079071,2.5,2.899999976158142,2.300000011920929,1.7999999523162842,3.800000011920929,2.600000023841858,2.199999988079071,2.699999988079071,2.5,3.899999976158142,3.699999988079071,1.9000000357627869],"fallback":"none","failure":null,"generation":109,"inFlight":null,"epoch":0,"stopped":false},"validPublications":1},"expired":{"generation":110,"pixel":[66,127,58,255,86,136,61,255,92,142,64,255,91,141,64,255,68,128,59,255,90,141,63,255,90,141,63,255,92,142,64,255,67,127,58,255,92,142,64,255,92,142,64,255,92,142,64,255,67,128,58,255,91,141,64,255,92,142,64,255,90,140,63,255,92,142,64,255,83,135,60,255,91,141,63,255,89,140,63,255,90,141,63,255,90,140,63,255,91,142,64,255,88,139,63,255,91,141,64,255,91,142,64,255,89,139,63,255,89,139,63,255,91,141,64,255,92,142,63,255,91,141,64,255,89,139,63,255,89,139,63,255,84,135,60,255,84,135,60,255,89,140,63,255,95,145,66,255,85,136,60,255,85,135,60,255,87,139,62,255,91,141,64,255,84,135,60,255,85,135,60,255,88,139,63,255,89,140,63,255,84,135,60,255,84,134,60,255,89,141,63,255,88,139,63,255,88,140,63,255,86,138,62,255,88,139,63,255,87,138,62,255,86,138,62,255,87,139,63,255,86,138,62,255,88,140,63,255,86,138,62,255,88,140,63,255,86,138,62,255,87,139,62,255,94,144,66,255,88,139,63,255,86,138,62,255,85,138,62,255,86,138,62,255,85,137,62,255,82,134,59,255,87,139,62,255,85,137,61,255,86,138,62,255,82,134,59,255,87,139,62,255,87,139,62,255,86,138,62,255,81,133,59,255,87,139,62,255,86,138,62,255,86,138,62,255,80,132,58,255,79,131,58,255,84,137,61,255,83,136,61,255,83,136,61,255,80,133,58,255,83,136,61,255,83,136,61,255,83,137,61,255,80,133,58,255,85,137,62,255,84,137,61,255,83,136,61,255,81,134,59,255,83,136,61,255,83,136,61,255,84,137,61,255,84,137,61,255,82,136,60,255,82,135,60,255,82,136,61,255,75,130,56,255,84,137,61,255,83,136,61,255,83,137,61,255,83,136,61,255,82,136,61,255,81,135,60,255,83,137,61,255,84,137,61,255,83,136,61,255,82,136,61,255,81,135,60,255,81,135,60,255,82,136,60,255,82,136,61,255,81,135,60,255,80,135,60,255,80,135,60,255,80,135,60,255,81,135,60,255,82,136,61,255,80,135,60,255,80,135,60,255,82,136,61,255,82,136,61,255,81,135,60,255,80,134,60,255,80,135,60,255,81,135,60,255,80,135,60,255,75,130,56,255,80,135,60,255,82,136,60,255,81,135,60,255,80,135,60,255,82,136,60,255,83,136,61,255,82,136,61,255,80,135,60,255,81,135,60,255,82,136,61,255,82,136,61,255,81,136,60,255,82,136,61,255,82,136,61,255,80,135,60,255,82,136,60,255,80,135,60,255,82,136,60,255,82,136,61,255,82,136,61,255,82,136,61,255,82,136,61,255,80,135,60,255,82,136,61,255,80,135,60,255,80,135,60,255,82,136,61,255,82,136,60,255,80,135,60,255,83,136,61,255,80,135,60,255,80,135,60,255,82,136,61,255,80,135,60,255,82,136,61,255,82,136,61,255,82,136,60,255,82,136,61,255,80,135,60,255,82,136,61,255,83,136,61,255,80,135,60,255,80,134,60,255,80,135,60,255,74,129,56,255,82,136,60,255,82,136,61,255,83,136,61,255,83,137,61,255,80,135,60,255,83,137,61,255,81,135,60,255,81,135,60,255,83,137,61,255,80,135,60,255,82,136,60,255,83,137,61,255,82,136,61,255,82,136,61,255,82,136,61,255,80,135,60,255,81,135,60,255,82,136,61,255,83,136,61,255,82,136,61,255,83,136,61,255,83,136,61,255,83,137,61,255,82,136,60,255,82,136,61,255,82,136,61,255,81,135,60,255,82,136,61,255,80,135,60,255,80,135,60,255,81,135,60,255,82,136,61,255,82,136,61,255,80,135,60,255,82,136,60,255,83,136,61,255,82,136,61,255,80,135,60,255,82,136,61,255,82,136,61,255,83,136,61,255,80,135,60,255,80,135,60,255,81,135,60,255,82,136,61,255,83,136,61,255,80,135,60,255,80,135,60,255,80,134,60,255,80,134,60,255,79,134,60,255,76,130,56,255,82,136,61,255,81,135,60,255,80,135,60,255,76,130,57,255,82,136,61,255,81,136,60,255,82,136,61,255,77,131,57,255,80,135,60,255,82,136,61,255,82,136,61,255,76,130,56,255,76,130,57,255,75,129,56,255,77,131,57,255,81,136,60,255,77,130,57,255,76,130,57,255,75,129,56,255,78,134,59,255,77,130,57,255,77,131,57,255,76,130,57,255,79,134,60,255,76,130,56,255,77,131,58,255,75,129,56,255,79,135,60,255,73,129,56,255,80,135,60,255,78,134,59,255,78,134,59,255,81,136,60,255,79,134,60,255,80,135,60,255,79,134,60,255,79,134,60,255,80,135,60,255,80,135,60,255,79,135,60,255,80,135,60,255,80,135,60,255,79,134,59,255,79,135,60,255,79,134,60,255,78,134,59,255,79,134,60,255,80,135,60,255,80,135,60,255,80,135,60,255,79,134,60,255,79,135,60,255,79,134,60,255,80,135,60,255,80,135,60,255,79,134,59,255,80,135,60,255,79,134,59,255,74,130,56,255,78,134,59,255,80,135,60,255,75,130,56,255,76,130,57,255,70,125,53,255,80,135,60,255,75,129,56,255,75,129,56,255,75,129,56,255,79,134,60,255,75,130,56,255,75,129,56,255,77,131,58,255,81,135,60,255,76,130,57,255,75,129,56,255,75,129,56,255,82,136,61,255,82,136,61,255,81,135,60,255,82,136,61,255,80,135,60,255,80,135,60,255,80,135,60,255,83,136,61,255,81,135,60,255,82,136,61,255,82,136,61,255,83,136,61,255,80,135,60,255,80,135,60,255,81,135,60,255,82,135,60,255,82,135,60,255,83,137,61,255,76,130,57,255,82,136,61,255,82,136,61,255,84,137,61,255,82,136,61,255,83,136,61,255,82,136,60,255,84,137,61,255,82,135,60,255,84,137,61,255,82,136,60,255,82,136,61,255,82,136,61,255,82,136,60,255,82,136,61,255,84,137,61,255,84,137,61,255,64,126,57,255,85,138,62,255,83,136,61,255,84,137,61,255,62,125,56,255,84,137,61,255,83,136,61,255,84,137,61,255,62,125,56,255,84,137,61,255,84,137,61,255,84,137,61,255,63,125,56,255,67,127,58,255,92,142,64,255,90,141,63,255,92,142,64,255,67,128,58,255,92,142,64,255,92,142,64,255,92,142,64,255,67,127,58,255,86,137,61,255,91,141,64,255,91,141,64,255,67,127,58,255,90,141,63,255,98,147,67,255,90,140,63,255,91,141,64,255,89,140,63,255,89,139,63,255,89,139,63,255,92,142,64,255,92,142,64,255,91,141,64,255,91,141,63,255,89,140,63,255,98,147,67,255,91,142,64,255,90,141,63,255,98,147,67,255,90,140,63,255,91,142,64,255,89,139,63,255,88,139,63,255,85,136,60,255,86,136,60,255,88,139,63,255,89,140,63,255,85,135,60,255,85,135,60,255,87,139,62,255,88,139,63,255,85,135,60,255,89,141,63,255,87,139,62,255,85,136,60,255,85,136,60,255,89,141,63,255,88,139,63,255,88,139,63,255,87,139,62,255,87,139,63,255,87,139,62,255,87,139,62,255,95,146,66,255,87,139,62,255,86,138,62,255,87,139,62,255,87,139,63,255,87,138,62,255,87,139,63,255,89,140,63,255,87,138,62,255,87,139,62,255,87,139,62,255,86,138,62,255,87,139,62,255,86,138,62,255,79,132,58,255,87,139,63,255,86,138,62,255,85,137,62,255,80,132,58,255,85,137,62,255,86,138,62,255,84,137,61,255,82,134,59,255,86,138,62,255,86,139,62,255,85,137,62,255,80,133,59,255,80,133,59,255,83,136,61,255,84,137,61,255,83,136,61,255,84,137,61,255,84,137,61,255,84,137,61,255,84,137,61,255,85,137,62,255,85,138,62,255,84,137,61,255,84,137,61,255,85,138,62,255,83,137,61,255,83,136,61,255,82,135,60,255,84,137,61,255,82,136,61,255,83,136,61,255,81,135,60,255,83,136,61,255,82,135,60,255,83,137,61,255,83,137,61,255,84,137,61,255,82,136,61,255,82,136,60,255,83,137,61,255,82,136,60,255,83,137,61,255,82,135,60,255,80,135,60,255,83,136,61,255,81,135,60,255,80,135,60,255,82,136,61,255,82,136,61,255,83,137,61,255,82,136,61,255,82,136,61,255,83,137,61,255,83,136,61,255,81,135,60,255,80,135,60,255,82,136,61,255,82,136,60,255,82,136,61,255,80,135,60,255,82,136,61,255,82,136,61,255,81,135,60,255,82,136,61,255,82,136,61,255,81,136,60,255,80,135,60,255,80,135,60,255,74,129,56,255,81,136,60,255,81,136,60,255,80,135,60,255,81,135,60,255,80,135,60,255,80,135,60,255,80,135,60,255,82,136,60,255,80,135,60,255,80,135,60,255,80,135,60,255,82,136,61,255,81,135,60,255,80,134,60,255,75,130,57,255,82,136,61,255,80,135,60,255,82,136,61,255,81,135,60,255,77,130,57,255,77,130,57,255,75,129,56,255,76,130,56,255,82,136,61,255,80,135,60,255,82,136,61,255,81,135,60,255,80,135,60,255,81,135,60,255,80,134,60,255,82,136,61,255,82,136,61,255,80,135,60,255,80,135,60,255,79,134,60,255,82,136,61,255,82,136,61,255,80,135,60,255,82,136,61,255,82,136,61,255,82,136,60,255,82,136,61,255,80,135,60,255,80,135,60,255,80,134,60,255,81,135,60,255,82,136,61,255,80,135,60,255,80,135,60,255,80,134,60,255,82,136,61,255,79,134,60,255,82,136,60,255,79,134,60,255,81,136,60,255,81,135,60,255,74,129,56,255,81,135,60,255,80,135,60,255,82,136,61,255,81,135,60,255,82,136,61,255,82,136,61,255,81,135,60,255,82,136,61,255,82,136,61,255,80,135,60,255,82,136,61,255,80,135,60,255,79,134,60,255,80,135,60,255,80,135,60,255,82,136,60,255,80,134,60,255,80,135,60,255,81,135,60,255,81,135,60,255,82,136,60,255,82,136,60,255,81,135,60,255,80,135,60,255,82,136,61,255,79,134,60,255,82,136,60,255,80,134,60,255,80,135,60,255,77,131,58,255,80,135,60,255,75,130,56,255,77,131,58,255,75,129,56,255,82,136,61,255,80,135,60,255,76,130,56,255,77,131,58,255,82,136,61,255,69,125,53,255,77,130,57,255,75,129,56,255,75,129,56,255,75,129,56,255,76,130,57,255,77,131,58,255,77,131,58,255,77,130,57,255,79,134,59,255,81,136,60,255,77,130,57,255,77,131,57,255,80,135,60,255,80,135,60,255,77,131,57,255,81,136,60,255,79,134,60,255,73,129,56,255,79,134,59,255,79,134,60,255,79,134,59,255,80,135,60,255,79,134,60,255,80,135,60,255,78,134,59,255,79,135,60,255,80,135,60,255,79,134,59,255,79,134,60,255,79,134,59,255,79,134,60,255,79,134,60,255,80,135,60,255,79,134,60,255,79,134,60,255,78,134,59,255,79,134,60,255,79,134,60,255,79,134,60,255,80,135,60,255,79,135,60,255,80,135,60,255,80,135,60,255,79,134,59,255,79,134,59,255,79,134,60,255,79,134,60,255,79,135,60,255,79,135,60,255,79,134,60,255,80,135,60,255,79,135,60,255,80,135,60,255,80,135,60,255,79,134,60,255,76,130,57,255,77,131,57,255,75,129,56,255,79,135,60,255,75,129,56,255,76,130,57,255,75,129,56,255,80,135,60,255,75,129,56,255,77,131,57,255,76,130,57,255,80,135,60,255,77,131,57,255,75,129,56,255,77,130,57,255,82,136,61,255,82,136,61,255,80,135,60,255,82,136,61,255,80,135,60,255,80,135,60,255,82,136,61,255,82,136,60,255,81,136,60,255,82,136,61,255,82,136,61,255,83,137,61,255,80,135,60,255,80,135,60,255,82,136,61,255,83,136,61,255,83,137,61,255,83,137,61,255,84,137,61,255,85,138,62,255,82,135,60,255,83,137,61,255,83,136,61,255,84,137,61,255,83,137,61,255,82,135,60,255,84,137,61,255,83,136,61,255,81,135,60,255,82,136,61,255,84,137,61,255,83,136,61,255,83,136,61,255,83,136,61,255,85,138,62,255,62,125,56,255,84,137,62,255,83,136,61,255,83,136,61,255,63,125,57,255,82,136,61,255,83,136,61,255,85,138,62,255,63,126,57,255,84,137,61,255,84,137,61,255,85,138,62,255,63,126,57,255,67,127,58,255,90,140,63,255,97,146,67,255,92,142,64,255,68,128,59,255,85,136,60,255,91,141,64,255,90,141,63,255,67,127,58,255,91,141,63,255,92,142,64,255,92,142,64,255,66,127,58,255,91,141,63,255,85,136,60,255,91,141,64,255,91,141,64,255,91,141,64,255,90,141,63,255,89,139,63,255,89,139,63,255,90,141,63,255,89,140,63,255,91,141,64,255,92,142,64,255,91,141,63,255,97,147,67,255,97,147,67,255,90,140,63,255,91,142,64,255,88,139,63,255,89,139,63,255,84,135,60,255,85,135,60,255,88,139,63,255,87,139,62,255,84,135,60,255,86,136,61,255,88,139,63,255,87,138,62,255,85,135,60,255,86,136,60,255,87,139,62,255,89,140,63,255,84,134,60,255,84,135,60,255,88,139,63,255,89,140,63,255,94,144,66,255,95,146,66,255,87,139,63,255,86,138,62,255,87,138,62,255,80,133,59,255,94,144,66,255,86,138,62,255,88,140,63,255,87,139,62,255,87,139,62,255,85,137,61,255,88,140,63,255,87,139,63,255,87,139,63,255,86,138,62,255,85,138,62,255,87,139,62,255,80,133,58,255,79,132,58,255,87,139,62,255,84,137,61,255,79,132,58,255,79,131,58,255,85,137,61,255,85,137,62,255,80,133,59,255,80,133,58,255,85,137,62,255,86,138,62,255,80,132,58,255,85,137,62,255,83,136,61,255,83,137,61,255,83,136,61,255,83,136,61,255,83,136,61,255,83,136,61,255,84,137,62,255,84,137,61,255,85,137,62,255,85,138,62,255,84,137,61,255,83,136,61,255,83,136,61,255,82,136,61,255,82,135,60,255,82,135,60,255,82,135,60,255,82,136,61,255,82,136,60,255,82,136,61,255,82,135,60,255,83,137,61,255,81,135,60,255,80,135,60,255,82,136,60,255,80,135,60,255,83,136,61,255,81,135,60,255,82,136,60,255,82,136,61,255,82,136,60,255,83,136,61,255,80,135,60,255,82,136,61,255,82,136,61,255,80,135,60,255,80,135,60,255,80,135,60,255,82,136,60,255,80,135,60,255,81,135,60,255,82,136,61,255,82,136,61,255,80,135,60,255,80,135,60,255,80,135,60,255,81,136,60,255,76,130,57,255,81,136,60,255,80,135,60,255,76,130,56,255,76,130,57,255,82,136,61,255,76,130,56,255,76,130,57,255,77,131,58,255,77,131,57,255,77,131,57,255,77,131,57,255,76,130,56,255,75,129,56,255,75,129,56,255,76,130,56,255,76,130,57,255,75,129,56,255,75,129,56,255,75,129,56,255,75,129,56,255,69,125,53,255,75,129,56,255,77,130,57,255,76,130,57,255,75,129,56,255,77,130,57,255,75,129,56,255,75,129,56,255,75,129,56,255,79,134,60,255,80,135,60,255,79,134,60,255,76,130,57,255,76,130,57,255,76,130,57,255,75,129,56,255,76,130,57,255,77,131,58,255,76,130,57,255,75,129,56,255,75,129,56,255,75,129,56,255,75,129,56,255,77,131,57,255,80,135,60,255,79,134,60,255,80,135,60,255,80,135,60,255,76,130,56,255,75,129,56,255,70,125,53,255,77,130,57,255,77,131,57,255,77,131,57,255,76,130,56,255,76,130,56,255,75,129,56,255,75,129,56,255,76,130,57,255,76,130,57,255,80,135,60,255,80,135,60,255,74,129,56,255,79,135,60,255,77,131,58,255,80,135,60,255,82,136,60,255,77,130,57,255,77,130,57,255,75,129,56,255,76,130,57,255,76,130,56,255,77,130,57,255,71,126,54,255,75,129,56,255,75,129,56,255,81,136,60,255,72,128,55,255,79,134,59,255,81,136,60,255,76,130,57,255,77,130,57,255,77,131,58,255,76,130,56,255,77,131,58,255,75,129,56,255,75,129,56,255,75,129,56,255,77,130,57,255,76,130,56,255,79,134,60,255,79,134,60,255,80,135,60,255,80,135,60,255,80,135,60,255,79,134,60,255,77,131,58,255,76,130,56,255,77,130,57,255,79,134,60,255,75,130,56,255,79,134,59,255,81,136,60,255,79,134,60,255,79,134,60,255,78,134,59,255,81,136,60,255,78,134,59,255,80,135,60,255,80,135,60,255,78,134,59,255,78,134,59,255,81,135,60,255,80,135,60,255,79,134,60,255,79,134,60,255,79,134,60,255,79,134,60,255,79,134,60,255,80,135,60,255,79,135,60,255,78,134,59,255,79,134,59,255,80,135,60,255,79,134,60,255,79,134,59,255,80,135,60,255,78,134,59,255,80,135,60,255,80,135,60,255,79,134,60,255,78,134,59,255,79,134,60,255,78,134,59,255,79,134,60,255,80,135,60,255,79,134,60,255,80,135,60,255,80,135,60,255,79,134,60,255,72,129,56,255,80,135,60,255,79,134,59,255,80,135,60,255,80,135,60,255,79,134,59,255,81,136,60,255,78,134,59,255,78,134,59,255,79,134,60,255,80,135,60,255,79,134,60,255,79,134,60,255,80,135,60,255,79,135,60,255,80,135,60,255,79,134,60,255,80,135,60,255,79,134,60,255,79,134,60,255,81,136,60,255,75,129,56,255,77,131,58,255,75,129,56,255,80,135,60,255,75,129,56,255,75,129,56,255,82,136,61,255,76,130,57,255,77,131,58,255,77,130,57,255,81,135,60,255,75,129,56,255,76,130,57,255,76,130,56,255,81,136,60,255,79,134,60,255,83,136,61,255,82,136,61,255,81,135,60,255,80,135,60,255,80,135,60,255,81,135,60,255,82,136,61,255,82,136,61,255,81,135,60,255,80,135,60,255,82,135,60,255,80,135,60,255,82,136,61,255,81,135,60,255,82,136,61,255,83,136,61,255,82,136,61,255,82,136,61,255,83,137,61,255,83,137,61,255,83,136,61,255,84,137,61,255,84,137,61,255,82,136,60,255,82,136,61,255,82,135,60,255,84,137,62,255,81,135,60,255,84,137,61,255,82,136,61,255,85,138,62,255,83,136,61,255,85,138,62,255,81,134,59,255,63,126,57,255,83,136,61,255,83,136,61,255,79,132,58,255,63,125,56,255,83,136,61,255,78,132,58,255,81,133,59,255,64,126,57,255,85,137,62,255,85,137,62,255,81,133,59,255,63,126,57,255,67,128,59,255,97,147,67,255,91,141,64,255,92,142,64,255,66,127,58,255,91,141,63,255,92,142,64,255,91,141,63,255,76,134,62,255,89,140,63,255,92,142,64,255,90,140,63,255,79,134,60,255,89,140,63,255,90,141,63,255,92,142,64,255,97,146,67,255,89,140,63,255,89,140,63,255,89,141,63,255,92,142,64,255,89,139,63,255,89,139,63,255,86,136,61,255,89,139,63,255,91,141,63,255,88,139,63,255,84,135,60,255,89,140,63,255,89,141,63,255,97,147,67,255,85,135,60,255,84,134,59,255,88,139,63,255,88,139,63,255,89,140,63,255,86,136,61,255,87,139,62,255,88,139,63,255,89,140,63,255,85,135,60,255,89,140,63,255,88,139,63,255,87,138,62,255,85,135,60,255,88,139,63,255,87,139,62,255,87,139,63,255,87,138,62,255,86,138,62,255,80,134,59,255,86,138,62,255,88,140,63,255,87,139,62,255,93,144,66,255,87,139,62,255,87,138,62,255,87,138,62,255,85,137,61,255,85,137,62,255,88,139,63,255,86,138,62,255,87,139,62,255,86,138,62,255,86,138,62,255,84,137,61,255,79,131,58,255,83,136,61,255,84,137,61,255,80,133,58,255,81,133,59,255,77,131,57,255,78,132,58,255,80,132,58,255,86,138,62,255,84,137,61,255,86,138,62,255,79,132,58,255,84,137,61,255,83,136,61,255,84,137,61,255,83,136,61,255,84,137,61,255,83,136,61,255,84,137,61,255,83,136,61,255,83,136,61,255,83,137,61,255,84,137,61,255,84,137,61,255,82,136,61,255,83,137,61,255,84,137,62,255,84,137,61,255,82,135,60,255,82,135,60,255,83,137,61,255,82,136,60,255,82,136,61,255,82,136,60,255,83,137,61,255,82,136,61,255,82,136,61,255,82,136,61,255,83,136,61,255,80,135,60,255,82,136,61,255,74,129,56,255,83,136,61,255,82,136,61,255,82,136,61,255,82,136,61,255,81,135,60,255,82,136,61,255,75,129,56,255,77,130,57,255,81,135,60,255,79,134,60,255,77,131,58,255,75,129,56,255,74,129,56,255,75,129,56,255,77,131,57,255,76,130,57,255,81,136,60,255,77,130,57,255,76,130,56,255,75,129,56,255,77,130,57,255,75,129,56,255,77,131,57,255,80,135,60,255,76,130,56,255,75,129,56,255,80,135,60,255,80,135,60,255,76,130,56,255,80,135,60,255,80,135,60,255,80,135,60,255,76,130,56,255,78,134,59,255,80,135,60,255,79,134,60,255,79,134,59,255,79,134,60,255,80,135,60,255,79,134,60,255,78,134,59,255,80,135,60,255,78,134,59,255,79,134,60,255,78,134,59,255,80,135,60,255,79,134,60,255,78,134,59,255,78,134,59,255,78,134,59,255,79,134,60,255,78,134,59,255,79,134,60,255,78,134,59,255,78,134,59,255,78,134,59,255,80,135,60,255,80,135,60,255,79,134,60,255,79,134,60,255,78,134,59,255,78,134,59,255,79,135,60,255,79,134,60,255,78,134,59,255,72,129,56,255,78,133,59,255,78,134,59,255,78,134,59,255,79,134,60,255,78,134,59,255,78,134,59,255,78,134,59,255,80,135,60,255,78,134,59,255,78,133,59,255,80,135,60,255,80,135,60,255,78,134,59,255,79,134,60,255,78,134,59,255,78,134,59,255,79,135,60,255,79,135,60,255,79,134,60,255,80,135,60,255,80,135,60,255,79,134,60,255,78,134,59,255,79,135,60,255,80,135,60,255,78,134,59,255,78,134,59,255,78,134,59,255,77,133,59,255,79,135,60,255,77,133,59,255,79,135,60,255,78,133,59,255,78,134,59,255,78,134,59,255,79,134,60,255,80,135,60,255,80,135,60,255,80,135,60,255,79,135,60,255,78,134,59,255,78,134,59,255,78,133,59,255,78,134,59,255,79,135,60,255,80,135,60,255,79,134,60,255,79,134,60,255,78,134,59,255,77,133,59,255,80,135,60,255,79,134,59,255,78,134,59,255,80,135,60,255,80,135,60,255,71,128,55,255,79,135,60,255,78,134,59,255,78,134,59,255,78,134,59,255,78,133,59,255,72,128,55,255,79,135,60,255,77,133,59,255,79,134,60,255,78,134,59,255,80,135,60,255,78,134,59,255,80,135,60,255,78,134,59,255,78,133,59,255,79,134,60,255,79,134,59,255,79,134,60,255,78,133,59,255,79,135,60,255,72,129,56,255,79,134,60,255,79,135,60,255,78,133,59,255,79,134,60,255,78,133,59,255,78,134,59,255,78,134,59,255,78,134,59,255,78,133,59,255,78,134,59,255,78,134,59,255,78,134,59,255,79,135,60,255,78,133,59,255,80,135,60,255,80,135,60,255,79,135,60,255,79,134,60,255,80,135,60,255,79,134,60,255,78,134,59,255,79,134,59,255,78,134,59,255,78,134,59,255,79,134,59,255,79,134,59,255,80,135,60,255,80,135,60,255,79,134,60,255,80,135,60,255,79,134,59,255,80,135,60,255,80,135,60,255,79,134,60,255,81,136,60,255,80,135,60,255,76,130,57,255,76,130,56,255,76,130,56,255,75,129,56,255,82,136,60,255,77,130,57,255,76,130,57,255,77,130,57,255,80,135,60,255,76,130,56,255,76,130,57,255,76,130,57,255,82,136,60,255,77,130,57,255,75,129,56,255,80,135,60,255,82,136,61,255,80,134,60,255,80,135,60,255,82,135,60,255,82,135,60,255,82,136,61,255,83,136,61,255,81,135,60,255,83,136,61,255,81,135,60,255,82,136,61,255,81,135,60,255,82,135,60,255,80,135,60,255,82,136,60,255,83,136,61,255,81,135,60,255,81,135,60,255,84,137,61,255,84,137,61,255,84,137,61,255,82,136,61,255,82,136,61,255,84,137,62,255,83,136,61,255,83,136,61,255,83,137,61,255,83,137,61,255,84,137,62,255,84,137,61,255,82,136,60,255,83,137,61,255,84,137,61,255,83,136,61,255,84,137,61,255,80,133,58,255,63,125,57,255,84,137,61,255,83,136,61,255,80,133,58,255,63,125,56,255,84,137,61,255,85,137,62,255,81,133,59,255,63,125,57,255,84,137,61,255,75,128,55,255,79,131,58,255,63,125,57,255,80,143,74,255,52,116,52,255,76,134,62,255,85,139,64,255,51,116,52,255,84,138,63,255,92,142,64,255,91,141,64,255,75,133,61,255,90,140,63,255,89,139,63,255,91,141,64,255,85,139,64,255,90,141,63,255,90,141,63,255,89,140,63,255,91,141,64,255,91,142,64,255,89,140,63,255,89,140,63,255,91,142,64,255,92,142,64,255,91,141,64,255,89,140,63,255,91,142,64,255,91,141,64,255,89,140,63,255,89,139,63,255,89,140,63,255,84,136,60,255,89,139,63,255,89,140,63,255,90,141,63,255,89,139,63,255,90,141,63,255,85,135,60,255,97,146,67,255,89,139,63,255,89,139,63,255,86,136,60,255,90,141,63,255,89,140,63,255,78,129,56,255,85,135,60,255,89,140,63,255,89,139,63,255,84,134,59,255,92,141,63,255,84,134,60,255,88,139,63,255,87,139,62,255,95,146,66,255,87,138,62,255,88,140,63,255,81,134,59,255,88,139,63,255,88,139,62,255,88,139,62,255,86,138,62,255,86,138,62,255,88,139,63,255,88,139,63,255,87,139,63,255,87,138,62,255,87,139,62,255,87,138,62,255,85,138,62,255,86,139,62,255,86,138,62,255,86,138,62,255,85,138,62,255,85,138,62,255,86,138,62,255,86,138,62,255,86,139,62,255,86,138,62,255,87,138,62,255,86,138,62,255,85,137,61,255,86,138,62,255,86,138,62,255,79,131,58,255,84,137,61,255,82,136,61,255,80,132,58,255,79,131,58,255,84,137,61,255,78,132,58,255,82,134,59,255,83,136,61,255,84,137,61,255,82,136,61,255,80,133,59,255,84,137,61,255,85,138,62,255,83,136,61,255,84,137,61,255,84,137,61,255,82,136,61,255,83,136,61,255,84,137,61,255,82,136,61,255,81,135,60,255,82,136,61,255,83,137,61,255,83,137,61,255,82,136,61,255,82,136,61,255,82,136,61,255,83,136,61,255,81,135,60,255,83,137,61,255,83,137,61,255,80,135,60,255,80,135,60,255,80,135,60,255,81,135,60,255,82,136,61,255,82,136,61,255,82,136,61,255,80,135,60,255,80,135,60,255,81,135,60,255,80,135,60,255,80,135,60,255,82,136,61,255,82,136,61,255,80,135,60,255,82,136,60,255,76,130,56,255,77,131,57,255,75,129,56,255,77,131,58,255,77,130,57,255,77,131,57,255,75,129,56,255,76,130,57,255,75,129,56,255,75,129,56,255,81,136,60,255,69,125,53,255,76,130,56,255,77,131,58,255,79,134,59,255,80,135,60,255,80,135,60,255,79,135,60,255,80,135,60,255,79,135,60,255,80,135,60,255,80,135,60,255,78,133,59,255,81,136,60,255,78,134,59,255,78,134,59,255,79,134,60,255,79,134,59,255,78,134,59,255,78,134,59,255,80,135,60,255,78,134,59,255,78,133,59,255,78,133,59,255,80,135,60,255,79,134,60,255,80,135,60,255,79,134,60,255,78,134,59,255,79,134,60,255,78,134,59,255,79,135,60,255,79,134,60,255,79,135,60,255,80,135,60,255,79,134,60,255,79,135,60,255,80,135,60,255,79,135,60,255,78,134,59,255,78,133,59,255,79,134,60,255,78,134,59,255,77,133,59,255,79,134,60,255,78,133,59,255,79,135,60,255,79,134,60,255,77,133,59,255,78,134,59,255,79,134,60,255,77,133,59,255,79,135,60,255,79,135,60,255,77,133,59,255,77,133,59,255,79,135,60,255,78,134,59,255,79,135,60,255,78,134,59,255,78,134,60,255,79,135,60,255,77,133,59,255,79,135,60,255,79,134,60,255,78,134,59,255,78,134,59,255,77,133,59,255,77,133,59,255,79,134,60,255,77,133,59,255,78,134,59,255,77,133,59,255,77,133,59,255,77,133,59,255,79,135,60,255,78,134,59,255,78,134,59,255,79,134,60,255,78,134,59,255,78,133,59,255,77,133,59,255,78,134,60,255,78,134,60,255,77,133,59,255,79,135,60,255,78,134,59,255,79,135,60,255,79,134,60,255,79,134,60,255,78,134,60,255,77,133,59,255,77,133,59,255,78,134,59,255,77,133,59,255,79,134,60,255,77,133,59,255,79,134,60,255,79,135,60,255,77,133,59,255,77,133,59,255,77,133,59,255,77,133,59,255,78,134,59,255,79,134,60,255,77,133,59,255,77,133,59,255,78,134,59,255,77,133,59,255,77,133,59,255,77,133,59,255,77,133,59,255,79,135,60,255,72,128,55,255,78,134,59,255,77,133,59,255,77,133,59,255,78,134,59,255,79,134,60,255,79,135,60,255,78,134,59,255,78,134,59,255,79,134,60,255,80,135,60,255,78,134,59,255,79,134,60,255,77,133,59,255,72,128,55,255,78,133,59,255,79,135,60,255,79,135,60,255,79,134,60,255,79,135,60,255,79,134,60,255,78,134,59,255,78,134,59,255,79,134,59,255,78,134,59,255,78,134,59,255,80,135,60,255,79,134,60,255,78,134,59,255,80,135,60,255,79,134,59,255,80,135,60,255,79,134,60,255,79,134,60,255,79,134,60,255,79,134,59,255,79,134,60,255,80,135,60,255,80,135,60,255,76,130,57,255,80,135,60,255,78,134,59,255,81,136,60,255,76,130,57,255,78,134,59,255,78,134,59,255,76,130,57,255,76,130,57,255,80,135,60,255,80,135,60,255,75,129,56,255,77,131,57,255,76,130,56,255,77,131,58,255,82,136,61,255,81,136,60,255,75,129,56,255,77,131,57,255,80,135,60,255,81,135,60,255,76,130,56,255,80,135,60,255,81,135,60,255,80,134,60,255,76,130,56,255,81,136,60,255,82,136,61,255,80,135,60,255,80,135,60,255,81,135,60,255,81,135,60,255,81,135,60,255,81,135,60,255,83,137,61,255,81,135,60,255,81,135,60,255,81,135,60,255,81,135,60,255,82,136,61,255,83,137,61,255,80,135,60,255,83,136,61,255,82,136,61,255,83,136,61,255,83,136,61,255,83,137,61,255,76,131,57,255,83,137,61,255,83,136,61,255,83,136,61,255,83,136,61,255,84,137,61,255,84,137,61,255,82,136,61,255,76,131,57,255,83,136,61,255,83,136,61,255,84,137,61,255,84,137,61,255,85,137,62,255,84,137,61,255,79,131,58,255,82,134,59,255,64,126,58,255,84,137,61,255,80,133,59,255,80,133,58,255,64,126,58,255,84,137,61,255,79,131,58,255,85,138,62,255,64,126,58,255,80,133,58,255,81,133,59,255,85,137,62,255,65,126,58,255,80,143,74,255,52,117,52,255,67,128,58,255,67,128,58,255,51,116,51,255,79,133,60,255,85,135,60,255,89,141,63,255,70,128,58,255,84,134,60,255,84,135,60,255,84,135,60,255,80,134,60,255,85,136,60,255,85,136,60,255,85,136,60,255,67,128,59,255,66,127,58,255,76,134,62,255,85,139,64,255,89,139,63,255,97,146,67,255,88,139,63,255,91,141,64,255,88,139,63,255,90,141,63,255,88,139,63,255,90,141,63,255,85,135,60,255,91,141,64,255,89,139,63,255,89,139,63,255,91,141,64,255,98,147,67,255,89,139,63,255,91,141,64,255,89,139,63,255,91,142,64,255,90,141,63,255,91,141,63,255,88,139,63,255,97,146,67,255,91,141,63,255,89,140,63,255,89,139,63,255,89,140,63,255,89,140,63,255,90,141,63,255,91,141,64,255,90,141,63,255,91,142,64,255,89,140,63,255,91,141,63,255,91,141,64,255,89,139,63,255,89,140,63,255,91,141,64,255,89,140,63,255,89,140,63,255,91,141,64,255,82,134,59,255,89,140,63,255,89,140,63,255,89,140,63,255,90,141,63,255,89,139,63,255,86,136,61,255,85,136,60,255,88,139,63,255,91,140,63,255,85,135,60,255,89,140,63,255,95,145,66,255,86,136,61,255,84,135,60,255,89,141,63,255,85,136,60,255,78,129,56,255,83,134,59,255,81,133,59,255,87,139,62,255,88,139,63,255,88,140,63,255,87,139,62,255,87,139,62,255,88,139,63,255,95,146,66,255,86,138,62,255,89,140,63,255,86,138,62,255,87,139,63,255,87,139,62,255,89,140,63,255,88,139,63,255,94,145,66,255,86,138,62,255,87,139,63,255,86,138,62,255,86,138,62,255,85,137,61,255,86,138,62,255,86,138,62,255,86,138,62,255,84,137,61,255,85,137,62,255,87,139,62,255,86,138,62,255,80,133,59,255,86,138,62,255,85,137,61,255,86,138,62,255,81,133,59,255,80,133,59,255,83,136,61,255,83,136,61,255,84,137,61,255,79,131,58,255,84,137,61,255,83,136,61,255,83,136,61,255,80,133,58,255,85,138,62,255,84,137,61,255,84,137,61,255,81,134,59,255,85,138,62,255,83,136,61,255,82,135,60,255,84,137,61,255,81,135,60,255,82,136,61,255,82,136,60,255,82,136,60,255,83,136,61,255,76,131,57,255,81,135,60,255,83,136,61,255,81,135,60,255,76,131,57,255,82,136,61,255,83,137,61,255,83,136,61,255,83,137,61,255,82,135,60,255,82,136,61,255,82,136,61,255,80,135,60,255,80,135,60,255,82,136,61,255,80,135,60,255,80,135,60,255,77,130,57,255,81,135,60,255,80,134,60,255,82,136,61,255,77,131,58,255,80,135,60,255,80,135,60,255,82,136,61,255,76,130,57,255,77,131,58,255,76,130,57,255,75,129,56,255,80,135,60,255,77,131,58,255,76,130,56,255,75,129,56,255,78,134,59,255,76,130,56,255,75,129,56,255,76,130,57,255,79,134,60,255,76,130,57,255,76,130,56,255,77,131,57,255,80,135,60,255,80,135,60,255,80,135,60,255,80,135,60,255,79,135,60,255,79,135,60,255,80,135,60,255,72,128,55,255,79,134,60,255,79,134,60,255,79,134,60,255,79,134,60,255,79,134,60,255,79,134,60,255,79,134,59,255,79,134,60,255,78,133,59,255,79,134,60,255,72,129,56,255,78,134,60,255,78,134,59,255,79,134,60,255,79,134,60,255,78,133,59,255,77,133,59,255,78,134,59,255,80,135,60,255,77,133,59,255,78,134,59,255,79,134,60,255,78,133,59,255,80,135,60,255,79,135,60,255,79,135,60,255,78,134,59,255,78,134,59,255,78,134,60,255,78,134,59,255,77,133,59,255,77,133,59,255,77,133,59,255,78,134,59,255,79,134,60,255,79,135,60,255,79,134,60,255,77,133,59,255,79,134,60,255,79,135,60,255,78,134,59,255,79,134,60,255,78,134,59,255,79,134,60,255,77,133,59,255,79,134,60,255,77,133,59,255,76,132,59,255,77,133,59,255,77,133,59,255,77,133,59,255,76,133,59,255,76,133,59,255,79,135,60,255,76,133,59,255,78,134,59,255,77,133,59,255,78,134,60,255,78,134,60,255,77,133,59,255,78,134,60,255,77,133,59,255,77,133,59,255,77,133,59,255,78,134,59,255,78,134,59,255,77,133,59,255,77,133,59,255,77,133,59,255,77,133,59,255,78,134,59,255,76,133,59,255,78,134,60,255,77,133,59,255,79,134,60,255,79,134,60,255,77,133,59,255,76,133,59,255,78,134,60,255,77,133,59,255,78,134,60,255,76,133,59,255,78,134,59,255,78,134,59,255,78,134,59,255,77,133,59,255,77,133,59,255,78,134,60,255,77,133,59,255,78,134,59,255,79,134,60,255,79,134,60,255,77,133,59,255,77,133,59,255,78,134,59,255,79,134,60,255,77,133,59,255,79,134,60,255,78,134,59,255,78,133,59,255,79,135,60,255,78,134,59,255,77,133,59,255,78,134,59,255,78,134,59,255,77,133,59,255,79,135,60,255,78,134,59,255,79,134,60,255,79,134,60,255,78,134,59,255,80,135,60,255,80,135,60,255,79,134,60,255,79,134,60,255,78,133,59,255,79,134,60,255,79,134,60,255,79,134,60,255,78,133,59,255,79,134,60,255,78,134,59,255,79,135,60,255,78,134,59,255,79,134,60,255,78,134,59,255,80,135,60,255,80,135,60,255,81,136,60,255,80,135,60,255,80,135,60,255,79,135,60,255,79,134,60,255,79,134,60,255,79,134,59,255,79,135,60,255,77,131,57,255,79,134,59,255,75,129,56,255,75,129,56,255,76,129,56,255,80,135,60,255,75,129,56,255,76,130,56,255,77,131,57,255,77,130,57,255,77,131,57,255,77,131,58,255,81,136,60,255,69,124,53,255,76,130,56,255,82,136,61,255,82,136,61,255,80,135,60,255,81,135,60,255,82,136,61,255,80,135,60,255,80,135,60,255,81,135,60,255,80,135,60,255,81,135,60,255,75,130,57,255,80,135,60,255,83,137,61,255,83,136,61,255,82,136,61,255,81,135,60,255,83,136,61,255,81,135,60,255,82,136,61,255,83,136,61,255,84,137,61,255,82,136,61,255,82,135,60,255,81,135,60,255,83,137,61,255,83,137,61,255,83,137,61,255,83,136,61,255,82,136,60,255,83,137,61,255,82,136,60,255,82,136,61,255,82,136,61,255,84,137,62,255,83,136,61,255,85,137,62,255,84,137,61,255,83,136,61,255,84,137,61,255,84,137,61,255,84,137,61,255,83,136,61,255,83,136,61,255,85,137,62,255,83,136,61,255,81,133,59,255,84,137,61,255,84,137,61,255,85,138,62,255,82,134,59,255,79,131,58,255,80,132,58,255,85,138,62,255,63,125,57,255,82,134,59,255,85,137,61,255,84,137,61,255,64,126,57,255,80,132,58,255,86,138,62,255,87,139,62,255,64,126,57,255,81,133,59,255,84,137,61,255,85,138,62,255,65,126,58,255,79,143,73,255,52,116,52,255,65,126,57,255,64,126,57,255,51,116,51,255,82,137,62,255,87,139,62,255,88,139,63,255,73,132,61,255,87,139,62,255,88,140,63,255,87,138,62,255,83,137,63,255,88,139,63,255,87,138,62,255,95,146,66,255,65,126,58,255,66,127,58,255,75,133,61,255,83,137,63,255,89,140,63,255,89,140,63,255,87,139,62,255,88,139,63,255,87,139,62,255,88,139,63,255,88,140,63,255,89,141,63,255,88,139,63,255,88,140,63,255,88,139,63,255,88,139,63,255,88,139,63,255,85,135,60,255,86,136,60,255,85,135,60,255,88,139,63,255,89,141,63,255,84,135,60,255,85,136,60,255,87,139,62,255,89,141,63,255,89,140,63,255,84,135,60,255,88,139,63,255,89,141,63,255,88,139,63,255,88,139,62,255,84,135,60,255,84,135,60,255,90,141,63,255,88,139,63,255,85,135,60,255,85,135,60,255,86,136,60,255,86,136,60,255,85,135,60,255,85,136,60,255,84,135,60,255,84,134,60,255,86,136,60,255,83,134,59,255,85,135,60,255,85,135,60,255,89,140,63,255,88,139,63,255,90,141,63,255,90,141,63,255,88,139,63,255,89,140,63,255,89,139,63,255,89,140,63,255,85,135,60,255,85,135,60,255,88,139,63,255,88,139,63,255,85,135,60,255,84,134,60,255,86,136,61,255,86,136,60,255,91,141,64,255,91,141,64,255,88,139,63,255,84,135,60,255,89,140,63,255,89,140,63,255,90,141,63,255,85,135,60,255,86,136,61,255,86,136,60,255,86,136,60,255,84,134,60,255,86,136,60,255,85,135,60,255,85,136,59,255,85,136,60,255,86,136,60,255,84,135,60,255,89,141,63,255,87,138,62,255,91,140,62,255,84,134,59,255,88,139,63,255,87,138,62,255,86,136,60,255,89,141,63,255,87,139,62,255,87,139,62,255,84,135,60,255,89,140,63,255,89,140,63,255,87,138,62,255,87,138,62,255,89,140,63,255,88,140,63,255,86,138,62,255,86,138,62,255,87,139,62,255,87,139,62,255,80,134,59,255,87,138,62,255,87,139,63,255,87,138,62,255,86,138,62,255,86,138,62,255,87,139,62,255,88,139,63,255,86,138,62,255,87,139,62,255,85,137,61,255,84,137,61,255,79,131,58,255,87,139,62,255,78,131,58,255,86,138,62,255,79,132,58,255,85,138,62,255,87,139,62,255,84,137,61,255,80,132,58,255,85,137,61,255,86,138,62,255,86,138,62,255,79,132,58,255,84,137,61,255,85,138,62,255,84,137,62,255,83,136,61,255,83,136,61,255,83,136,61,255,83,136,61,255,83,136,61,255,84,137,61,255,83,136,61,255,85,137,62,255,83,136,61,255,84,137,61,255,85,137,62,255,83,136,61,255,84,137,61,255,82,135,60,255,82,136,61,255,82,136,60,255,80,135,60,255,83,137,61,255,81,135,60,255,82,136,61,255,82,136,61,255,82,136,61,255,82,136,61,255,80,135,60,255,82,136,61,255,82,135,60,255,84,137,61,255,81,135,60,255,81,135,60,255,82,136,61,255,80,135,60,255,81,135,60,255,81,135,60,255,82,136,61,255,82,136,61,255,82,136,61,255,80,135,60,255,83,136,61,255,82,136,61,255,80,134,60,255,80,135,60,255,81,135,60,255,81,135,60,255,82,136,61,255,82,136,61,255,75,129,56,255,75,129,56,255,77,131,57,255,80,135,60,255,77,131,58,255,71,126,54,255,77,130,57,255,76,130,56,255,75,129,56,255,77,131,57,255,76,130,56,255,77,131,57,255,82,136,61,255,77,131,58,255,76,130,56,255,75,129,56,255,79,134,60,255,80,135,60,255,79,134,60,255,79,135,60,255,79,134,60,255,79,134,60,255,80,135,60,255,79,134,59,255,79,134,60,255,80,135,60,255,79,134,60,255,79,134,60,255,76,130,56,255,76,130,57,255,80,135,60,255,79,134,60,255,79,135,60,255,78,134,59,255,73,129,56,255,79,134,60,255,79,134,60,255,80,135,60,255,78,134,59,255,77,133,59,255,79,134,59,255,80,135,60,255,78,134,59,255,78,134,59,255,78,134,59,255,80,135,60,255,78,134,59,255,79,134,60,255,78,134,59,255,77,133,59,255,78,134,59,255,79,134,60,255,78,133,59,255,72,128,55,255,79,134,60,255,77,133,59,255,78,134,59,255,78,134,60,255,79,134,60,255,77,133,59,255,80,135,60,255,79,135,60,255,78,133,59,255,78,133,59,255,79,135,60,255,77,133,59,255,78,134,60,255,77,133,59,255,77,133,59,255,78,133,59,255,77,133,59,255,77,133,59,255,78,134,59,255,78,134,60,255,77,133,59,255,78,134,59,255,79,135,60,255,77,133,59,255,78,134,59,255,78,134,59,255,77,133,59,255,77,133,59,255,77,133,59,255,79,134,60,255,76,133,59,255,77,133,59,255,77,133,59,255,77,133,59,255,77,133,59,255,78,134,59,255,78,133,59,255,77,133,59,255,72,129,56,255,78,134,59,255,79,134,60,255,79,135,60,255,78,134,59,255,79,134,60,255,77,133,59,255,78,133,59,255,70,127,55,255,78,134,59,255,78,134,60,255,77,133,59,255,77,133,59,255,79,134,60,255,77,133,59,255,78,133,59,255,79,135,60,255,79,134,60,255,78,134,59,255,78,134,59,255,79,134,60,255,78,134,59,255,77,133,59,255,78,134,59,255,78,134,59,255,78,134,59,255,79,135,60,255,80,135,60,255,79,134,60,255,77,133,59,255,78,133,59,255,79,135,60,255,78,133,59,255,78,133,59,255,79,134,60,255,79,134,59,255,77,133,59,255,80,135,60,255,79,134,60,255,79,134,60,255,78,134,59,255,80,135,60,255,78,134,59,255,79,134,60,255,80,135,60,255,78,134,59,255,80,135,60,255,79,134,60,255,79,134,59,255,79,134,60,255,80,135,60,255,80,135,60,255,80,135,60,255,79,135,60,255,79,134,60,255,76,130,57,255,79,134,59,255,79,134,60,255,76,130,57,255,75,129,56,255,80,135,60,255,75,129,56,255,76,130,56,255,76,130,56,255,76,130,56,255,77,131,58,255,77,131,58,255,81,135,60,255,77,131,57,255,82,136,61,255,82,136,61,255,81,135,60,255,76,130,56,255,81,135,60,255,81,136,60,255,81,135,60,255,81,135,60,255,82,136,60,255,81,135,60,255,82,136,61,255,82,136,61,255,82,136,61,255,83,136,61,255,82,135,60,255,80,135,60,255,80,135,60,255,83,137,61,255,82,136,61,255,82,136,61,255,81,135,60,255,82,135,60,255,83,136,61,255,83,136,61,255,83,136,61,255,81,135,60,255,82,136,61,255,82,136,61,255,82,135,60,255,83,136,61,255,83,136,61,255,83,136,61,255,82,135,60,255,84,137,61,255,84,137,61,255,83,136,61,255,82,135,60,255,83,136,61,255,82,136,61,255,83,137,61,255,84,137,61,255,82,136,61,255,84,137,61,255,84,137,61,255,83,136,61,255,84,137,61,255,84,137,61,255,85,138,62,255,84,137,61,255,83,136,61,255,80,133,59,255,84,137,61,255,84,137,61,255,81,133,59,255,82,134,59,255,85,138,62,255,85,137,61,255,81,133,59,255,84,137,61,255,84,137,61,255,80,133,59,255,80,133,59,255,86,138,62,255,85,137,61,255,86,138,62,255,87,139,62,255,64,126,57,255,86,138,62,255,86,138,62,255,87,139,62,255,65,126,58,255,86,138,62,255,86,139,62,255,81,136,62,255,50,115,51,255,80,136,62,255,72,131,60,255,51,116,52,255,78,142,73,255,79,142,73,255,51,116,51,255,65,126,58,255,66,127,58,255,51,116,51,255,84,138,63,255,87,139,63,255,86,138,62,255,72,132,61,255,88,140,63,255,88,139,63,255,88,139,63,255,83,137,63,255,80,133,59,255,86,138,62,255,87,139,62,255,64,126,57,255,65,127,58,255,74,133,61,255,82,137,62,255,86,138,62,255,87,139,62,255,87,138,62,255,87,139,62,255,86,138,62,255,88,140,63,255,87,139,62,255,88,140,63,255,81,134,59,255,87,138,62,255,88,140,63,255,88,139,63,255,88,139,63,255,88,139,63,255,88,139,63,255,88,140,63,255,80,133,59,255,88,140,63,255,88,139,63,255,87,139,62,255,88,140,63,255,86,138,62,255,87,138,62,255,87,139,62,255,80,133,59,255,86,138,62,255,87,139,62,255,88,139,63,255,87,138,62,255,88,139,63,255,88,139,63,255,94,144,66,255,87,139,62,255,87,138,62,255,88,140,63,255,89,141,63,255,89,140,63,255,93,144,66,255,87,138,62,255,89,140,63,255,94,145,66,255,87,138,62,255,88,139,63,255,87,139,62,255,88,139,63,255,87,138,62,255,87,138,62,255,89,141,63,255,87,139,62,255,89,140,63,255,88,139,63,255,88,139,63,255,87,139,62,255,89,140,63,255,88,139,63,255,88,139,63,255,87,139,62,255,88,140,63,255,94,144,66,255,88,140,63,255,89,140,63,255,84,135,60,255,84,134,59,255,84,134,59,255,96,146,67,255,88,139,63,255,87,139,62,255,83,134,59,255,89,140,63,255,89,141,63,255,89,140,63,255,89,140,63,255,87,138,62,255,88,139,63,255,87,139,62,255,88,139,63,255,86,136,60,255,86,136,60,255,85,136,60,255,86,136,60,255,85,136,60,255,85,135,60,255,86,136,60,255,86,136,60,255,88,139,63,255,85,135,60,255,84,135,60,255,83,134,59,255,96,146,67,255,87,138,62,255,88,139,63,255,87,139,62,255,85,135,60,255,84,134,59,255,85,135,60,255,85,135,60,255,85,135,60,255,86,136,60,255,84,134,59,255,87,139,62,255,84,134,59,255,83,134,59,255,88,139,63,255,88,139,63,255,88,139,63,255,88,139,63,255,88,139,63,255,89,141,63,255,89,141,63,255,88,139,63,255,88,139,63,255,88,139,63,255,89,140,63,255,89,141,63,255,88,139,63,255,86,138,62,255,89,141,63,255,87,138,62,255,89,140,63,255,88,140,63,255,88,139,63,255,87,139,62,255,88,139,63,255,86,138,62,255,86,138,62,255,88,140,63,255,86,138,62,255,87,139,62,255,87,139,62,255,88,139,63,255,87,139,62,255,85,138,62,255,88,139,63,255,86,138,62,255,88,139,63,255,87,139,62,255,87,139,62,255,86,138,62,255,86,138,62,255,86,138,62,255,87,139,62,255,87,139,62,255,86,138,62,255,80,133,59,255,86,138,62,255,86,138,62,255,81,133,59,255,81,133,59,255,85,138,62,255,85,138,62,255,80,133,58,255,79,131,58,255,85,137,61,255,85,137,62,255,80,132,58,255,82,134,59,255,84,137,61,255,83,136,61,255,83,136,61,255,82,136,61,255,84,137,61,255,83,136,61,255,84,137,61,255,82,136,61,255,83,136,61,255,83,136,61,255,84,137,61,255,84,137,61,255,85,137,61,255,84,137,61,255,82,136,61,255,83,137,61,255,83,136,61,255,82,136,61,255,82,136,61,255,83,136,61,255,84,137,61,255,82,136,61,255,83,137,61,255,82,136,61,255,84,137,61,255,84,137,61,255,83,136,61,255,82,135,60,255,82,136,61,255,83,136,61,255,81,135,60,255,82,136,61,255,76,130,57,255,81,135,60,255,81,135,60,255,82,136,61,255,81,135,60,255,81,135,60,255,80,135,60,255,83,136,61,255,81,135,60,255,82,136,61,255,82,136,60,255,80,135,60,255,81,135,60,255,80,135,60,255,81,135,60,255,80,135,60,255,82,136,60,255,81,135,60,255,80,135,60,255,77,131,58,255,81,135,60,255,82,136,61,255,82,136,61,255,80,135,60,255,83,136,61,255,82,136,61,255,81,135,60,255,80,135,60,255,82,136,61,255,82,136,61,255,83,136,61,255,80,135,60,255,76,130,56,255,76,130,56,255,76,130,56,255,79,134,60,255,77,131,58,255,75,129,56,255,77,130,57,255,77,131,58,255,79,134,60,255,74,129,56,255,76,130,56,255,75,129,56,255,82,136,60,255,80,135,60,255,80,134,60,255,80,135,60,255,79,135,60,255,78,134,59,255,79,134,60,255,78,134,59,255,77,131,58,255,79,134,60,255,79,135,60,255,78,134,59,255,77,131,57,255,77,130,57,255,76,130,57,255,77,131,57,255,82,136,61,255,76,130,57,255,75,129,56,255,75,129,56,255,80,135,60,255,79,134,60,255,79,134,60,255,78,133,59,255,81,136,60,255,78,134,59,255,78,134,59,255,78,134,59,255,80,135,60,255,80,135,60,255,80,135,60,255,79,135,60,255,75,129,56,255,76,130,57,255,75,129,56,255,77,130,57,255,78,134,59,255,80,135,60,255,79,135,60,255,79,134,60,255,80,135,60,255,79,134,59,255,80,135,60,255,79,134,60,255,79,134,59,255,79,134,59,255,80,135,60,255,79,135,60,255,75,129,56,255,76,130,57,255,75,129,56,255,79,134,60,255,79,134,60,255,78,134,59,255,78,133,59,255,78,134,59,255,79,134,60,255,79,134,59,255,80,135,60,255,78,133,59,255,79,134,60,255,80,135,60,255,80,135,60,255,78,134,59,255,80,135,60,255,80,135,60,255,81,136,60,255,79,134,60,255,80,135,60,255,79,134,59,255,78,134,59,255,80,135,60,255,78,134,59,255,80,135,60,255,80,135,60,255,72,129,56,255,80,135,60,255,79,134,60,255,79,134,59,255,79,134,59,255,76,130,57,255,75,129,56,255,75,129,56,255,77,131,57,255,79,134,60,255,80,135,60,255,80,135,60,255,79,135,60,255,80,135,60,255,80,135,60,255,80,135,60,255,79,134,60,255,80,135,60,255,78,134,59,255,77,131,57,255,75,129,56,255,77,131,58,255,75,129,56,255,76,130,57,255,82,136,60,255,80,135,60,255,80,135,60,255,75,129,56,255,76,130,57,255,76,130,57,255,76,130,57,255,77,131,57,255,76,130,57,255,77,131,57,255,77,130,57,255,80,135,60,255,80,135,60,255,82,136,61,255,82,136,61,255,80,135,60,255,80,135,60,255,76,130,56,255,79,134,60,255,81,135,60,255,81,135,60,255,82,136,61,255,82,136,61,255,83,136,61,255,74,129,56,255,82,136,61,255,81,135,60,255,82,136,61,255,81,135,60,255,82,136,61,255,82,135,60,255,82,136,60,255,82,136,61,255,81,135,60,255,80,135,60,255,83,136,61,255,83,137,61,255,82,136,60,255,80,135,60,255,83,136,61,255,83,136,61,255,82,136,61,255,83,136,61,255,83,137,61,255,83,136,61,255,83,136,61,255,83,136,61,255,84,137,61,255,83,136,61,255,82,136,61,255,83,136,61,255,84,137,61,255,82,136,60,255,83,136,61,255,82,136,61,255,83,136,61,255,84,137,61,255,84,137,61,255,83,137,61,255,84,137,61,255,83,136,61,255,84,137,61,255,83,136,61,255,83,136,61,255,84,137,61,255,83,136,61,255,85,138,62,255,83,136,61,255,84,137,61,255,83,136,61,255,83,136,61,255,83,136,61,255,83,136,61,255,85,138,62,255,84,137,61,255,85,138,62,255,79,131,58,255,83,136,61,255,85,138,62,255,80,133,59,255,82,134,59,255,79,131,58,255,80,133,59,255,86,138,62,255,82,137,63,255,81,133,59,255,80,133,58,255,85,138,62,255,72,131,60,255,80,133,58,255,85,138,62,255,85,137,61,255,63,125,57,255,86,139,62,255,85,138,62,255,85,137,62,255,64,126,57,255,78,142,73,255,50,116,51,255,63,125,57,255,63,125,57,255,51,116,51,255,80,136,62,255,87,139,62,255,87,139,62,255,73,133,61,255,87,139,62,255,86,138,62,255,86,138,62,255,82,137,63,255,87,139,63,255,86,138,62,255,86,138,62,255,65,127,58,255,65,126,58,255,73,132,61,255,83,137,63,255,87,139,63,255,86,138,62,255,88,139,63,255,87,138,62,255,86,138,62,255,95,146,66,255,88,140,63,255,86,138,62,255,86,138,62,255,95,145,66,255,86,138,62,255,86,138,62,255,86,138,62,255,88,140,63,255,88,140,63,255,88,139,63,255,88,140,63,255,95,145,66,255,86,138,62,255,88,139,63,255,87,139,62,255,88,139,63,255,89,140,63,255,88,140,63,255,86,138,62,255,87,139,62,255,88,139,63,255,87,139,62,255,88,139,63,255,87,139,63,255,86,138,62,255,86,138,62,255,86,138,62,255,87,139,62,255,87,138,62,255,88,139,63,255,94,145,66,255,87,138,62,255,89,140,63,255,87,139,62,255,88,140,63,255,88,139,63,255,87,138,62,255,87,139,62,255,87,139,62,255,88,139,63,255,88,139,63,255,87,139,62,255,88,140,63,255,95,145,66,255,95,145,66,255,88,139,63,255,88,139,63,255,88,139,63,255,88,140,63,255,88,140,63,255,88,139,63,255,87,139,62,255,88,140,63,255,87,138,62,255,86,138,62,255,88,139,63,255,87,139,63,255,87,139,62,255,87,139,63,255,88,139,63,255,87,138,62,255,88,140,63,255,88,139,63,255,87,139,62,255,88,140,63,255,87,138,62,255,88,139,63,255,88,139,63,255,87,139,62,255,88,139,63,255,89,140,63,255,94,144,66,255,87,138,62,255,88,139,63,255,88,139,63,255,81,134,59,255,89,140,63,255,87,138,62,255,89,140,63,255,96,146,66,255,87,139,62,255,88,140,63,255,87,139,62,255,88,139,63,255,87,139,62,255,89,140,63,255,89,140,63,255,87,139,62,255,87,138,62,255,88,139,63,255,87,139,62,255,87,138,62,255,88,139,63,255,94,145,66,255,89,140,63,255,87,138,62,255,88,139,63,255,87,138,62,255,87,139,62,255,87,138,62,255,89,141,63,255,88,139,63,255,88,139,63,255,89,141,63,255,87,138,62,255,89,140,63,255,88,139,63,255,88,139,63,255,88,139,63,255,88,140,63,255,88,139,63,255,87,139,62,255,96,146,67,255,89,141,63,255,89,140,63,255,89,140,63,255,89,140,63,255,87,139,62,255,89,140,63,255,87,138,62,255,89,140,63,255,89,141,63,255,88,139,63,255,88,140,63,255,87,138,62,255,82,134,59,255,88,139,62,255,89,141,63,255,88,140,63,255,87,138,62,255,87,138,62,255,87,138,62,255,88,139,63,255,95,146,66,255,88,139,63,255,87,138,62,255,87,138,62,255,93,144,65,255,87,138,62,255,86,138,62,255,88,139,63,255,94,145,66,255,94,144,66,255,89,140,63,255,86,138,62,255,86,138,62,255,88,140,63,255,88,139,63,255,86,138,62,255,94,145,66,255,88,139,63,255,86,138,62,255,87,139,62,255,86,138,62,255,87,139,63,255,88,139,63,255,87,139,62,255,87,139,62,255,87,139,62,255,87,139,62,255,87,139,62,255,86,138,62,255,86,138,62,255,86,138,62,255,87,139,62,255,85,138,62,255,85,137,62,255,85,138,62,255,81,133,59,255,80,133,59,255,87,139,62,255,87,139,62,255,74,127,54,255,79,132,58,255,86,139,62,255,78,132,58,255,80,132,58,255,81,133,59,255,87,139,62,255,85,138,62,255,86,138,62,255,80,133,59,255,85,137,62,255,85,137,62,255,84,137,61,255,84,137,61,255,85,137,62,255,84,137,61,255,83,136,61,255,84,137,61,255,84,137,61,255,84,137,61,255,83,136,61,255,82,136,61,255,79,131,58,255,83,136,61,255,85,138,62,255,84,137,61,255,84,137,61,255,82,135,60,255,82,136,61,255,81,135,60,255,84,137,61,255,82,135,60,255,83,136,61,255,83,136,61,255,82,136,60,255,83,136,61,255,84,137,61,255,82,136,61,255,84,137,61,255,83,136,61,255,83,136,61,255,83,136,61,255,82,136,61,255,82,136,60,255,81,135,60,255,81,135,60,255,82,135,60,255,83,137,61,255,83,137,61,255,82,136,61,255,82,136,61,255,77,131,58,255,83,137,61,255,82,136,60,255,83,136,61,255,83,137,61,255,82,136,61,255,82,136,61,255,82,136,61,255,82,136,61,255,83,137,61,255,80,135,60,255,83,136,61,255,83,137,61,255,81,135,60,255,80,135,60,255,82,135,60,255,82,136,61,255,83,136,61,255,83,136,61,255,82,136,61,255,83,136,61,255,82,136,60,255,77,131,58,255,81,135,60,255,83,136,61,255,80,135,60,255,80,135,60,255,75,130,56,255,83,137,61,255,81,135,60,255,83,136,61,255,81,135,60,255,81,135,60,255,81,135,60,255,82,136,61,255,82,136,61,255,82,136,60,255,82,136,61,255,83,136,61,255,80,135,60,255,81,135,60,255,82,136,61,255,80,135,60,255,82,136,60,255,82,136,60,255,82,136,61,255,82,136,61,255,82,136,61,255,82,136,61,255,83,136,61,255,83,137,61,255,82,136,61,255,81,135,60,255,83,136,61,255,81,135,60,255,79,134,60,255,80,135,60,255,80,135,60,255,78,131,58,255,81,135,60,255,80,134,60,255,80,135,60,255,81,136,60,255,82,136,61,255,75,130,56,255,82,135,60,255,83,137,61,255,82,136,60,255,83,137,61,255,82,135,60,255,83,136,61,255,75,129,56,255,76,130,56,255,77,131,58,255,75,129,56,255,82,136,61,255,82,136,60,255,80,135,60,255,75,130,57,255,82,136,61,255,80,135,60,255,82,135,60,255,83,136,61,255,83,136,61,255,83,137,61,255,83,136,61,255,81,135,60,255,77,130,57,255,77,130,57,255,77,131,57,255,77,131,57,255,82,136,60,255,81,135,60,255,81,135,60,255,80,135,60,255,80,135,60,255,82,136,61,255,82,136,60,255,82,136,61,255,82,135,60,255,80,135,60,255,75,130,56,255,80,135,60,255,77,131,57,255,77,131,58,255,77,131,57,255,82,136,61,255,81,135,60,255,80,135,60,255,81,135,60,255,82,136,61,255,82,136,61,255,82,135,60,255,83,136,61,255,80,135,60,255,81,135,60,255,82,136,61,255,82,136,61,255,83,136,61,255,81,135,60,255,80,135,60,255,81,135,60,255,81,135,60,255,81,135,60,255,80,135,60,255,82,136,61,255,80,135,60,255,82,136,60,255,80,135,60,255,83,136,61,255,83,136,61,255,83,136,61,255,83,136,61,255,82,136,61,255,83,136,61,255,80,135,60,255,82,136,60,255,82,136,61,255,82,136,60,255,83,137,61,255,82,136,61,255,82,136,60,255,83,137,61,255,83,137,61,255,82,136,61,255,83,137,61,255,82,136,60,255,83,137,61,255,83,137,61,255,83,136,61,255,84,137,61,255,83,136,61,255,81,135,60,255,83,136,61,255,83,137,61,255,83,137,61,255,84,137,61,255,83,137,61,255,84,137,61,255,83,137,61,255,84,137,61,255,83,137,61,255,84,137,61,255,83,136,61,255,82,136,60,255,83,136,61,255,83,136,61,255,83,137,61,255,83,136,61,255,83,137,61,255,82,135,60,255,84,137,61,255,83,136,61,255,84,137,61,255,83,136,61,255,83,136,61,255,83,136,61,255,85,138,62,255,85,138,62,255,83,136,61,255,83,136,61,255,85,137,62,255,85,138,62,255,84,137,61,255,84,137,61,255,84,137,61,255,85,138,62,255,83,136,61,255,84,137,61,255,84,137,61,255,84,137,61,255,85,137,62,255,84,137,61,255,80,133,58,255,79,131,58,255,84,137,61,255,80,132,58,255,79,131,58,255,80,133,59,255,85,138,62,255,81,133,59,255,80,133,58,255,84,137,61,255,80,132,58,255,79,132,58,255,84,137,61,255,84,137,61,255,80,133,58,255,85,138,62,255,85,138,62,255,85,138,62,255,85,137,62,255,86,138,62,255,85,138,62,255,86,138,62,255,86,138,62,255,85,137,62,255,86,138,62,255,65,127,58,255,85,137,62,255,85,137,62,255,86,138,62,255,65,126,58,255,86,138,62,255,87,139,62,255,81,136,62,255,51,116,51,255,83,138,63,255,74,133,61,255,50,116,51,255,78,142,73,255,77,142,73,255,50,115,51,255,63,125,56,255,63,125,57,255,51,116,51,255,75,131,59,255,80,133,58,255,84,137,61,255,67,126,57,255,80,133,58,255,82,134,59,255,86,138,62,255,77,133,59,255,79,131,58,255,82,134,59,255,84,137,61,255,64,126,57,255,63,125,57,255,71,131,60,255,82,137,62,255,85,137,62,255,85,138,62,255,86,138,62,255,87,139,62,255,85,137,61,255,85,137,61,255,86,138,62,255,86,138,62,255,85,137,61,255,84,137,61,255,84,137,61,255,86,138,62,255,85,137,62,255,85,138,62,255,87,138,62,255,93,144,65,255,85,137,62,255,87,139,63,255,86,138,62,255,88,139,63,255,85,137,61,255,86,138,62,255,80,134,59,255,87,139,62,255,86,138,62,255,86,138,62,255,86,138,62,255,87,139,62,255,86,138,62,255,88,139,63,255,87,138,62,255,88,139,63,255,87,138,62,255,86,138,62,255,88,139,63,255,94,144,66,255,86,138,62,255,88,140,63,255,86,138,62,255,87,139,62,255,87,139,62,255,88,140,63,255,87,138,62,255,89,140,63,255,87,139,63,255,87,139,62,255,87,139,62,255,88,139,63,255,93,144,65,255,87,138,62,255,87,139,62,255,88,139,63,255,87,138,62,255,89,140,63,255,96,146,67,255,95,145,66,255,88,140,63,255,80,133,59,255,89,141,63,255,87,138,62,255,88,139,63,255,89,140,63,255,88,139,63,255,87,138,62,255,87,139,62,255,87,138,62,255,87,138,62,255,87,138,62,255,87,139,62,255,87,138,62,255,88,139,63,255,87,138,62,255,89,141,63,255,89,140,63,255,87,139,62,255,87,138,62,255,87,138,62,255,87,139,62,255,94,145,66,255,87,138,62,255,87,138,62,255,95,145,66,255,82,134,59,255,87,139,62,255,88,139,63,255,89,141,63,255,87,138,62,255,95,146,66,255,87,139,62,255,89,140,63,255,88,139,63,255,88,139,63,255,88,139,63,255,87,138,62,255,88,139,63,255,88,140,63,255,87,139,62,255,86,138,62,255,86,138,62,255,88,139,63,255,87,138,62,255,87,138,62,255,89,140,63,255,87,138,62,255,87,138,62,255,96,146,67,255,87,138,62,255,88,139,63,255,88,140,63,255,89,140,63,255,87,139,62,255,89,141,63,255,88,139,63,255,87,138,62,255,87,139,62,255,94,145,66,255,88,139,63,255,89,140,63,255,88,139,63,255,95,145,66,255,88,139,63,255,88,140,63,255,88,140,63,255,88,139,63,255,87,139,62,255,88,139,63,255,88,140,63,255,89,140,63,255,88,139,63,255,88,140,63,255,88,139,63,255,88,140,63,255,86,138,62,255,89,140,63,255,89,140,63,255,88,139,63,255,87,139,62,255,89,141,63,255,86,138,62,255,88,139,63,255,88,139,63,255,88,139,63,255,88,140,63,255,89,140,63,255,88,139,63,255,88,139,63,255,88,139,63,255,88,139,63,255,87,138,62,255,87,138,62,255,87,139,62,255,88,140,63,255,88,140,63,255,89,140,63,255,87,139,62,255,88,139,63,255,89,140,63,255,88,139,63,255,89,140,63,255,94,145,66,255,88,139,63,255,88,139,63,255,88,139,63,255,94,145,66,255,88,139,63,255,87,138,62,255,88,140,63,255,86,138,62,255,86,138,62,255,87,138,62,255,87,139,62,255,88,139,63,255,87,139,62,255,88,139,63,255,88,140,63,255,86,138,62,255,87,138,62,255,86,138,62,255,88,139,63,255,95,145,66,255,87,139,63,255,88,139,63,255,88,139,63,255,86,138,62,255,86,138,62,255,87,138,62,255,87,139,63,255,87,138,62,255,86,138,62,255,86,138,62,255,85,138,62,255,86,138,62,255,86,138,62,255,87,139,62,255,86,138,62,255,86,138,62,255,87,139,62,255,86,138,62,255,87,139,62,255,87,139,62,255,87,139,62,255,85,138,62,255,86,138,62,255,85,138,62,255,86,138,62,255,86,138,62,255,84,137,61,255,80,133,59,255,86,138,62,255,85,138,62,255,84,137,61,255,81,133,59,255,86,138,62,255,85,137,62,255,85,138,62,255,81,133,59,255,84,137,61,255,84,137,61,255,86,138,62,255,82,134,59,255,80,133,58,255,85,138,62,255,84,137,61,255,84,137,61,255,79,132,58,255,84,137,61,255,85,138,62,255,85,137,62,255,82,134,59,255,80,133,59,255,84,137,61,255,83,137,61,255,81,133,59,255,79,131,58,255,85,138,62,255,84,137,61,255,84,137,61,255,83,137,61,255,84,137,61,255,83,136,61,255,76,130,57,255,84,137,61,255,83,137,61,255,83,137,61,255,83,136,61,255,83,136,61,255,84,137,61,255,84,137,61,255,85,138,62,255,84,137,61,255,84,137,61,255,83,136,61,255,82,136,61,255,77,131,58,255,82,136,61,255,82,136,61,255,82,136,60,255,83,136,61,255,82,136,61,255,83,136,61,255,82,136,61,255,84,137,61,255,84,137,61,255,82,136,61,255,85,138,62,255,85,138,62,255,85,138,62,255,78,132,58,255,83,136,61,255,83,137,61,255,83,137,61,255,82,136,60,255,84,137,61,255,83,136,61,255,82,136,61,255,83,136,61,255,84,137,61,255,77,131,58,255,82,135,60,255,84,137,61,255,84,137,61,255,84,137,61,255,83,136,61,255,84,137,61,255,83,137,61,255,76,130,57,255,83,137,61,255,84,137,61,255,84,137,61,255,82,136,61,255,82,136,61,255,83,136,61,255,84,137,61,255,84,137,61,255,77,131,57,255,83,136,61,255,82,136,61,255,85,138,62,255,84,137,61,255,84,137,61,255,77,131,58,255,83,136,61,255,83,137,61,255,84,137,61,255,82,136,61,255,83,136,61,255,84,137,61,255,83,136,61,255,84,137,62,255,84,137,61,255,83,137,61,255,84,137,61,255,83,136,61,255,85,137,62,255,83,136,61,255,83,136,61,255,83,136,61,255,84,137,61,255,83,137,61,255,84,137,61,255,84,137,62,255,83,136,61,255,75,130,56,255,84,137,61,255,83,136,61,255,83,136,61,255,82,136,61,255,83,136,61,255,83,136,61,255,85,138,62,255,83,136,61,255,83,136,61,255,82,136,61,255,83,136,61,255,84,137,61,255,82,135,60,255,84,137,62,255,84,137,61,255,83,136,61,255,83,137,61,255,85,138,62,255,85,137,62,255,84,137,61,255,85,138,62,255,77,131,57,255,83,136,61,255,85,138,62,255,85,137,62,255,83,136,61,255,82,135,60,255,82,136,61,255,82,136,61,255,84,137,62,255,84,137,61,255,84,137,61,255,83,136,61,255,85,138,62,255,83,136,61,255,83,136,61,255,83,136,61,255,83,136,61,255,85,137,62,255,83,136,61,255,85,138,62,255,82,135,60,255,82,136,61,255,83,136,61,255,83,137,61,255,84,137,61,255,82,136,61,255,83,136,61,255,83,136,61,255,85,138,62,255,83,136,61,255,84,137,61,255,84,137,61,255,85,137,62,255,85,138,62,255,85,138,62,255,79,131,58,255,84,137,61,255,82,135,60,255,83,137,61,255,83,136,61,255,85,138,62,255,85,138,62,255,83,136,61,255,84,137,61,255,83,136,61,255,84,137,61,255,78,133,58,255,85,137,62,255,81,133,59,255,79,131,58,255,80,133,59,255,80,132,58,255,84,137,61,255,83,137,61,255,83,136,61,255,84,137,61,255,83,136,61,255,83,136,61,255,84,137,61,255,83,136,61,255,83,136,61,255,83,136,61,255,83,136,61,255,83,136,61,255,82,134,59,255,81,133,59,255,80,133,58,255,81,133,59,255,83,136,61,255,83,136,61,255,84,137,61,255,85,138,62,255,84,137,61,255,85,137,62,255,84,137,61,255,84,137,61,255,85,138,62,255,80,133,58,255,82,134,59,255,81,133,59,255,80,133,58,255,79,132,58,255,81,133,59,255,79,132,58,255,84,137,61,255,85,138,62,255,84,137,61,255,80,133,59,255,80,133,59,255,79,132,58,255,79,131,58,255,81,133,59,255,81,133,59,255,80,132,58,255,80,132,58,255,85,137,62,255,85,137,62,255,85,138,62,255,86,138,62,255,84,137,61,255,79,132,58,255,79,132,58,255,86,138,62,255,85,137,61,255,81,133,59,255,86,138,62,255,85,138,62,255,85,137,62,255,86,138,62,255,85,137,61,255,87,139,62,255,85,137,61,255,80,136,62,255,73,133,61,255,63,125,57,255,65,127,58,255,86,138,62,255,85,137,61,255,87,139,62,255,80,136,62,255,85,138,62,255,87,139,62,255,86,138,62,255,73,132,61,255,86,138,62,255,87,138,62,255,80,136,62,255,51,116,51,255,64,126,57,255,64,126,57,255,51,116,52,255,78,142,73,255,78,142,73,255,50,116,51,255,68,127,58,255,77,132,59,255,50,116,51,255,76,131,59,255,79,132,58,255,79,131,58,255,71,131,60,255,86,138,62,255,79,132,58,255,80,133,59,255,79,135,61,255,84,137,61,255,85,138,62,255,79,132,58,255,79,132,58,255,80,133,58,255,80,132,58,255,85,137,61,255,79,131,58,255,80,133,58,255,80,132,58,255,80,133,58,255,81,133,59,255,80,132,58,255,81,133,59,255,81,133,59,255,80,133,59,255,72,126,54,255,79,131,58,255,79,132,58,255,86,138,62,255,86,138,62,255,85,138,62,255,85,138,62,255,85,137,61,255,85,138,62,255,86,138,62,255,86,138,62,255,84,137,61,255,86,138,62,255,85,137,62,255,87,139,62,255,85,138,62,255,84,137,61,255,86,138,62,255,86,138,62,255,85,138,62,255,94,145,66,255,85,138,62,255,87,139,62,255,86,138,62,255,87,139,63,255,86,138,62,255,87,138,62,255,86,138,62,255,87,139,62,255,86,138,62,255,86,138,62,255,87,139,63,255,85,137,62,255,94,144,66,255,88,139,63,255],"diagnostics":{"requested":110,"queued":null,"dispatched":18,"completed":18,"published":17,"latestPublications":7,"intermediatePublications":10,"staleDiscarded":1,"discarded":1,"coalesced":92,"failures":0,"resets":0,"workerStarts":1,"retries":0,"snapshots":18,"maxQueued":1,"maxInFlight":1,"latestRequestedGeneration":110,"latestPublishedGeneration":110,"latestRasterGeneration":110,"completedWorkerEpoch":0,"completedRasterRevision":18,"publishedWorkerEpoch":0,"publishedRasterRevision":18,"installedWorkerEpoch":0,"installedRasterRevision":18,"uploadSkippedSameRevision":0,"validRaster":true,"emergencyMode":false,"requestMs":0.2999999523162842,"publishMs":49.59999996423721,"maxRequestMs":0.10000002384185791,"maxPublishMs":7,"lastWorkerMs":79.30000001192093,"maxWorkerMs":435.19999998807907,"requestSamplesMs":[0.10000002384185791,0,0,0,0,0,0,0,0.09999996423721313,0,0,0,0,0,0,0,0,0,0,0,0,0,0,0,0,0,0,0,0,0,0,0,0,0,0,0,0,0,0,0,0,0,0,0,0,0,0,0,0,0,0,0,0,0,0,0,0,0,0,0,0,0,0,0,0,0,0,0,0,0,0,0,0,0,0,0,0,0,0,0,0,0,0,0,0,0,0,0,0,0,0,0,0,0,0,0,0.09999996423721313,0,0,0,0,0,0,0,0,0,0,0,0,0],"publishSamplesMs":[7,2.5,2.600000023841858,2.5,2.199999988079071,2.5,2.899999976158142,2.300000011920929,1.7999999523162842,3.800000011920929,2.600000023841858,2.199999988079071,2.699999988079071,2.5,3.899999976158142,3.699999988079071,1.9000000357627869],"fallback":"none","failure":null,"generation":110,"inFlight":null,"epoch":0,"stopped":false},"validPublications":1},"final":{"latestRequestedGeneration":110,"latestPublishedGeneration":110,"latestPublications":7,"intermediatePublications":10,"staleDiscarded":1,"validRaster":true,"emergencyMode":false,"completedWorkerEpoch":0,"completedRasterRevision":18,"publishedWorkerEpoch":0,"publishedRasterRevision":18,"installedWorkerEpoch":0,"installedRasterRevision":18,"uploadSkippedSameRevision":0,"queued":null,"inFlight":null,"stopped":false,"failures":0,"retries":0,"workerStarts":1,"snapshots":18,"dispatched":18,"coalesced":92,"requestSamplesMs":[0.10000002384185791,0,0,0,0,0,0,0,0.09999996423721313,0,0,0,0,0,0,0,0,0,0,0,0,0,0,0,0,0,0,0,0,0,0,0,0,0,0,0,0,0,0,0,0,0,0,0,0,0,0,0,0,0,0,0,0,0,0,0,0,0,0,0,0,0,0,0,0,0,0,0,0,0,0,0,0,0,0,0,0,0,0,0,0,0,0,0,0,0,0,0,0,0,0,0,0,0,0,0,0.09999996423721313,0,0,0,0,0,0,0,0,0,0,0,0,0],"publishSamplesMs":[7,2.5,2.600000023841858,2.5,2.199999988079071,2.5,2.899999976158142,2.300000011920929,1.7999999523162842,3.800000011920929,2.600000023841858,2.199999988079071,2.699999988079071,2.5,3.899999976158142,3.699999988079071,1.9000000357627869],"maxRequestMs":0.10000002384185791,"maxPublishMs":7},"semantics":{"activeDiffersFromBaseline":true,"expiredEqualsBaseline":true,"consecutiveTickFade":true,"independentValidPublications":true}},{"renderer":"pixi","rateHz":10,"requestsPerPhase":12,"target":549,"probeCount":256,"fixedTick":22,"deadline":72,"start":{"requested":94,"queued":null,"dispatched":2,"completed":2,"published":1,"latestPublications":1,"intermediatePublications":0,"staleDiscarded":1,"discarded":1,"coalesced":92,"failures":0,"resets":0,"workerStarts":1,"retries":0,"snapshots":2,"maxQueued":1,"maxInFlight":1,"latestRequestedGeneration":94,"latestPublishedGeneration":94,"latestRasterGeneration":94,"completedWorkerEpoch":0,"completedRasterRevision":2,"publishedWorkerEpoch":0,"publishedRasterRevision":2,"installedWorkerEpoch":0,"installedRasterRevision":2,"uploadSkippedSameRevision":0,"validRaster":true,"emergencyMode":false,"requestMs":0.40000003576278687,"publishMs":6.199999988079071,"maxRequestMs":0.10000002384185791,"maxPublishMs":6.199999988079071,"lastWorkerMs":104.5,"maxWorkerMs":414.19999998807907,"requestSamplesMs":[0,0.10000002384185791,0,0,0.10000002384185791,0,0,0,0,0,0.10000002384185791,0,0,0,0,0,0,0,0,0,0,0,0,0,0,0,0,0,0,0,0,0,0,0,0,0,0,0,0,0,0,0,0,0,0,0,0,0,0,0,0,0,0,0,0,0,0,0,0,0,0,0,0,0,0,0,0,0,0,0,0,0,0,0,0,0,0,0.09999996423721313,0,0,0,0,0,0,0,0,0,0,0,0,0,0,0,0,0,0,0.10000002384185791,0,0,0.09999996423721313,0,0,0,0,0,0,0,0,0,0],"publishSamplesMs":[6.199999988079071,2.5,2.699999988079071,5.199999988079071,2.399999976158142,2.600000023841858,4.800000011920929,3,2.399999976158142,2.5,2,3.199999988079071,3.800000011920929,2.199999988079071,2.600000023841858,2.5,2.600000023841858],"fallback":"none","failure":null,"generation":94,"inFlight":null,"epoch":0,"stopped":false},"pressure":{"requested":106,"queued":null,"dispatched":14,"completed":14,"published":13,"latestPublications":3,"intermediatePublications":10,"staleDiscarded":1,"discarded":1,"coalesced":92,"failures":0,"resets":0,"workerStarts":1,"retries":0,"snapshots":14,"maxQueued":1,"maxInFlight":1,"latestRequestedGeneration":106,"latestPublishedGeneration":106,"latestRasterGeneration":106,"completedWorkerEpoch":0,"completedRasterRevision":14,"publishedWorkerEpoch":0,"publishedRasterRevision":14,"installedWorkerEpoch":0,"installedRasterRevision":14,"uploadSkippedSameRevision":0,"validRaster":true,"emergencyMode":false,"requestMs":0.6000000238418579,"publishMs":43.299999952316284,"maxRequestMs":0.10000002384185791,"maxPublishMs":6.199999988079071,"lastWorkerMs":91.60000002384186,"maxWorkerMs":414.19999998807907,"requestSamplesMs":[0,0.10000002384185791,0,0,0.10000002384185791,0,0,0,0,0,0.10000002384185791,0,0,0,0,0,0,0,0,0,0,0,0,0,0,0,0,0,0,0,0,0,0,0,0,0,0,0,0,0,0,0,0,0,0,0,0,0,0,0,0,0,0,0,0,0,0,0,0,0,0,0,0,0,0,0,0,0,0,0,0,0,0,0,0,0,0,0.09999996423721313,0,0,0,0,0,0,0,0,0,0,0,0,0,0,0,0,0,0,0.10000002384185791,0,0,0.09999996423721313,0,0,0,0,0,0,0,0,0,0],"publishSamplesMs":[6.199999988079071,2.5,2.699999988079071,5.199999988079071,2.399999976158142,2.600000023841858,4.800000011920929,3,2.399999976158142,2.5,2,3.199999988079071,3.800000011920929,2.199999988079071,2.600000023841858,2.5,2.600000023841858],"fallback":"none","failure":null,"generation":106,"inFlight":null,"epoch":0,"stopped":false},"baseline":{"generation":107,"pixel":[74,119,65,255,98,133,70,255,99,134,71,255,98,133,70,255,75,120,65,255,99,134,71,255,99,134,71,255,91,127,67,255,74,119,65,255,99,134,71,255,98,133,70,255,99,134,71,255,74,119,65,255,91,127,67,255,98,133,70,255,104,138,73,255,98,133,70,255,98,133,70,255,97,132,70,255,97,133,70,255,97,132,70,255,98,133,70,255,97,133,70,255,97,133,70,255,97,132,70,255,97,132,70,255,96,131,69,255,97,133,70,255,97,132,70,255,97,132,70,255,96,132,70,255,95,131,69,255,91,126,66,255,90,126,66,255,91,127,67,255,95,131,69,255,91,127,66,255,90,126,66,255,90,126,66,255,96,132,70,255,92,127,67,255,90,126,66,255,92,127,67,255,95,132,69,255,90,126,66,255,92,127,67,255,90,125,66,255,94,130,69,255,88,125,65,255,96,132,70,255,95,132,69,255,94,130,69,255,95,131,68,255,96,132,70,255,96,132,70,255,94,131,69,255,94,130,69,255,94,130,69,255,94,131,69,255,94,130,69,255,94,130,69,255,94,130,69,255,94,130,69,255,94,131,69,255,94,130,69,255,96,132,70,255,96,132,70,255,96,132,69,255,94,130,69,255,94,130,69,255,93,130,69,255,96,132,70,255,94,130,69,255,94,130,69,255,93,130,69,255,96,132,70,255,95,131,69,255,95,132,69,255,95,131,69,255,93,130,69,255,94,130,69,255,93,130,69,255,96,132,70,255,95,132,69,255,96,132,70,255,94,130,69,255,94,130,69,255,95,132,69,255,94,130,69,255,94,130,69,255,95,132,69,255,94,130,69,255,93,130,69,255,95,132,69,255,95,131,69,255,95,131,69,255,94,131,69,255,93,130,69,255,96,132,70,255,93,130,69,255,95,131,69,255,102,137,73,255,95,131,69,255,94,130,69,255,95,131,69,255,94,130,69,255,95,131,69,255,95,131,69,255,96,132,70,255,94,130,69,255,94,131,69,255,95,132,69,255,93,130,69,255,96,132,70,255,93,130,69,255,95,131,69,255,94,131,69,255,93,130,69,255,94,130,69,255,88,126,66,255,93,130,69,255,94,130,69,255,95,131,69,255,93,130,69,255,96,132,69,255,94,130,69,255,94,131,69,255,93,129,68,255,94,131,69,255,94,130,69,255,92,129,68,255,93,130,69,255,94,130,69,255,95,132,69,255,94,130,69,255,93,130,69,255,93,130,69,255,94,131,69,255,86,125,65,255,93,129,68,255,94,131,69,255,93,129,68,255,95,132,69,255,94,130,69,255,93,130,69,255,94,130,69,255,93,130,69,255,92,129,68,255,94,131,69,255,93,129,68,255,93,129,68,255,86,124,65,255,93,129,68,255,93,130,69,255,101,137,73,255,100,136,72,255,95,132,69,255,94,131,69,255,93,130,69,255,92,129,68,255,94,131,69,255,92,129,68,255,93,130,69,255,93,130,69,255,99,135,72,255,93,130,69,255,93,130,69,255,92,129,68,255,94,131,69,255,94,131,69,255,93,130,69,255,94,131,69,255,94,131,69,255,93,130,69,255,93,130,69,255,101,137,73,255,99,135,72,255,93,130,69,255,92,129,68,255,94,131,69,255,94,131,69,255,94,131,69,255,92,129,68,255,93,130,69,255,94,130,69,255,93,130,69,255,92,129,68,255,94,131,69,255,94,131,69,255,94,131,69,255,93,130,69,255,93,129,68,255,93,130,69,255,94,131,69,255,93,129,68,255,93,130,69,255,100,136,72,255,94,130,69,255,101,137,73,255,93,129,68,255,94,131,69,255,92,129,68,255,94,131,69,255,93,130,69,255,93,130,69,255,93,129,68,255,101,137,73,255,94,130,69,255,95,131,69,255,94,130,69,255,94,130,69,255,94,130,69,255,93,129,68,255,93,130,69,255,93,129,68,255,93,130,69,255,101,136,72,255,94,131,69,255,96,132,70,255,95,131,69,255,100,136,72,255,94,130,69,255,94,130,69,255,95,131,69,255,95,132,69,255,93,129,68,255,93,130,69,255,93,129,68,255,95,131,69,255,94,130,69,255,93,130,69,255,93,130,69,255,95,131,69,255,93,130,69,255,94,130,69,255,94,130,69,255,93,129,68,255,95,132,69,255,96,132,69,255,94,131,69,255,94,131,69,255,93,130,69,255,93,130,69,255,92,129,68,255,94,130,69,255,95,131,69,255,93,130,69,255,100,136,72,255,93,130,69,255,93,129,68,255,94,131,69,255,95,132,69,255,93,130,68,255,93,130,69,255,92,129,68,255,87,125,65,255,94,131,69,255,94,131,69,255,94,131,69,255,92,129,68,255,101,136,72,255,95,132,69,255,92,129,68,255,94,131,69,255,94,131,69,255,93,130,69,255,92,129,68,255,92,129,68,255,93,130,69,255,93,130,69,255,93,130,69,255,94,131,69,255,94,130,69,255,94,131,69,255,92,129,68,255,92,129,68,255,92,129,68,255,93,130,69,255,92,129,68,255,92,129,68,255,93,130,69,255,92,129,68,255,93,130,69,255,93,130,69,255,93,130,69,255,92,129,68,255,92,129,68,255,94,131,69,255,94,130,69,255,93,130,69,255,91,129,68,255,91,129,68,255,93,130,69,255,93,130,69,255,93,130,69,255,86,125,65,255,94,130,69,255,91,129,68,255,92,129,68,255,93,130,69,255,93,130,69,255,91,129,68,255,93,130,69,255,93,130,69,255,93,130,69,255,92,129,68,255,93,130,69,255,85,124,65,255,93,130,69,255,93,130,69,255,93,130,69,255,91,129,68,255,91,129,68,255,93,130,69,255,87,125,65,255,91,129,68,255,93,130,69,255,92,130,68,255,93,130,69,255,92,130,68,255,91,128,68,255,92,129,68,255,93,130,69,255,91,128,68,255,93,130,69,255,92,129,68,255,93,130,69,255,92,129,68,255,92,129,68,255,93,130,69,255,92,129,68,255,91,129,68,255,93,130,69,255,92,129,68,255,91,129,68,255,92,130,69,255,92,129,68,255,92,130,68,255,93,130,69,255,92,130,69,255,92,130,69,255,93,130,69,255,91,129,68,255,91,128,68,255,92,129,68,255,91,129,68,255,91,128,68,255,92,130,68,255,93,130,69,255,92,130,69,255,92,129,68,255,91,129,68,255,91,128,68,255,92,130,68,255,92,129,68,255,85,124,65,255,92,130,68,255,93,130,69,255,92,129,68,255,92,129,68,255,91,129,68,255,93,130,69,255,93,130,69,255,91,129,68,255,92,129,68,255,93,130,69,255,91,129,68,255,92,129,68,255,92,129,68,255,92,129,68,255,93,130,69,255,91,128,68,255,92,129,68,255,93,130,69,255,92,130,68,255,91,129,68,255,92,130,68,255,92,130,68,255,92,129,68,255,91,129,68,255,92,129,68,255,92,129,68,255,92,129,68,255,92,129,68,255,93,130,69,255,93,130,69,255,91,128,68,255,93,130,69,255,92,129,68,255,91,129,68,255,91,128,68,255,93,130,69,255,92,129,68,255,93,130,69,255,91,129,68,255,93,130,69,255,92,129,68,255,93,130,69,255,91,129,68,255,91,129,68,255,93,130,69,255,92,130,69,255,92,129,68,255,92,130,68,255,85,124,65,255,93,130,69,255,92,129,68,255,92,129,68,255,91,129,68,255,92,129,68,255,92,129,68,255,92,129,68,255,91,129,68,255,92,129,68,255,93,130,69,255,94,130,69,255,92,129,68,255,92,129,68,255,92,130,68,255,91,129,68,255,93,130,69,255,91,129,68,255,93,130,69,255,91,129,68,255,92,129,68,255,92,129,68,255,91,129,68,255,91,129,68,255,92,129,68,255,92,129,68,255,93,130,69,255,92,129,68,255,93,130,69,255,94,130,69,255,92,129,68,255,92,129,68,255,92,129,68,255,93,130,69,255,94,131,69,255,91,129,68,255,94,131,69,255,91,129,68,255,92,129,68,255,92,129,68,255,93,130,69,255,93,130,69,255,93,130,69,255,92,129,68,255,93,130,69,255,93,130,69,255,92,129,68,255,93,130,69,255,93,130,69,255,92,129,68,255,93,130,69,255,92,129,68,255,93,130,69,255,93,130,69,255,94,131,69,255,94,130,69,255,93,130,68,255,92,129,68,255,92,129,68,255,93,130,69,255,94,130,69,255,94,131,69,255,93,129,68,255,93,129,68,255,93,130,69,255,93,130,69,255,94,130,69,255,94,131,69,255,94,130,69,255,92,129,68,255,93,130,69,255,93,130,69,255,94,131,69,255,93,130,69,255,92,129,68,255,93,130,69,255,92,129,68,255,94,131,69,255,94,131,69,255,95,131,69,255,93,130,69,255,94,130,69,255,93,130,69,255,93,130,69,255,94,130,69,255,94,131,69,255,93,130,69,255,92,129,68,255,94,130,69,255,93,130,69,255,94,131,69,255,93,130,68,255,92,129,68,255,95,131,69,255,93,130,69,255,93,130,69,255,94,131,69,255,94,130,69,255,93,130,69,255,93,130,69,255,93,129,68,255,93,129,68,255,94,131,69,255,94,130,69,255,95,132,69,255,93,130,69,255,94,130,69,255,96,132,70,255,95,132,69,255,96,132,70,255,94,130,69,255,95,132,69,255,93,130,69,255,94,131,69,255,93,130,69,255,94,130,69,255,95,131,69,255,93,130,69,255,95,131,69,255,102,137,73,255,95,132,69,255,95,132,69,255,95,131,69,255,93,130,69,255,96,132,70,255,94,130,69,255,95,132,69,255,95,131,69,255,96,132,70,255,101,136,72,255,94,130,69,255,96,132,70,255,101,136,72,255,94,130,69,255,94,130,69,255,95,131,69,255,95,131,69,255,94,130,69,255,96,132,70,255,96,132,70,255,95,132,69,255,94,130,69,255,96,132,70,255,91,126,66,255,94,130,69,255,94,130,69,255,94,130,69,255,91,126,66,255,95,131,69,255,94,130,69,255,95,131,69,255,96,132,69,255,96,132,70,255,96,132,70,255,96,132,69,255,90,126,66,255,90,126,66,255,91,127,66,255,91,126,66,255,92,127,67,255,90,126,66,255,92,127,67,255,98,132,69,255,90,126,66,255,90,126,66,255,90,126,66,255,91,127,67,255,91,126,66,255,96,132,69,255,91,126,66,255,90,126,66,255,91,127,66,255,92,127,67,255,92,127,67,255,91,126,66,255,92,127,67,255,92,127,67,255,91,126,66,255,92,127,67,255,92,127,67,255,91,126,66,255,91,127,66,255,90,126,66,255,91,126,66,255,92,127,67,255,98,133,69,255,93,128,67,255,91,127,66,255,92,127,67,255,90,126,66,255,92,127,67,255,95,131,69,255,91,126,66,255,92,127,67,255,86,123,63,255,97,132,70,255,92,127,67,255,91,126,66,255,84,121,63,255,91,126,66,255,91,127,66,255,91,127,66,255,93,128,67,255,91,126,66,255,97,132,70,255,96,132,69,255,96,132,70,255,96,132,70,255,94,130,69,255,94,130,69,255,96,132,70,255,97,133,70,255,97,132,70,255,96,132,70,255,104,138,74,255,95,131,69,255,91,126,66,255,102,137,73,255,95,131,69,255,97,132,70,255,97,133,70,255,95,131,69,255,96,131,69,255,96,131,69,255,96,132,70,255,95,130,69,255,96,132,70,255,96,132,70,255,96,131,69,255,97,133,70,255,96,132,70,255,91,126,66,255,96,132,69,255,97,132,70,255,97,132,70,255,91,126,66,255,91,126,66,255,86,123,64,255,91,126,66,255,91,126,66,255,90,126,66,255,91,126,66,255,98,133,70,255,91,126,66,255,92,127,67,255,92,128,67,255,91,126,66,255,91,126,66,255,91,127,66,255,91,127,66,255,90,126,66,255,92,127,67,255,96,132,70,255,94,131,69,255,93,130,69,255,94,130,69,255,94,130,69,255,95,132,69,255,95,132,69,255,94,131,69,255,96,132,70,255,94,131,69,255,96,132,70,255,95,132,69,255,96,132,69,255,94,130,69,255,94,130,69,255,93,130,69,255,93,130,69,255,94,130,69,255,93,130,69,255,94,131,69,255,95,132,69,255,93,130,69,255,99,135,72,255,92,129,68,255,93,129,68,255,94,131,69,255,94,131,69,255,94,131,69,255,95,132,69,255,94,131,69,255,100,135,72,255,93,130,69,255,92,129,68,255,93,130,69,255,93,130,69,255,92,130,69,255,93,130,69,255,92,129,68,255,92,130,69,255,91,129,68,255,92,129,68,255,93,130,69,255,92,129,68,255,92,129,68,255,94,131,69,255,93,130,69,255,91,129,68,255,92,130,68,255,92,129,68,255,91,129,68,255,88,125,65,255,80,119,61,255,91,128,68,255,92,130,69,255,86,124,65,255,87,124,65,255,92,129,68,255,91,129,68,255,87,124,65,255,88,125,65,255,91,128,68,255,92,129,68,255,86,124,65,255,87,124,65,255,88,125,65,255,87,124,65,255,86,124,65,255,88,125,65,255,88,125,66,255,88,125,65,255,88,125,66,255,86,124,65,255,88,125,65,255,86,124,65,255,88,125,65,255,80,118,61,255,86,124,65,255,86,124,65,255,88,125,65,255,86,123,64,255,86,124,65,255,88,125,66,255,86,123,64,255,88,125,65,255,87,124,65,255,88,125,65,255,87,124,65,255,88,125,65,255,81,119,61,255,88,125,65,255,82,120,62,255,88,125,66,255,87,125,65,255,86,124,65,255,86,124,65,255,86,124,65,255,86,123,65,255,88,125,65,255,88,125,65,255,86,124,65,255,86,124,65,255,87,124,65,255,86,124,65,255,86,124,65,255,86,123,65,255,88,125,65,255,88,125,65,255,86,124,65,255,87,124,65,255,86,124,65,255,86,124,65,255,89,125,66,255,87,124,65,255,87,124,65,255,88,125,65,255,93,130,69,255,87,124,65,255,87,124,65,255,86,123,65,255,92,129,68,255,88,125,65,255,86,124,65,255,88,125,66,255,88,125,65,255,86,124,65,255,87,124,65,255,86,124,65,255,88,125,66,255,93,130,69,255,92,130,68,255,91,128,68,255,92,129,68,255,92,129,68,255,90,128,68,255,92,130,69,255,93,130,69,255,92,130,69,255,90,128,68,255,93,130,69,255,92,129,68,255,88,125,65,255,88,125,65,255,90,128,68,255,91,128,68,255,91,128,68,255,92,129,68,255,91,128,68,255,92,130,69,255,91,129,68,255,91,129,68,255,93,130,69,255,91,129,68,255,91,129,68,255,91,128,68,255,91,129,68,255,92,130,69,255,91,129,68,255,92,129,68,255,92,130,68,255,91,129,68,255,92,130,69,255,91,128,68,255,91,128,68,255,92,130,69,255,92,129,68,255,93,130,69,255,92,129,68,255,91,129,68,255,93,130,69,255,93,130,69,255,92,129,68,255,91,129,68,255,91,129,68,255,92,130,68,255,91,128,68,255,93,130,69,255,92,130,69,255,91,128,68,255,91,128,68,255,91,129,68,255,91,129,68,255,91,129,68,255,92,129,68,255,92,129,68,255,93,130,69,255,91,129,68,255,92,129,68,255,92,130,68,255,92,129,68,255,90,128,68,255,91,129,68,255,92,129,68,255,91,128,68,255,90,128,68,255,91,128,68,255,86,124,65,255,92,129,68,255,91,129,68,255,92,130,69,255,88,125,66,255,92,129,68,255,92,129,68,255,88,125,66,255,88,125,65,255,88,125,65,255,88,125,65,255,89,125,66,255,86,124,65,255,89,125,66,255,88,125,65,255,86,124,65,255,88,125,65,255,88,125,65,255,86,123,65,255,88,125,65,255,88,125,65,255,88,125,65,255,86,124,65,255,86,124,65,255,87,124,65,255,88,125,65,255,87,124,65,255,86,124,65,255,88,125,65,255,86,124,65,255,86,124,65,255,87,124,65,255,86,123,65,255,88,125,65,255,87,124,65,255,87,124,65,255,85,123,64,255,87,124,65,255,86,124,65,255,88,125,65,255,88,125,65,255,86,124,65,255,87,125,65,255,88,125,65,255,87,125,65,255,88,125,65,255,90,128,67,255,91,129,68,255,90,128,67,255,86,124,65,255,91,128,68,255,91,129,68,255,90,128,67,255,87,124,65,255,92,129,68,255,92,129,68,255,90,128,68,255,91,128,68,255,90,128,67,255,91,129,68,255,90,128,68,255,90,128,67,255,90,128,67,255,90,128,68,255,90,128,67,255,91,129,68,255,91,129,68,255,90,128,68,255,91,129,68,255,91,129,68,255,91,129,68,255,91,129,68,255,90,128,68,255,90,128,68,255,90,128,68,255,91,129,68,255,85,124,65,255,91,129,68,255,89,127,67,255,89,128,67,255,91,129,68,255,90,128,68,255,90,128,68,255,91,129,68,255,90,128,68,255,90,128,67,255,89,128,67,255,89,128,67,255,89,127,67,255,91,129,68,255,91,129,68,255,89,128,67,255,89,127,67,255,90,129,68,255,91,129,68,255,90,128,68,255,89,127,67,255,89,127,67,255,89,128,67,255,89,127,67,255,90,128,68,255,90,128,68,255,89,128,67,255,89,128,67,255,88,127,67,255,89,127,67,255,91,129,68,255,88,127,67,255,88,127,67,255,89,128,67,255,90,128,68,255,88,127,67,255,88,127,67,255,90,129,68,255,90,128,68,255,90,128,67,255,88,127,67,255,90,128,68,255,90,128,68,255,88,127,67,255,89,128,67,255,88,127,67,255,89,128,67,255,88,127,67,255,88,127,67,255,89,127,67,255,88,127,67,255,89,128,67,255,89,128,67,255,90,128,68,255,88,127,67,255,89,127,67,255,89,128,67,255,90,128,68,255,90,128,68,255,88,127,67,255,87,126,67,255,89,128,67,255,89,128,67,255,90,128,68,255,90,128,68,255,90,128,68,255,89,127,67,255,87,126,67,255,89,128,67,255,87,126,67,255,88,127,67,255,88,127,67,255,88,127,67,255,88,127,67,255,88,127,67,255,88,127,67,255,89,127,67,255,88,127,67,255,90,128,68,255,87,126,67,255,90,128,68,255,89,128,67,255,89,128,67,255,88,127,67,255,88,127,67,255,89,127,67,255,88,127,67,255,88,127,67,255,89,128,67,255,88,127,67,255,88,127,67,255,89,128,67,255,89,128,67,255,87,126,66,255,89,128,67,255,87,126,67,255,89,128,67,255,88,127,67,255,88,127,67,255,89,127,67,255,89,127,67,255,89,128,67,255,89,128,67,255,88,127,67,255,89,127,67,255,81,121,63,255,89,127,67,255,89,128,67,255,89,128,67,255,90,128,68,255,89,128,67,255,89,128,67,255,90,128,68,255,90,128,68,255,82,122,64,255,89,128,67,255,89,127,67,255,89,128,67,255,89,127,67,255,90,128,68,255,90,128,68,255,89,127,67,255,90,128,67,255,89,128,67,255,90,128,67,255,89,127,67,255,89,127,67,255,89,127,67,255,91,129,68,255,90,128,68,255,90,128,68,255,92,129,68,255,90,128,68,255,89,127,67,255,91,129,68,255,90,128,67,255,91,129,68,255,91,129,68,255,90,128,68,255,90,128,67,255,91,129,68,255,89,127,67,255,91,129,68,255,89,127,67,255,91,129,68,255,91,129,68,255,88,125,66,255,88,125,66,255,86,124,65,255,90,128,67,255,88,125,65,255,86,123,65,255,86,124,65,255,92,130,68,255,87,124,65,255,87,124,65,255,87,124,65,255,91,128,68,255,86,124,65,255,87,124,65,255,88,125,65,255,92,129,68,255,92,130,69,255,91,129,68,255,92,129,68,255,93,130,69,255,93,130,69,255,91,128,68,255,92,129,68,255,91,128,68,255,92,129,68,255,92,130,68,255,91,129,68,255,93,130,69,255,92,129,68,255,93,130,69,255,92,129,68,255,91,128,68,255,92,129,68,255,93,130,69,255,92,129,68,255,93,130,69,255,92,130,68,255,92,129,68,255,91,129,68,255,91,128,68,255,92,129,68,255,92,130,68,255,91,128,68,255,91,129,68,255,91,128,68,255,92,129,68,255,92,129,68,255,92,129,68,255,92,130,68,255,91,129,68,255,93,130,69,255,92,129,68,255,93,130,69,255,91,128,68,255,92,129,68,255,91,129,68,255,91,129,68,255,91,128,68,255,91,129,68,255,92,129,68,255,92,129,68,255,91,129,68,255,92,129,68,255,92,130,69,255,91,129,68,255,91,129,68,255,87,124,65,255,93,130,69,255,91,129,68,255,92,129,68,255,88,125,65,255,91,128,68,255,93,130,69,255,91,129,68,255,86,124,65,255,92,130,69,255,91,128,68,255,87,124,65,255,86,124,65,255,88,125,65,255,80,118,61,255,87,124,65,255,88,125,65,255,87,125,65,255,88,125,66,255,88,125,65,255,86,124,65,255,86,124,65,255,86,124,65,255,86,124,65,255,87,124,65,255,87,125,65,255,88,125,66,255,85,123,64,255,87,124,65,255,86,124,65,255,91,129,68,255,91,129,68,255,91,129,68,255,87,125,65,255,92,129,68,255,91,129,68,255,90,128,68,255,91,129,68,255,91,129,68,255,84,124,64,255,92,129,68,255,90,128,68,255,91,128,68,255,90,128,68,255,90,128,68,255,91,129,68,255,90,128,67,255,91,129,68,255,89,127,67,255,91,129,68,255,89,127,67,255,91,129,68,255,91,129,68,255,91,129,68,255,83,123,64,255,89,128,67,255,91,129,68,255,90,128,68,255,91,129,68,255,90,128,67,255,90,128,67,255,90,128,67,255,90,128,68,255,84,124,64,255,70,117,64,255,91,129,68,255,90,128,68,255,91,129,68,255,70,117,64,255,91,129,68,255,91,129,68,255,90,128,68,255,70,117,64,255,91,129,68,255,91,129,68,255,91,129,68,255,69,116,63,255,74,119,65,255,98,133,70,255,99,134,71,255,97,132,70,255,75,120,65,255,97,132,70,255,98,133,70,255,105,139,74,255,74,119,65,255,99,134,71,255,97,132,70,255,99,134,71,255,73,119,65,255,99,134,71,255,98,133,70,255,99,133,71,255,97,133,70,255,97,133,70,255,97,132,70,255,96,132,69,255,97,133,70,255,97,132,70,255,97,133,70,255,97,133,70,255,98,133,70,255,96,132,70,255,96,132,70,255,96,132,69,255,97,132,70,255,96,132,70,255,97,133,70,255,95,131,69,255,90,126,66,255,99,133,70,255,91,126,66,255,94,130,69,255,91,126,66,255,91,127,66,255,91,127,66,255,94,130,69,255,93,128,67,255,90,126,66,255,91,126,66,255,96,132,70,255,92,127,67,255,92,127,67,255,90,126,66,255,94,131,69,255,96,132,70,255,96,132,70,255,96,132,70,255,94,130,69,255,96,132,70,255,95,131,69,255,96,132,70,255,96,132,70,255,94,130,69,255,94,131,69,255,96,132,70,255,96,132,70,255,95,131,69,255,103,138,73,255,94,130,69,255,96,132,70,255,95,131,69,255,94,130,69,255,96,132,70,255,94,130,69,255,96,132,70,255,96,132,70,255,95,131,69,255,101,137,73,255,102,137,73,255,95,131,69,255,95,132,69,255,96,132,70,255,96,132,70,255,95,131,69,255,96,132,70,255,96,132,69,255,93,130,69,255,96,132,70,255,96,132,70,255,96,132,70,255,94,130,69,255,94,131,69,255,94,131,69,255,95,132,69,255,96,132,69,255,96,132,70,255,94,130,69,255,95,131,69,255,94,131,69,255,95,131,69,255,94,130,69,255,96,132,70,255,94,130,69,255,94,131,69,255,96,132,70,255,94,130,69,255,101,136,72,255,95,132,69,255,93,130,69,255,94,131,69,255,95,131,69,255,94,130,69,255,102,137,73,255,95,131,69,255,93,130,69,255,94,130,69,255,93,130,69,255,96,132,69,255,95,131,69,255,93,130,69,255,100,136,72,255,95,131,69,255,93,130,69,255,94,130,69,255,101,137,73,255,94,130,69,255,94,130,69,255,94,131,69,255,89,126,66,255,93,130,69,255,94,130,69,255,95,132,69,255,102,137,73,255,96,132,69,255,93,130,69,255,93,129,68,255,94,130,69,255,93,130,69,255,96,132,70,255,94,130,69,255,95,132,69,255,93,130,68,255,94,130,69,255,93,130,69,255,94,131,69,255,93,130,69,255,93,129,68,255,94,130,69,255,93,130,69,255,93,130,69,255,102,137,73,255,93,130,69,255,92,129,68,255,93,130,69,255,94,131,69,255,93,129,68,255,94,131,69,255,94,130,69,255,93,130,69,255,92,129,68,255,94,130,69,255,92,129,68,255,92,129,68,255,94,130,69,255,93,130,69,255,94,130,69,255,94,130,69,255,92,129,68,255,94,130,69,255,93,130,69,255,93,130,69,255,92,129,68,255,88,126,66,255,92,129,68,255,92,129,68,255,92,129,68,255,94,131,69,255,93,130,69,255,92,129,68,255,94,131,69,255,94,130,69,255,93,129,68,255,93,130,68,255,93,130,69,255,93,130,69,255,93,130,69,255,93,130,68,255,92,129,68,255,93,130,69,255,93,130,69,255,94,130,69,255,94,130,69,255,92,129,68,255,94,130,69,255,99,135,72,255,94,131,69,255,93,130,69,255,94,131,69,255,93,130,69,255,93,130,69,255,94,131,69,255,93,130,68,255,94,131,69,255,93,130,69,255,93,130,69,255,94,130,69,255,94,131,69,255,95,132,69,255,94,130,69,255,93,130,69,255,94,131,69,255,102,137,73,255,92,129,68,255,94,131,69,255,95,132,69,255,102,137,73,255,95,132,69,255,93,130,69,255,94,131,69,255,94,130,69,255,93,130,69,255,93,130,69,255,93,130,69,255,94,131,69,255,93,130,69,255,95,132,69,255,95,132,69,255,94,130,69,255,93,130,69,255,95,132,69,255,95,132,69,255,93,129,68,255,95,132,69,255,93,130,69,255,94,131,69,255,94,130,69,255,93,130,69,255,95,132,69,255,102,137,73,255,95,132,69,255,95,132,69,255,95,132,69,255,95,132,69,255,95,132,69,255,93,130,69,255,93,130,69,255,94,131,69,255,94,130,69,255,93,130,69,255,94,130,69,255,95,131,69,255,93,129,68,255,93,129,68,255,93,129,68,255,93,130,69,255,92,129,68,255,93,129,68,255,93,130,69,255,93,130,69,255,94,130,69,255,94,131,69,255,94,131,69,255,92,129,68,255,93,130,69,255,93,130,69,255,93,130,69,255,92,129,68,255,92,129,68,255,94,131,69,255,93,130,69,255,92,129,68,255,94,130,69,255,94,130,69,255,92,129,68,255,93,130,69,255,94,131,69,255,93,130,69,255,100,136,72,255,94,130,69,255,92,129,68,255,92,129,68,255,92,129,68,255,93,130,69,255,93,130,68,255,94,131,69,255,92,129,68,255,93,130,69,255,93,130,69,255,93,130,69,255,92,129,68,255,94,131,69,255,93,130,69,255,93,130,69,255,93,130,69,255,92,129,68,255,92,129,68,255,92,129,68,255,93,130,69,255,93,130,69,255,93,130,69,255,92,129,68,255,93,130,69,255,92,129,68,255,91,129,68,255,93,130,69,255,93,130,69,255,92,129,68,255,91,129,68,255,91,128,68,255,92,129,68,255,93,130,69,255,93,130,69,255,92,130,68,255,92,129,68,255,92,129,68,255,93,130,69,255,92,129,68,255,92,129,68,255,91,129,68,255,92,130,68,255,92,129,68,255,91,129,68,255,93,130,69,255,92,129,68,255,91,129,68,255,91,128,68,255,93,130,69,255,91,129,68,255,91,129,68,255,93,130,69,255,92,130,68,255,92,129,68,255,92,129,68,255,90,128,68,255,92,129,68,255,92,130,69,255,92,129,68,255,91,129,68,255,88,125,65,255,88,125,65,255,88,125,65,255,87,124,65,255,92,130,69,255,91,129,68,255,91,128,68,255,91,129,68,255,91,129,68,255,92,130,69,255,90,128,68,255,91,129,68,255,87,124,65,255,88,125,65,255,87,124,65,255,86,123,65,255,87,124,65,255,86,124,65,255,88,125,65,255,86,124,65,255,91,129,68,255,91,129,68,255,93,130,69,255,91,128,68,255,92,130,68,255,92,129,68,255,92,129,68,255,90,128,68,255,87,124,65,255,88,125,65,255,86,124,65,255,92,129,68,255,86,124,65,255,86,124,65,255,86,124,65,255,88,125,65,255,91,128,68,255,86,125,65,255,92,129,68,255,92,130,69,255,92,130,68,255,91,129,68,255,92,130,69,255,91,128,68,255,92,129,68,255,91,128,68,255,90,128,68,255,91,129,68,255,89,125,66,255,88,125,65,255,93,130,69,255,90,128,68,255,91,129,68,255,92,129,68,255,93,130,69,255,92,129,68,255,92,129,68,255,92,129,68,255,93,130,69,255,92,129,68,255,93,130,69,255,92,130,69,255,93,130,69,255,92,129,68,255,92,130,68,255,92,129,68,255,93,130,69,255,92,129,68,255,91,129,68,255,92,129,68,255,93,130,69,255,92,129,68,255,92,129,68,255,93,130,69,255,93,130,69,255,92,129,68,255,92,129,68,255,91,129,68,255,92,129,68,255,92,129,68,255,93,130,69,255,91,128,68,255,92,130,68,255,91,129,68,255,93,130,69,255,91,129,68,255,92,129,68,255,93,130,69,255,91,129,68,255,94,130,69,255,92,129,68,255,87,125,65,255,92,129,68,255,94,131,69,255,92,129,68,255,91,129,68,255,92,129,68,255,92,129,68,255,93,130,69,255,92,129,68,255,92,130,68,255,92,129,68,255,93,130,69,255,93,130,69,255,93,130,69,255,92,129,68,255,92,129,68,255,92,129,68,255,92,129,68,255,93,130,69,255,93,130,69,255,100,136,72,255,93,130,69,255,92,129,68,255,93,130,69,255,100,136,72,255,92,129,68,255,93,130,68,255,93,130,69,255,93,130,69,255,94,131,69,255,92,129,68,255,93,130,69,255,94,131,69,255,94,130,69,255,93,130,69,255,87,125,65,255,94,130,69,255,92,129,68,255,93,130,69,255,94,130,69,255,101,137,73,255,94,131,69,255,93,130,68,255,94,131,69,255,94,131,69,255,94,130,69,255,93,130,69,255,101,136,72,255,93,130,69,255,94,130,69,255,88,125,65,255,100,136,72,255,93,130,69,255,94,130,69,255,93,130,69,255,92,129,68,255,93,130,69,255,94,131,69,255,94,130,69,255,93,129,68,255,92,129,68,255,92,129,68,255,94,131,69,255,94,131,69,255,92,129,68,255,94,131,69,255,94,131,69,255,95,132,69,255,94,130,69,255,92,129,68,255,92,129,68,255,93,129,68,255,94,130,69,255,93,130,68,255,94,130,69,255,94,131,69,255,94,131,69,255,94,131,69,255,100,136,72,255,94,130,69,255,94,131,69,255,94,130,69,255,93,130,69,255,94,131,69,255,93,130,69,255,94,131,69,255,93,130,68,255,93,130,69,255,94,130,69,255,95,132,69,255,95,132,69,255,94,131,69,255,101,137,73,255,94,131,69,255,96,132,69,255,93,130,69,255,93,130,69,255,94,131,69,255,93,130,69,255,94,131,69,255,96,132,70,255,93,130,69,255,94,131,69,255,94,130,69,255,96,132,70,255,94,131,69,255,96,132,70,255,96,132,69,255,96,132,70,255,96,132,70,255,95,132,69,255,95,132,69,255,94,130,69,255,95,132,69,255,93,130,69,255,93,130,69,255,96,132,69,255,94,130,69,255,94,131,69,255,94,130,69,255,96,132,70,255,96,132,70,255,94,131,69,255,96,132,70,255,96,132,70,255,94,131,69,255,96,132,70,255,96,132,70,255,95,132,69,255,96,132,69,255,94,131,69,255,94,130,69,255,96,132,70,255,94,130,69,255,93,130,69,255,93,130,69,255,96,132,69,255,97,132,70,255,96,132,70,255,92,127,67,255,92,127,67,255,95,131,69,255,94,130,69,255,97,132,70,255,91,126,66,255,103,138,73,255,95,131,69,255,94,130,69,255,94,131,69,255,94,131,69,255,95,131,69,255,94,130,69,255,96,132,70,255,91,127,67,255,92,127,67,255,91,127,67,255,91,126,66,255,90,126,66,255,91,126,66,255,91,126,66,255,92,128,67,255,95,131,69,255,92,127,67,255,99,133,70,255,91,127,66,255,94,130,69,255,96,132,69,255,94,130,69,255,91,127,66,255,93,128,67,255,97,132,69,255,92,127,67,255,91,126,66,255,90,126,66,255,91,126,66,255,92,127,67,255,93,128,67,255,90,126,66,255,92,127,67,255,90,126,66,255,100,134,70,255,92,127,67,255,92,127,67,255,92,127,67,255,91,127,66,255,85,121,63,255,91,127,66,255,91,127,67,255,95,131,69,255,92,127,67,255,92,127,67,255,91,127,66,255,93,128,67,255,86,123,63,255,93,128,67,255,91,126,66,255,93,128,67,255,90,126,66,255,93,128,67,255,92,127,67,255,92,127,67,255,97,132,70,255,96,132,70,255,94,130,69,255,91,127,66,255,91,126,66,255,96,132,70,255,91,126,66,255,90,126,66,255,98,132,69,255,91,126,66,255,92,128,67,255,92,127,67,255,91,126,66,255,91,126,66,255,92,127,67,255,91,127,66,255,91,127,66,255,84,121,63,255,92,127,67,255,91,127,66,255,91,126,66,255,92,127,67,255,91,127,66,255,102,137,73,255,92,127,67,255,91,126,66,255,92,127,67,255,95,131,69,255,98,132,69,255,90,126,66,255,90,126,66,255,94,130,69,255,95,131,69,255,95,131,69,255,95,131,69,255,94,131,69,255,96,132,69,255,88,125,65,255,94,130,69,255,95,132,69,255,95,132,69,255,95,131,69,255,93,130,69,255,95,132,69,255,93,130,69,255,102,137,73,255,96,132,69,255,95,132,69,255,93,129,68,255,93,130,69,255,94,131,69,255,92,129,68,255,94,130,69,255,94,131,69,255,94,130,69,255,92,129,68,255,93,130,69,255,93,130,68,255,94,130,69,255,92,129,68,255,93,130,69,255,94,131,69,255,92,129,68,255,94,131,69,255,93,130,69,255,93,130,69,255,91,129,68,255,84,123,64,255,91,129,68,255,92,129,68,255,93,130,69,255,91,128,68,255,93,130,69,255,93,130,69,255,91,129,68,255,91,129,68,255,91,129,68,255,92,129,68,255,92,129,68,255,90,128,68,255,91,128,68,255,86,124,65,255,88,125,65,255,88,125,66,255,91,129,68,255,87,124,65,255,86,124,65,255,88,125,65,255,87,124,65,255,88,125,66,255,87,125,65,255,88,125,65,255,88,125,66,255,86,124,65,255,86,124,65,255,91,129,68,255,87,124,65,255,87,124,65,255,88,125,65,255,86,124,65,255,87,125,65,255,88,125,65,255,88,125,65,255,87,125,65,255,85,123,64,255,86,124,65,255,90,128,68,255,92,130,68,255,90,128,68,255,91,129,68,255,92,130,68,255,90,128,68,255,88,125,65,255,88,125,65,255,88,125,66,255,86,124,65,255,87,124,65,255,85,123,64,255,88,125,65,255,86,123,65,255,86,124,65,255,87,124,65,255,86,124,65,255,86,124,65,255,90,128,67,255,90,128,67,255,91,129,68,255,90,128,67,255,88,125,65,255,87,124,65,255,88,125,66,255,86,124,65,255,88,125,65,255,88,125,65,255,88,125,65,255,86,124,65,255,86,124,65,255,87,125,65,255,87,124,65,255,87,124,65,255,90,128,68,255,92,129,68,255,87,124,65,255,87,124,65,255,88,125,66,255,86,124,65,255,86,124,65,255,88,125,66,255,86,124,65,255,86,124,65,255,88,125,65,255,88,125,65,255,88,125,65,255,86,124,65,255,87,124,65,255,88,125,66,255,85,123,64,255,87,124,65,255,85,123,64,255,86,124,65,255,88,125,65,255,88,125,65,255,86,124,65,255,87,124,65,255,88,125,65,255,88,125,65,255,88,125,65,255,88,125,66,255,87,124,65,255,88,125,65,255,86,124,65,255,86,124,65,255,88,125,65,255,86,123,65,255,86,124,65,255,87,124,65,255,91,128,68,255,91,128,68,255,92,130,69,255,92,129,68,255,86,124,65,255,88,125,66,255,90,128,68,255,91,128,68,255,88,125,65,255,87,124,65,255,88,125,66,255,88,125,66,255,87,125,65,255,86,124,65,255,89,125,66,255,88,125,65,255,92,129,68,255,84,123,64,255,92,129,68,255,91,129,68,255,92,129,68,255,92,130,68,255,93,130,69,255,91,129,68,255,88,125,65,255,87,124,65,255,89,125,66,255,86,124,65,255,87,125,65,255,89,125,66,255,88,125,65,255,86,124,65,255,91,129,68,255,92,130,69,255,92,130,68,255,86,124,65,255,90,128,68,255,92,129,68,255,86,124,65,255,87,124,65,255,88,125,65,255,80,119,61,255,86,124,65,255,87,124,65,255,88,125,65,255,87,124,65,255,86,124,65,255,86,123,65,255,86,124,65,255,87,124,65,255,88,125,66,255,88,125,65,255,88,125,65,255,87,124,65,255,88,125,65,255,88,125,66,255,88,125,66,255,86,123,64,255,86,123,65,255,86,124,65,255,87,124,65,255,88,125,65,255,85,123,64,255,87,124,65,255,86,123,64,255,87,124,65,255,87,124,65,255,86,124,65,255,85,123,64,255,86,124,65,255,87,124,65,255,87,124,65,255,86,123,65,255,88,125,65,255,88,125,65,255,87,125,65,255,86,124,65,255,88,125,65,255,90,128,68,255,91,129,68,255,86,124,65,255,86,124,65,255,87,125,65,255,90,128,67,255,85,123,64,255,87,125,65,255,91,129,68,255,90,128,67,255,92,129,68,255,90,128,67,255,90,128,68,255,90,128,68,255,92,129,68,255,90,128,68,255,91,129,68,255,90,128,67,255,90,128,68,255,89,128,67,255,90,128,68,255,90,128,68,255,91,129,68,255,91,129,68,255,90,128,68,255,91,129,68,255,89,127,67,255,89,127,67,255,91,129,68,255,91,129,68,255,90,128,67,255,90,128,67,255,90,128,68,255,91,129,68,255,91,129,68,255,89,127,67,255,90,128,67,255,89,128,67,255,90,128,68,255,89,128,67,255,89,127,67,255,89,127,67,255,91,129,68,255,90,128,68,255,91,129,68,255,91,129,68,255,90,128,67,255,89,128,67,255,91,129,68,255,90,128,68,255,91,129,68,255,91,129,68,255,90,128,68,255,90,128,68,255,90,128,67,255,91,129,68,255,90,128,67,255,90,129,68,255,90,128,68,255,88,127,67,255,89,128,67,255,90,129,68,255,91,129,68,255,90,129,68,255,90,128,68,255,89,127,67,255,90,128,68,255,89,127,67,255,90,128,68,255,84,124,64,255,88,127,67,255,90,129,68,255,90,128,68,255,89,128,67,255,88,127,67,255,89,128,67,255,89,128,67,255,90,128,68,255,90,128,68,255,88,127,67,255,88,127,67,255,90,129,68,255,81,121,63,255,89,128,67,255,88,127,67,255,88,127,67,255,89,127,67,255,90,128,68,255,88,127,67,255,90,128,68,255,89,127,67,255,88,127,67,255,89,127,67,255,89,128,67,255,90,129,68,255,88,127,67,255,88,127,67,255,88,127,67,255,88,127,67,255,88,126,67,255,87,126,67,255,81,121,63,255,87,126,67,255,90,128,68,255,89,127,67,255,89,127,67,255,88,127,67,255,89,127,67,255,88,127,67,255,88,127,67,255,88,127,67,255,89,128,67,255,90,128,68,255,89,128,67,255,89,127,67,255,87,126,67,255,89,128,67,255,89,127,67,255,87,126,67,255,88,127,67,255,87,126,67,255,88,127,67,255,90,128,68,255,88,127,67,255,88,127,67,255,89,128,67,255,88,127,67,255,88,127,67,255,88,127,67,255,89,127,67,255,88,127,67,255,88,127,67,255,88,127,67,255,88,127,67,255,88,127,67,255,89,127,67,255,88,127,67,255,87,126,67,255,87,126,66,255,88,127,67,255,89,128,67,255,88,127,67,255,88,127,67,255,88,127,67,255,88,127,67,255,88,126,67,255,88,127,67,255,88,127,67,255,88,127,67,255,89,128,67,255,88,127,67,255,89,128,67,255,88,127,67,255,89,127,67,255,88,127,67,255,88,127,67,255,89,128,67,255,88,127,67,255,88,127,67,255,90,128,68,255,88,127,67,255,89,128,67,255,89,128,67,255,90,128,68,255,89,127,67,255,91,129,68,255,89,127,67,255,89,128,67,255,88,127,67,255,91,129,68,255,88,127,67,255,89,128,67,255,90,128,68,255,90,128,68,255,88,127,67,255,89,128,67,255,90,128,68,255,89,127,67,255,90,128,67,255,90,128,67,255,90,128,67,255,91,129,68,255,91,129,68,255,90,128,68,255,90,128,68,255,91,129,68,255,91,129,68,255,90,128,68,255,90,128,68,255,90,128,68,255,90,128,68,255,90,128,68,255,89,127,67,255,91,129,68,255,91,129,68,255,86,123,65,255,86,124,65,255,86,124,65,255,92,129,68,255,85,123,64,255,86,124,65,255,86,123,64,255,90,128,67,255,85,123,64,255,88,125,65,255,81,119,61,255,91,129,68,255,79,118,60,255,87,124,65,255,86,124,65,255,87,124,65,255,92,130,68,255,92,129,68,255,91,129,68,255,88,125,65,255,93,130,69,255,91,128,68,255,92,129,68,255,88,125,65,255,91,128,68,255,92,129,68,255,91,129,68,255,88,125,66,255,88,125,65,255,93,130,69,255,91,129,68,255,91,128,68,255,91,128,68,255,92,129,68,255,93,130,69,255,85,124,65,255,92,129,68,255,93,130,69,255,92,129,68,255,92,129,68,255,91,128,68,255,93,130,69,255,91,128,68,255,92,129,68,255,92,129,68,255,91,129,68,255,92,129,68,255,92,129,68,255,91,129,68,255,93,130,69,255,91,129,68,255,91,129,68,255,92,129,68,255,91,128,68,255,91,129,68,255,92,129,68,255,91,128,68,255,92,129,68,255,91,128,68,255,91,128,68,255,91,128,68,255,91,129,68,255,86,124,65,255,92,129,68,255,92,130,68,255,87,124,65,255,87,124,65,255,90,128,68,255,88,125,65,255,88,125,66,255,86,124,65,255,88,125,65,255,88,125,66,255,88,125,65,255,88,125,65,255,88,125,65,255,88,125,65,255,88,125,65,255,86,123,65,255,88,125,65,255,86,124,65,255,86,123,65,255,92,129,68,255,87,124,65,255,87,124,65,255,86,124,65,255,91,129,68,255,86,124,65,255,81,119,61,255,91,129,68,255,90,128,68,255,87,125,65,255,90,128,68,255,90,128,67,255,85,124,65,255,90,128,68,255,91,129,68,255,91,129,68,255,90,128,68,255,90,128,68,255,91,129,68,255,89,128,67,255,91,129,68,255,90,128,67,255,90,128,67,255,90,128,68,255,91,129,68,255,91,129,68,255,90,128,68,255,91,129,68,255,90,128,68,255,90,128,67,255,89,128,67,255,90,128,68,255,91,129,68,255,90,128,68,255,90,128,68,255,90,128,68,255,91,129,68,255,91,129,68,255,90,128,67,255,91,129,68,255,89,127,67,255,91,129,68,255,91,129,68,255,90,128,67,255,89,127,67,255,89,127,67,255,90,128,68,255,91,129,68,255,68,116,63,255,90,129,68,255,89,127,67,255,89,128,67,255,70,117,64,255,91,129,68,255,91,129,68,255,85,127,68,255,57,107,58,255,86,128,68,255,77,123,67,255,56,107,58,255,84,134,80,255,74,119,65,255,93,129,67,255,98,133,70,255,98,133,70,255,73,119,65,255,98,132,70,255,99,134,71,255,97,132,70,255,75,120,65,255,97,132,70,255,106,139,74,255,97,132,70,255,74,119,65,255,98,133,70,255,98,133,70,255,98,133,70,255,92,128,67,255,97,132,70,255,95,131,69,255,95,131,69,255,97,133,70,255,97,133,70,255,95,131,69,255,97,133,70,255,98,133,70,255,97,132,70,255,96,131,69,255,96,131,69,255,96,132,70,255,96,132,70,255,96,132,69,255,96,132,70,255,85,121,63,255,91,126,66,255,84,120,63,255,94,130,69,255,92,127,67,255,90,126,66,255,91,127,67,255,94,130,69,255,92,127,67,255,92,127,67,255,91,127,66,255,95,132,69,255,91,126,66,255,91,127,66,255,90,127,66,255,97,132,70,255,94,130,69,255,95,132,69,255,102,137,73,255,102,137,73,255,96,132,70,255,94,130,69,255,96,132,69,255,95,132,69,255,94,130,69,255,95,131,69,255,94,131,69,255,94,130,69,255,95,131,69,255,95,132,69,255,93,130,69,255,94,130,69,255,94,131,69,255,96,132,70,255,96,132,69,255,94,131,69,255,94,130,69,255,94,131,69,255,96,132,70,255,96,132,70,255,94,130,69,255,95,131,69,255,100,136,72,255,93,130,69,255,96,132,69,255,94,131,69,255,96,132,70,255,94,130,69,255,96,132,69,255,102,137,73,255,96,132,70,255,94,130,69,255,94,130,69,255,96,132,70,255,96,132,70,255,102,137,73,255,95,131,69,255,94,130,69,255,96,132,70,255,96,132,70,255,94,130,69,255,96,132,69,255,96,132,70,255,94,130,69,255,87,125,65,255,96,132,70,255,95,131,69,255,96,132,70,255,94,130,69,255,95,131,69,255,101,137,73,255,95,131,69,255,94,130,69,255,96,132,70,255,101,136,72,255,95,132,69,255,96,132,70,255,96,132,70,255,88,126,66,255,94,130,69,255,94,130,69,255,96,132,70,255,95,131,69,255,93,130,69,255,93,130,69,255,94,130,69,255,101,137,73,255,93,130,69,255,94,130,69,255,95,131,69,255,94,131,69,255,94,130,69,255,93,130,69,255,94,130,69,255,96,132,70,255,94,130,69,255,94,130,69,255,93,130,69,255,93,130,69,255,94,130,69,255,96,132,70,255,93,130,69,255,96,132,70,255,95,131,69,255,95,131,69,255,95,131,69,255,95,132,69,255,100,136,72,255,96,132,69,255,94,130,69,255,94,130,69,255,96,132,70,255,94,130,69,255,93,130,69,255,94,131,69,255,93,130,69,255,93,130,69,255,93,130,69,255,94,130,69,255,94,130,69,255,96,132,70,255,94,131,69,255,93,130,69,255,95,131,69,255,96,132,70,255,93,130,69,255,94,131,69,255,93,130,68,255,92,129,68,255,94,131,69,255,101,136,72,255,93,130,69,255,94,131,69,255,94,130,69,255,92,129,68,255,93,130,69,255,93,129,68,255,93,130,69,255,93,129,68,255,95,132,69,255,95,132,69,255,93,130,69,255,94,130,69,255,94,130,69,255,92,129,68,255,93,130,68,255,94,130,69,255,93,130,69,255,93,130,68,255,94,131,69,255,93,130,69,255,93,130,69,255,95,132,69,255,92,129,68,255,94,130,69,255,94,131,69,255,94,131,69,255,94,131,69,255,94,131,69,255,94,130,69,255,95,132,69,255,93,130,69,255,95,132,69,255,95,132,69,255,94,131,69,255,95,132,69,255,95,132,69,255,92,129,68,255,95,132,69,255,94,131,69,255,94,130,69,255,94,131,69,255,93,130,69,255,93,130,69,255,94,131,69,255,95,132,69,255,95,132,69,255,94,130,69,255,95,132,69,255,94,130,69,255,93,130,69,255,94,131,69,255,94,131,69,255,94,130,69,255,95,132,69,255,94,131,69,255,94,130,69,255,95,131,69,255,93,130,69,255,93,130,69,255,94,130,69,255,95,132,69,255,93,130,69,255,94,131,69,255,93,130,69,255,93,130,69,255,94,130,69,255,93,129,68,255,94,130,69,255,95,131,69,255,95,132,69,255,101,136,72,255,95,131,69,255,92,129,68,255,93,130,69,255,93,130,69,255,94,131,69,255,92,129,68,255,93,130,69,255,93,130,69,255,94,130,69,255,94,130,69,255,94,130,69,255,93,130,69,255,93,129,68,255,94,130,69,255,93,130,69,255,95,132,69,255,93,130,69,255,92,129,68,255,89,126,66,255,94,131,69,255,94,130,69,255,93,130,69,255,94,130,69,255,92,129,68,255,94,131,69,255,92,129,68,255,93,130,69,255,94,131,69,255,94,130,69,255,92,129,68,255,93,130,69,255,93,130,69,255,93,130,69,255,94,130,69,255,93,130,69,255,93,130,68,255,93,130,69,255,92,129,68,255,94,131,69,255,93,130,69,255,93,130,69,255,91,129,68,255,94,130,69,255,92,129,68,255,91,129,68,255,93,130,69,255,93,130,69,255,92,129,68,255,92,129,68,255,91,129,68,255,93,130,69,255,92,130,69,255,91,129,68,255,92,129,68,255,91,128,68,255,92,130,68,255,91,129,68,255,93,130,69,255,92,129,68,255,91,129,68,255,92,129,68,255,90,128,68,255,91,129,68,255,91,129,68,255,91,129,68,255,88,125,66,255,93,130,69,255,93,130,69,255,88,125,65,255,88,125,66,255,91,129,68,255,93,130,69,255,88,125,65,255,88,125,65,255,87,124,65,255,86,124,65,255,87,124,65,255,88,125,65,255,86,124,65,255,86,124,65,255,88,125,65,255,85,123,64,255,87,124,65,255,85,123,64,255,90,128,67,255,91,129,68,255,87,125,65,255,87,124,65,255,88,125,66,255,86,124,65,255,86,124,65,255,88,125,65,255,86,124,65,255,91,129,68,255,90,128,67,255,90,128,68,255,91,129,68,255,90,128,67,255,91,128,68,255,90,128,68,255,91,129,68,255,90,128,67,255,86,124,65,255,87,124,65,255,86,124,65,255,87,124,65,255,91,129,68,255,91,129,68,255,92,129,68,255,90,128,67,255,90,128,68,255,91,129,68,255,90,128,68,255,90,128,67,255,90,128,67,255,89,127,67,255,89,128,67,255,89,127,67,255,86,124,65,255,87,124,65,255,86,123,65,255,86,124,65,255,90,128,67,255,90,128,68,255,86,124,65,255,85,123,64,255,91,129,68,255,90,128,68,255,90,128,68,255,92,129,68,255,91,129,68,255,89,128,67,255,91,129,68,255,92,129,68,255,88,125,66,255,86,124,65,255,88,125,65,255,92,129,68,255,88,125,65,255,88,125,65,255,88,125,65,255,87,125,65,255,88,125,66,255,88,125,66,255,88,125,65,255,88,125,66,255,91,129,68,255,88,125,65,255,88,125,65,255,86,123,65,255,92,129,68,255,91,129,68,255,93,130,69,255,93,130,69,255,91,128,68,255,93,130,69,255,91,128,68,255,92,129,68,255,92,129,68,255,92,129,68,255,92,130,69,255,91,129,68,255,86,124,65,255,93,130,69,255,92,130,69,255,91,129,68,255,91,129,68,255,93,130,69,255,92,129,68,255,92,129,68,255,92,130,69,255,92,129,68,255,92,129,68,255,93,130,69,255,93,130,69,255,93,130,69,255,94,130,69,255,94,130,69,255,92,129,68,255,92,129,68,255,91,129,68,255,94,131,69,255,92,129,68,255,94,131,68,255,94,130,69,255,92,129,68,255,93,130,69,255,92,129,68,255,93,130,69,255,94,130,69,255,93,130,69,255,93,130,69,255,94,131,69,255,94,130,69,255,92,129,68,255,92,129,68,255,93,130,69,255,94,131,69,255,93,130,69,255,100,136,72,255,93,129,68,255,94,131,69,255,94,130,69,255,93,130,69,255,92,129,68,255,93,130,69,255,93,130,69,255,94,131,69,255,88,125,66,255,92,129,68,255,93,130,69,255,93,130,69,255,95,132,69,255,94,131,69,255,93,130,69,255,94,130,69,255,92,129,68,255,92,129,68,255,92,129,68,255,93,130,68,255,99,135,72,255,92,129,68,255,94,130,69,255,94,131,69,255,93,130,69,255,100,136,72,255,93,130,69,255,93,129,68,255,94,130,69,255,93,130,69,255,100,136,72,255,94,131,69,255,93,130,69,255,92,129,68,255,93,130,68,255,93,130,69,255,100,136,72,255,92,129,68,255,93,130,69,255,93,130,69,255,93,130,69,255,99,135,72,255,93,130,69,255,92,129,68,255,94,131,69,255,94,130,69,255,94,130,69,255,94,130,69,255,94,131,69,255,94,130,69,255,99,135,72,255,94,130,69,255,93,130,69,255,94,130,69,255,93,130,69,255,93,130,68,255,93,130,69,255,93,130,69,255,93,130,69,255,86,124,65,255,93,129,68,255,94,131,69,255,94,131,69,255,94,130,69,255,95,131,69,255,92,129,68,255,93,130,69,255,94,131,69,255,94,130,69,255,93,130,69,255,92,129,68,255,92,129,68,255,92,129,68,255,100,136,72,255,93,130,69,255,93,130,69,255,94,130,69,255,93,130,69,255,92,129,68,255,93,130,69,255,88,126,66,255,94,130,69,255,87,125,65,255,94,131,69,255,94,131,69,255,93,129,68,255,92,129,68,255,94,130,69,255,93,130,69,255,94,130,69,255,93,129,68,255,94,131,69,255,101,137,73,255,100,136,72,255,94,130,69,255,95,131,69,255,95,132,69,255,94,130,69,255,93,130,69,255,101,137,73,255,95,132,69,255,94,130,69,255,95,132,69,255,93,130,69,255,93,130,69,255,94,131,69,255,93,130,68,255,93,130,69,255,92,129,68,255,93,130,69,255,95,132,69,255,94,130,69,255,95,132,69,255,93,130,69,255,93,129,68,255,93,130,69,255,93,130,69,255,95,132,69,255,93,130,69,255,94,130,69,255,95,132,69,255,95,131,69,255,93,130,69,255,93,130,69,255,92,129,68,255,93,129,68,255,94,131,69,255,94,130,69,255,94,130,69,255,93,130,69,255,94,130,69,255,102,137,73,255,94,131,69,255,96,132,70,255,93,130,69,255,96,132,70,255,94,130,69,255,94,130,69,255,93,130,69,255,94,131,69,255,93,130,69,255,94,130,69,255,95,131,69,255,94,130,69,255,94,130,69,255,95,131,69,255,96,132,70,255,95,132,69,255,94,130,69,255,96,132,70,255,95,132,69,255,94,130,69,255,93,130,69,255,95,131,69,255,93,130,69,255,94,131,69,255,93,130,69,255,94,131,69,255,94,130,69,255,90,126,66,255,90,126,66,255,92,127,67,255,96,132,70,255,96,132,69,255,88,125,66,255,92,127,67,255,94,130,69,255,94,130,69,255,96,132,69,255,96,132,70,255,95,132,69,255,96,132,70,255,94,131,69,255,94,130,69,255,92,127,67,255,98,133,70,255,92,127,67,255,91,126,66,255,92,127,67,255,92,127,67,255,92,127,67,255,92,128,67,255,95,131,69,255,91,126,66,255,90,126,66,255,91,126,66,255,96,132,70,255,94,130,69,255,94,130,69,255,95,131,69,255,85,121,63,255,91,126,66,255,92,127,67,255,90,126,66,255,91,127,67,255,92,127,67,255,92,127,67,255,91,127,67,255,92,128,67,255,91,126,66,255,91,126,66,255,91,126,66,255,90,126,66,255,92,127,67,255,90,126,66,255,94,130,69,255,92,127,67,255,92,127,67,255,96,132,70,255,101,136,72,255,90,126,66,255,94,130,69,255,94,130,69,255,94,130,69,255,97,132,70,255,94,131,69,255,95,131,69,255,93,130,69,255,96,132,70,255,96,132,69,255,95,131,69,255,93,130,69,255,94,130,69,255,102,137,73,255,86,124,65,255,93,129,68,255,96,132,70,255,93,130,69,255,86,125,65,255,93,129,68,255,94,130,69,255,93,129,68,255,93,129,68,255,93,130,69,255,95,132,69,255,94,130,69,255,93,130,69,255,92,129,68,255,93,130,68,255,93,130,69,255,93,130,69,255,92,129,68,255,93,130,69,255,92,129,68,255,93,130,69,255,91,129,68,255,92,129,68,255,93,130,69,255,93,130,69,255,92,129,68,255,93,130,69,255,93,130,69,255,92,129,68,255,93,130,69,255,93,130,69,255,93,130,69,255,93,130,69,255,87,124,65,255,93,130,69,255,90,128,68,255,88,125,66,255,88,125,65,255,92,129,68,255,90,128,68,255,88,125,65,255,87,124,65,255,92,129,68,255,86,124,65,255,87,124,65,255,91,129,68,255,86,123,65,255,87,125,65,255,91,129,68,255,92,130,68,255,86,124,65,255,90,128,67,255,91,129,68,255,90,128,68,255,90,128,68,255,89,127,67,255,90,128,68,255,91,129,68,255,90,128,67,255,90,128,68,255,90,128,68,255,89,127,67,255,91,129,68,255,90,128,67,255,90,128,68,255,91,129,68,255,90,128,67,255,91,129,68,255,89,127,67,255,91,129,68,255,91,129,68,255,90,128,68,255,91,129,68,255,89,127,67,255,90,128,67,255,91,129,68,255,91,129,68,255,91,129,68,255,90,128,67,255,91,129,68,255,90,128,68,255,90,128,68,255,89,128,67,255,90,128,67,255,91,129,68,255,91,129,68,255,91,129,68,255,91,129,68,255,91,129,68,255,91,129,68,255,91,129,68,255,91,129,68,255,91,129,68,255,91,129,68,255,90,128,67,255,91,129,68,255,90,128,67,255,90,128,68,255,91,128,68,255,90,128,67,255,91,129,68,255,89,127,67,255,90,128,68,255,90,128,68,255,90,128,67,255,90,128,67,255,90,128,68,255,90,128,67,255,90,128,67,255,91,129,68,255,92,129,68,255,86,124,65,255,87,124,65,255,86,124,65,255,91,129,68,255,90,128,68,255,90,128,68,255,90,128,67,255,92,129,68,255,90,128,67,255,90,128,68,255,90,128,68,255,91,129,68,255,89,128,67,255,91,129,68,255,89,127,67,255,87,124,65,255,86,124,65,255,88,125,65,255,85,123,64,255,86,124,65,255,88,125,65,255,88,125,65,255,88,125,65,255,91,129,68,255,91,129,68,255,90,128,67,255,87,124,65,255,90,128,67,255,90,128,67,255,90,128,68,255,91,129,68,255,86,123,65,255,86,124,65,255,88,125,65,255,88,125,65,255,88,125,65,255,88,125,65,255,88,125,65,255,87,125,65,255,88,125,65,255,79,118,60,255,88,125,65,255,86,124,65,255,91,129,68,255,92,129,68,255,86,123,65,255,81,119,61,255,88,125,65,255,87,124,65,255,88,125,66,255,87,124,65,255,88,125,65,255,87,124,65,255,86,123,65,255,88,125,65,255,88,125,65,255,86,124,65,255,86,124,65,255,85,123,64,255,88,125,65,255,87,125,65,255,88,125,65,255,86,124,65,255,87,124,65,255,86,123,64,255,86,124,65,255,88,125,65,255,88,125,66,255,86,124,65,255,88,125,65,255,86,124,65,255,86,124,65,255,88,125,65,255,86,123,65,255,88,125,65,255,86,124,65,255,91,129,68,255,91,128,68,255,84,123,64,255,86,124,65,255,87,124,65,255,85,123,64,255,86,124,65,255,88,125,65,255,86,124,65,255,90,128,68,255,90,128,68,255,92,129,68,255,90,128,67,255,90,128,67,255,85,124,65,255,91,129,68,255,91,128,68,255,91,129,68,255,90,128,67,255,91,129,68,255,91,129,68,255,90,128,67,255,91,129,68,255,91,129,68,255,91,129,68,255,90,128,68,255,90,128,68,255,90,128,67,255,91,129,68,255,90,128,68,255,91,129,68,255,89,128,67,255,83,122,64,255,89,127,67,255,90,128,68,255,91,128,68,255,92,129,68,255,89,127,67,255,91,129,68,255,89,127,67,255,91,129,68,255,91,129,68,255,89,127,67,255,90,128,67,255,90,128,67,255,89,128,67,255,89,127,67,255,90,128,68,255,89,127,67,255,90,128,68,255,90,128,68,255,90,128,68,255,91,129,68,255,91,129,68,255,89,127,67,255,91,129,68,255,89,128,67,255,89,127,67,255,90,128,68,255,91,129,68,255,90,128,67,255,89,128,67,255,89,128,67,255,90,128,67,255,90,129,68,255,90,128,68,255,88,127,67,255,89,127,67,255,90,128,68,255,90,129,68,255,89,128,67,255,90,128,68,255,88,127,67,255,90,129,68,255,82,121,63,255,89,128,67,255,90,128,68,255,89,128,67,255,89,127,67,255,90,128,68,255,88,127,67,255,88,127,67,255,89,128,67,255,90,128,68,255,90,128,67,255,88,127,67,255,88,127,67,255,89,127,67,255,90,129,68,255,89,128,67,255,88,127,67,255,90,128,68,255,89,127,67,255,89,127,67,255,89,128,67,255,88,127,67,255,90,128,68,255,88,127,67,255,89,127,67,255,88,127,67,255,89,127,67,255,88,127,67,255,88,127,67,255,88,127,67,255,89,128,67,255,90,128,68,255,88,127,67,255,90,128,68,255,90,128,68,255,89,128,67,255,89,128,67,255,83,123,64,255,90,128,68,255,88,127,67,255,81,121,63,255,89,128,67,255,89,128,67,255,88,127,67,255,90,128,68,255,89,128,67,255,88,127,67,255,88,127,67,255,89,127,67,255,88,127,67,255,89,128,67,255,88,127,67,255,89,127,67,255,89,128,68,255,88,127,67,255,89,127,67,255,88,127,67,255,89,128,67,255,90,128,68,255,89,128,67,255,89,128,67,255,88,127,67,255,88,127,67,255,88,127,67,255,88,127,67,255,88,127,67,255,89,127,67,255,87,126,67,255,89,128,67,255,87,126,67,255,89,127,67,255,88,127,67,255,90,128,68,255,88,127,67,255,89,128,67,255,88,127,67,255,89,128,67,255,87,126,67,255,88,127,67,255,88,127,67,255,89,128,67,255,87,126,67,255,88,127,67,255,88,127,67,255,87,126,67,255,88,127,67,255,89,127,67,255,89,128,67,255,89,128,67,255,89,127,67,255,89,127,67,255,90,128,68,255,88,127,67,255,89,128,67,255,89,128,67,255,88,127,67,255,89,127,67,255,82,122,63,255,90,128,68,255,89,128,67,255,89,127,67,255,90,128,68,255,88,127,67,255,90,128,68,255,88,127,67,255,89,128,67,255,88,127,67,255,89,127,67,255,89,127,67,255,88,127,67,255,88,127,67,255,89,128,67,255,88,127,67,255,90,128,68,255,90,128,68,255,89,127,67,255,89,127,67,255,90,128,68,255,88,127,67,255,88,127,67,255,84,123,64,255,84,123,64,255,90,128,68,255,88,127,67,255,90,128,68,255,89,128,67,255,88,127,67,255,90,128,68,255,91,129,68,255,89,128,67,255,90,128,68,255,90,128,68,255,89,128,67,255,88,127,67,255,88,127,67,255,89,127,67,255,90,128,68,255,89,127,67,255,90,128,68,255,90,128,67,255,90,128,68,255,91,129,68,255,89,128,67,255,91,129,68,255,91,129,68,255,91,129,68,255,91,129,68,255,91,129,68,255,90,128,67,255,89,127,67,255,89,127,67,255,89,128,67,255,90,128,67,255,90,128,67,255,92,130,68,255,88,125,65,255,86,124,65,255,90,128,68,255,90,128,68,255,88,125,65,255,85,123,64,255,90,128,67,255,91,128,68,255,90,128,67,255,88,125,65,255,90,128,67,255,90,128,67,255,91,129,68,255,86,124,65,255,87,124,65,255,88,125,65,255,86,124,65,255,92,129,68,255,86,124,65,255,88,125,66,255,87,124,65,255,88,125,65,255,86,124,65,255,87,124,65,255,86,124,65,255,86,124,65,255,86,124,65,255,88,125,65,255,88,125,65,255,88,125,65,255,85,124,65,255,91,128,68,255,93,130,69,255,91,128,68,255,91,129,68,255,91,129,68,255,91,129,68,255,92,129,68,255,88,125,65,255,89,125,66,255,88,125,65,255,88,125,66,255,88,125,66,255,88,125,65,255,89,125,66,255,87,124,65,255,84,123,64,255,91,128,68,255,86,124,65,255,88,125,66,255,86,124,65,255,87,124,65,255,87,124,65,255,86,124,65,255,86,124,65,255,88,125,65,255,88,125,66,255,88,125,65,255,86,124,65,255,88,125,65,255,86,124,65,255,86,124,65,255,88,125,65,255,86,123,65,255,86,124,65,255,86,124,65,255,87,125,65,255,86,124,65,255,85,123,64,255,92,129,68,255,85,123,64,255,81,119,61,255,91,129,68,255,91,129,68,255,87,125,65,255,92,129,68,255,90,128,67,255,91,128,68,255,90,128,68,255,91,129,68,255,90,128,67,255,91,129,68,255,90,128,67,255,92,129,68,255,90,128,67,255,91,129,68,255,91,129,68,255,91,129,68,255,90,128,67,255,90,128,67,255,89,128,67,255,89,128,67,255,90,128,68,255,89,127,67,255,89,127,67,255,91,129,68,255,91,129,68,255,91,129,68,255,90,128,68,255,89,127,67,255,89,127,67,255,89,128,67,255,91,129,68,255,90,128,68,255,89,127,67,255,89,127,67,255,90,128,68,255,89,128,67,255,89,128,67,255,90,128,68,255,91,129,68,255,90,128,68,255,89,127,67,255,85,127,68,255,90,128,67,255,90,128,67,255,89,127,67,255,77,123,66,255,90,129,68,255,90,129,68,255,90,128,68,255,68,116,63,255,90,128,67,255,90,128,68,255,89,127,67,255,69,117,63,255,73,119,65,255,98,133,70,255,97,132,70,255,98,133,70,255,73,118,65,255,97,132,70,255,98,133,70,255,97,132,70,255,74,119,65,255,99,133,71,255,98,133,70,255,96,132,69,255,74,119,65,255,99,134,71,255,97,132,70,255,98,133,70,255,96,131,69,255,97,133,70,255,97,133,70,255,96,132,69,255,96,132,69,255,98,133,70,255,97,133,70,255,94,130,69,255,98,133,70,255,96,132,69,255,96,131,69,255,97,132,70,255,96,132,69,255,89,126,66,255,96,132,69,255,99,133,70,255,91,126,66,255,90,126,66,255,96,132,69,255,96,132,70,255,92,127,67,255,97,132,69,255,94,130,69,255,94,130,69,255,92,127,67,255,92,127,67,255,96,132,70,255,96,132,70,255,92,127,67,255,92,128,67,255,96,132,69,255,96,132,70,255,94,130,69,255,95,131,69,255,95,132,69,255,96,132,70,255,96,132,70,255,94,130,69,255,94,130,69,255,94,130,69,255,94,131,69,255,93,130,69,255,96,132,70,255,95,131,69,255,96,132,69,255,95,131,69,255,93,130,69,255,94,130,69,255,94,130,69,255,94,130,69,255,101,136,72,255,94,131,69,255,96,132,70,255,94,130,69,255,96,132,70,255,96,132,69,255,96,132,70,255,96,132,70,255,95,132,69,255,94,130,69,255,94,130,69,255,94,131,69,255,96,132,70,255,94,130,69,255,94,130,69,255,96,132,70,255,95,132,69,255,94,130,69,255,96,132,70,255,94,130,69,255,96,132,70,255,88,125,65,255,94,130,69,255,94,131,69,255,96,132,70,255,95,131,69,255,94,130,69,255,96,132,69,255,96,132,70,255,96,132,69,255,96,132,70,255,96,132,70,255,95,131,69,255,94,130,69,255,94,130,69,255,95,131,69,255,95,131,69,255,96,132,70,255,96,132,70,255,94,131,69,255,95,131,69,255,96,132,70,255,90,127,66,255,94,130,69,255,96,132,69,255,90,126,66,255,94,130,69,255,96,132,70,255,96,132,70,255,93,130,69,255,96,132,69,255,95,131,69,255,96,132,70,255,95,131,69,255,94,130,69,255,97,133,70,255,95,131,69,255,95,131,69,255,84,121,63,255,91,127,67,255,91,127,66,255,92,127,67,255,88,125,65,255,96,132,70,255,96,132,70,255,94,131,69,255,95,132,69,255,96,132,69,255,96,132,70,255,94,130,69,255,94,130,69,255,96,132,70,255,96,132,70,255,102,137,73,255,96,132,70,255,102,137,73,255,96,132,70,255,95,131,69,255,89,126,66,255,94,131,69,255,93,130,69,255,95,132,69,255,94,131,69,255,87,125,65,255,95,131,69,255,94,130,69,255,94,130,69,255,94,131,69,255,94,130,69,255,94,131,69,255,94,130,69,255,96,132,70,255,93,130,69,255,96,132,69,255,96,132,70,255,95,132,69,255,94,130,69,255,94,131,69,255,94,130,69,255,93,130,69,255,95,132,69,255,95,132,69,255,94,130,69,255,93,130,69,255,95,131,69,255,100,136,72,255,94,131,69,255,93,130,69,255,94,130,69,255,93,130,69,255,101,136,73,255,94,131,69,255,88,125,65,255,94,130,69,255,95,132,69,255,95,132,69,255,93,130,69,255,94,131,69,255,94,130,69,255,94,131,69,255,95,131,69,255,94,131,69,255,93,130,69,255,93,130,69,255,94,130,69,255,94,130,69,255,93,130,69,255,93,130,69,255,94,130,69,255,94,131,69,255,93,130,69,255,95,132,69,255,94,130,69,255,95,132,69,255,95,131,69,255,94,130,69,255,94,131,69,255,94,130,69,255,94,131,69,255,94,131,69,255,95,132,69,255,94,130,69,255,93,130,69,255,93,130,69,255,94,130,68,255,100,135,72,255,95,132,69,255,93,130,69,255,93,130,69,255,93,130,69,255,93,130,69,255,93,130,69,255,93,130,69,255,93,129,68,255,95,131,69,255,94,130,69,255,93,129,68,255,93,130,69,255,94,130,69,255,95,132,69,255,94,130,69,255,94,130,69,255,94,130,69,255,94,131,69,255,94,130,69,255,93,130,69,255,93,130,69,255,94,131,69,255,95,132,69,255,94,131,69,255,95,132,69,255,93,130,69,255,94,130,69,255,94,131,69,255,93,130,69,255,93,129,68,255,93,130,69,255,94,131,69,255,93,130,69,255,94,130,69,255,93,130,69,255,94,131,69,255,94,130,69,255,93,130,69,255,100,136,72,255,93,130,68,255,94,130,69,255,93,130,69,255,92,129,68,255,88,125,66,255,93,130,69,255,92,129,68,255,91,129,68,255,93,130,69,255,93,130,69,255,93,130,69,255,93,130,69,255,93,130,69,255,100,136,72,255,92,129,68,255,93,130,69,255,93,130,69,255,92,129,68,255,92,129,68,255,93,130,69,255,91,129,68,255,93,130,69,255,91,129,68,255,91,129,68,255,93,130,69,255,92,129,68,255,92,129,68,255,93,130,69,255,91,129,68,255,91,128,68,255,91,129,68,255,92,129,68,255,86,124,65,255,93,130,69,255,91,129,68,255,90,128,68,255,86,124,65,255,91,128,68,255,88,125,65,255,87,124,65,255,88,125,65,255,88,125,65,255,86,123,65,255,87,124,65,255,92,129,68,255,87,125,65,255,86,124,65,255,90,128,67,255,91,128,68,255,87,124,65,255,90,128,68,255,90,128,67,255,89,127,67,255,90,128,67,255,89,128,67,255,91,128,68,255,90,128,68,255,91,129,68,255,91,129,68,255,90,128,68,255,90,128,67,255,91,129,68,255,89,128,67,255,90,128,67,255,91,129,68,255,91,129,68,255,89,128,67,255,83,123,64,255,90,128,68,255,91,129,68,255,90,128,67,255,90,128,68,255,90,128,68,255,84,123,64,255,91,129,68,255,90,128,68,255,89,127,67,255,89,127,67,255,90,128,68,255,88,127,67,255,90,128,68,255,89,127,67,255,89,127,67,255,89,128,67,255,90,128,68,255,89,127,67,255,90,129,68,255,89,127,67,255,91,129,68,255,90,128,68,255,89,128,67,255,89,128,67,255,90,128,68,255,89,128,67,255,89,127,67,255,89,128,67,255,90,128,68,255,90,128,68,255,90,128,68,255,89,128,67,255,89,128,67,255,91,129,68,255,90,128,68,255,90,128,68,255,90,128,67,255,90,128,68,255,90,129,68,255,84,123,64,255,89,128,67,255,89,128,67,255,89,128,67,255,91,129,68,255,90,128,68,255,89,128,67,255,90,128,68,255,90,129,68,255,90,128,68,255,91,129,68,255,90,128,67,255,87,124,65,255,88,125,65,255,89,127,67,255,91,129,68,255,92,129,68,255,88,125,65,255,90,128,68,255,90,128,68,255,92,129,68,255,86,124,65,255,91,129,68,255,89,128,67,255,91,128,68,255,90,128,68,255,87,124,65,255,91,129,68,255,92,129,68,255,92,129,68,255,88,125,65,255,85,124,65,255,92,130,69,255,91,129,68,255,86,123,65,255,88,125,65,255,92,129,68,255,93,130,69,255,85,123,64,255,80,118,61,255,92,129,68,255,92,130,69,255,93,130,69,255,93,130,69,255,94,131,69,255,93,130,69,255,91,129,68,255,93,130,69,255,93,130,69,255,88,125,65,255,92,129,68,255,85,124,65,255,93,130,69,255,93,130,69,255,93,130,69,255,91,129,68,255,92,129,68,255,93,130,69,255,93,130,69,255,94,130,69,255,101,137,73,255,94,130,69,255,86,124,65,255,94,131,69,255,95,132,69,255,93,130,69,255,93,130,69,255,94,131,69,255,94,130,69,255,94,131,69,255,93,130,69,255,93,130,69,255,94,130,69,255,95,132,69,255,100,136,72,255,93,130,69,255,99,135,72,255,94,131,69,255,93,130,69,255,93,129,68,255,93,130,69,255,93,130,69,255,93,130,69,255,93,129,68,255,94,130,69,255,93,130,69,255,93,129,68,255,94,130,69,255,93,130,69,255,93,130,69,255,92,129,68,255,93,130,69,255,95,131,69,255,95,132,69,255,95,132,69,255,94,131,69,255,95,132,69,255,92,129,68,255,95,132,69,255,93,129,68,255,100,136,72,255,94,131,69,255,94,131,69,255,94,131,69,255,93,129,68,255,93,130,69,255],"diagnostics":{"requested":107,"queued":null,"dispatched":15,"completed":15,"published":14,"latestPublications":4,"intermediatePublications":10,"staleDiscarded":1,"discarded":1,"coalesced":92,"failures":0,"resets":0,"workerStarts":1,"retries":0,"snapshots":15,"maxQueued":1,"maxInFlight":1,"latestRequestedGeneration":107,"latestPublishedGeneration":107,"latestRasterGeneration":107,"completedWorkerEpoch":0,"completedRasterRevision":15,"publishedWorkerEpoch":0,"publishedRasterRevision":15,"installedWorkerEpoch":0,"installedRasterRevision":15,"uploadSkippedSameRevision":0,"validRaster":true,"emergencyMode":false,"requestMs":0.6000000238418579,"publishMs":45.499999940395355,"maxRequestMs":0.10000002384185791,"maxPublishMs":6.199999988079071,"lastWorkerMs":88,"maxWorkerMs":414.19999998807907,"requestSamplesMs":[0,0.10000002384185791,0,0,0.10000002384185791,0,0,0,0,0,0.10000002384185791,0,0,0,0,0,0,0,0,0,0,0,0,0,0,0,0,0,0,0,0,0,0,0,0,0,0,0,0,0,0,0,0,0,0,0,0,0,0,0,0,0,0,0,0,0,0,0,0,0,0,0,0,0,0,0,0,0,0,0,0,0,0,0,0,0,0,0.09999996423721313,0,0,0,0,0,0,0,0,0,0,0,0,0,0,0,0,0,0,0.10000002384185791,0,0,0.09999996423721313,0,0,0,0,0,0,0,0,0,0],"publishSamplesMs":[6.199999988079071,2.5,2.699999988079071,5.199999988079071,2.399999976158142,2.600000023841858,4.800000011920929,3,2.399999976158142,2.5,2,3.199999988079071,3.800000011920929,2.199999988079071,2.600000023841858,2.5,2.600000023841858],"fallback":"none","failure":null,"generation":107,"inFlight":null,"epoch":0,"stopped":false},"validPublications":1},"active":{"generation":108,"pixel":[56,90,49,255,74,101,53,255,75,101,54,255,74,101,53,255,57,91,49,255,75,101,54,255,75,101,54,255,69,97,51,255,56,90,49,255,75,101,54,255,74,101,53,255,75,101,54,255,56,90,49,255,69,97,51,255,74,101,53,255,79,105,55,255,74,101,53,255,74,101,53,255,73,100,53,255,74,101,53,255,74,100,53,255,74,101,53,255,74,101,53,255,74,101,53,255,73,100,53,255,73,100,53,255,72,99,53,255,74,101,53,255,74,100,53,255,73,100,53,255,73,100,53,255,72,99,53,255,69,96,50,255,68,95,50,255,69,96,51,255,72,99,53,255,69,96,50,255,68,95,50,255,68,95,50,255,73,100,53,255,70,96,51,255,68,95,50,255,70,97,51,255,72,100,53,255,68,95,50,255,70,97,51,255,68,95,50,255,71,99,52,255,66,95,49,255,73,100,53,255,72,100,53,255,72,99,52,255,72,99,52,255,73,100,53,255,72,100,53,255,72,99,53,255,72,99,53,255,71,99,52,255,72,99,53,255,71,99,52,255,71,99,52,255,72,99,53,255,71,99,52,255,72,99,53,255,72,99,52,255,73,100,53,255,73,100,53,255,72,100,53,255,71,99,52,255,72,99,53,255,71,99,52,255,73,100,53,255,71,99,52,255,72,99,53,255,71,99,52,255,72,100,53,255,72,99,53,255,72,100,53,255,72,99,53,255,71,99,52,255,71,99,52,255,71,99,52,255,72,100,53,255,72,100,53,255,72,100,53,255,72,99,53,255,71,99,52,255,72,100,53,255,72,99,53,255,71,99,52,255,72,100,53,255,71,99,52,255,71,99,52,255,72,100,53,255,72,99,53,255,72,99,53,255,72,99,53,255,71,99,52,255,72,100,53,255,71,99,52,255,72,99,53,255,77,104,55,255,72,99,53,255,71,99,52,255,72,99,53,255,72,99,53,255,72,99,53,255,72,99,53,255,72,100,53,255,71,99,52,255,72,99,53,255,72,100,53,255,71,99,52,255,72,100,53,255,71,99,52,255,72,99,53,255,72,99,53,255,71,99,52,255,71,99,52,255,67,95,50,255,71,99,52,255,71,99,52,255,72,99,53,255,71,99,52,255,72,100,53,255,71,99,52,255,72,99,53,255,70,98,52,255,72,99,53,255,71,99,52,255,70,98,52,255,71,99,52,255,71,99,52,255,72,100,53,255,71,99,52,255,71,99,52,255,71,99,52,255,72,99,53,255,66,95,49,255,70,98,52,255,72,99,53,255,70,98,52,255,72,100,53,255,71,99,52,255,70,99,52,255,71,99,52,255,71,99,52,255,70,98,52,255,71,99,53,255,70,98,52,255,70,98,52,255,65,94,49,255,70,98,52,255,70,99,52,255,77,104,55,255,76,103,54,255,72,100,53,255,72,99,53,255,71,99,52,255,70,98,52,255,71,99,53,255,70,98,52,255,71,99,52,255,70,99,52,255,75,103,54,255,71,99,52,255,71,99,52,255,70,98,52,255,72,99,53,255,72,99,53,255,71,99,52,255,72,99,53,255,71,99,53,255,71,99,52,255,71,99,52,255,77,104,55,255,75,103,54,255,71,99,52,255,70,98,52,255,72,99,53,255,71,99,53,255,71,99,53,255,70,98,52,255,70,99,52,255,71,99,52,255,70,99,52,255,70,98,52,255,72,99,53,255,72,99,53,255,72,99,53,255,70,99,52,255,70,98,52,255,71,99,52,255,72,99,53,255,70,98,52,255,70,99,52,255,76,103,55,255,71,99,53,255,77,104,55,255,70,98,52,255,72,99,53,255,70,98,52,255,72,99,53,255,71,99,52,255,70,99,52,255,70,98,52,255,77,104,55,255,71,99,52,255,72,99,53,255,71,99,52,255,71,99,52,255,71,99,52,255,70,98,52,255,71,99,52,255,70,98,52,255,70,99,52,255,76,103,55,255,72,99,53,255,72,100,53,255,72,99,53,255,76,103,55,255,71,99,52,255,71,99,52,255,72,99,53,255,72,100,53,255,70,98,52,255,71,99,52,255,70,98,52,255,72,99,53,255,71,99,52,255,71,99,52,255,70,99,52,255,72,99,53,255,71,99,52,255,71,99,52,255,71,99,53,255,70,98,52,255,72,100,53,255,72,100,52,255,72,99,53,255,72,99,53,255,71,99,52,255,70,99,52,255,70,98,52,255,71,99,52,255,72,99,53,255,71,99,52,255,76,103,54,255,71,99,52,255,70,98,52,255,72,99,53,255,72,100,53,255,70,99,52,255,70,99,52,255,70,98,52,255,66,95,49,255,72,99,53,255,72,99,53,255,72,99,53,255,70,98,52,255,76,103,55,255,72,100,52,255,70,98,52,255,72,99,53,255,71,99,53,255,71,99,52,255,70,98,52,255,70,98,52,255,71,99,52,255,71,99,52,255,70,99,52,255,72,99,53,255,71,99,52,255,71,99,53,255,70,98,52,255,70,98,52,255,70,98,52,255,70,99,52,255,70,98,52,255,70,98,52,255,71,99,52,255,70,98,52,255,71,99,52,255,70,99,52,255,70,99,52,255,70,98,52,255,70,98,52,255,71,99,53,255,71,99,52,255,70,99,52,255,69,98,52,255,69,98,52,255,71,99,52,255,70,99,52,255,70,99,52,255,66,95,49,255,71,99,52,255,69,98,51,255,70,98,52,255,70,99,52,255,71,99,52,255,69,98,51,255,70,99,52,255,70,99,52,255,70,99,52,255,70,98,52,255,70,99,52,255,64,94,49,255,71,99,52,255,71,99,52,255,70,99,52,255,69,98,51,255,69,98,51,255,71,99,52,255,66,95,49,255,69,98,51,255,70,99,52,255,70,99,52,255,71,99,52,255,70,99,52,255,69,97,51,255,70,98,52,255,70,99,52,255,69,97,51,255,70,99,52,255,70,98,52,255,71,99,52,255,70,98,52,255,70,98,52,255,70,99,52,255,70,98,52,255,69,98,51,255,71,99,52,255,70,98,52,255,69,98,51,255,70,99,52,255,70,98,52,255,70,99,52,255,70,99,52,255,70,99,52,255,70,99,52,255,71,99,52,255,69,98,51,255,69,97,51,255,70,98,52,255,69,98,52,255,69,97,51,255,70,99,52,255,70,99,52,255,70,99,52,255,70,98,52,255,69,98,51,255,69,97,51,255,70,99,52,255,70,98,52,255,65,94,49,255,70,99,52,255,70,99,52,255,70,98,52,255,70,98,52,255,69,98,51,255,70,99,52,255,71,99,52,255,69,98,51,255,70,98,52,255,70,99,52,255,69,98,52,255,70,98,52,255,70,98,52,255,70,98,52,255,70,99,52,255,69,97,51,255,70,98,52,255,70,99,52,255,70,99,52,255,69,98,51,255,70,99,52,255,70,99,52,255,70,98,52,255,69,98,51,255,70,98,52,255,70,98,52,255,70,98,52,255,70,98,52,255,70,99,52,255,71,99,52,255,69,97,51,255,70,99,52,255,70,98,52,255,69,98,51,255,69,97,51,255,71,99,52,255,70,98,52,255,70,99,52,255,69,98,51,255,70,99,52,255,70,98,52,255,70,99,52,255,69,98,52,255,69,98,51,255,70,99,52,255,70,99,52,255,70,98,52,255,70,99,52,255,65,94,49,255,70,99,52,255,70,98,52,255,70,98,52,255,69,98,51,255,70,98,52,255,70,98,52,255,70,98,52,255,69,98,51,255,70,98,52,255,71,99,52,255,71,99,52,255,70,98,52,255,70,98,52,255,70,99,52,255,69,98,51,255,71,99,52,255,69,98,52,255,70,99,52,255,69,98,51,255,70,98,52,255,70,98,52,255,69,98,51,255,69,98,52,255,70,98,52,255,70,98,52,255,71,99,52,255,70,98,52,255,70,99,52,255,71,99,52,255,70,98,52,255,70,98,52,255,70,98,52,255,71,99,52,255,71,99,53,255,69,98,52,255,71,99,53,255,69,98,51,255,70,98,52,255,70,98,52,255,70,99,52,255,71,99,52,255,70,99,52,255,70,98,52,255,70,99,52,255,70,99,52,255,70,98,52,255,71,99,52,255,71,99,52,255,70,98,52,255,71,99,52,255,70,98,52,255,70,99,52,255,71,99,52,255,71,99,53,255,71,99,52,255,70,99,52,255,70,98,52,255,70,98,52,255,71,99,52,255,71,99,52,255,71,99,53,255,70,98,52,255,70,98,52,255,71,99,52,255,71,99,52,255,71,99,53,255,72,99,53,255,71,99,52,255,70,98,52,255,70,99,52,255,71,99,52,255,71,99,53,255,70,99,52,255,70,98,52,255,70,99,52,255,70,98,52,255,72,99,53,255,72,99,53,255,72,99,53,255,70,99,52,255,71,99,52,255,71,99,52,255,70,99,52,255,71,99,52,255,72,99,53,255,71,99,52,255,70,98,52,255,71,99,53,255,70,99,52,255,72,99,53,255,70,99,52,255,70,98,52,255,72,99,53,255,71,99,52,255,71,99,52,255,72,99,53,255,71,99,52,255,71,99,52,255,71,99,52,255,70,98,52,255,70,98,52,255,72,99,53,255,71,99,52,255,72,100,53,255,71,99,52,255,71,99,52,255,72,100,53,255,72,100,53,255,73,100,53,255,72,99,53,255,72,100,53,255,70,99,52,255,72,99,53,255,71,99,52,255,71,99,52,255,72,99,53,255,71,99,52,255,72,99,53,255,78,104,55,255,72,100,53,255,72,100,53,255,72,99,53,255,71,99,52,255,72,100,53,255,71,99,52,255,72,100,53,255,72,99,53,255,73,100,53,255,76,103,55,255,72,99,52,255,73,100,53,255,76,103,55,255,71,99,52,255,71,99,52,255,72,99,53,255,72,99,53,255,71,99,52,255,73,100,53,255,73,100,53,255,72,100,53,255,71,99,52,255,73,100,53,255,69,96,50,255,71,99,52,255,71,99,52,255,72,99,53,255,69,96,50,255,72,99,53,255,71,99,52,255,72,99,53,255,72,100,53,255,72,100,53,255,73,100,53,255,72,100,53,255,68,96,50,255,68,95,50,255,69,96,50,255,69,96,50,255,70,97,51,255,68,95,50,255,70,96,51,255,74,100,53,255,68,95,50,255,68,95,50,255,68,95,50,255,69,96,51,255,69,96,50,255,72,100,53,255,69,96,50,255,68,95,50,255,69,96,50,255,70,97,51,255,70,97,51,255,69,96,50,255,70,97,51,255,70,97,51,255,69,96,50,255,70,96,51,255,70,97,51,255,69,96,50,255,69,96,50,255,68,95,50,255,69,96,50,255,70,97,51,255,74,101,53,255,70,97,51,255,69,96,50,255,70,96,51,255,68,95,50,255,70,97,51,255,72,99,53,255,69,96,50,255,70,97,51,255,65,93,48,255,73,100,53,255,70,97,51,255,69,96,50,255,64,92,47,255,69,96,50,255,69,96,50,255,69,96,50,255,70,97,51,255,69,96,50,255,73,100,53,255,72,100,53,255,73,100,53,255,73,100,53,255,72,99,53,255,72,99,53,255,73,100,53,255,74,101,53,255,73,100,53,255,73,100,53,255,79,105,56,255,72,99,53,255,69,96,50,255,78,104,55,255,72,99,53,255,73,100,53,255,74,101,53,255,72,99,53,255,72,99,53,255,72,99,53,255,73,100,53,255,72,99,53,255,72,100,53,255,73,100,53,255,72,99,53,255,74,101,53,255,73,100,53,255,69,95,50,255,72,100,53,255,73,100,53,255,73,100,53,255,69,96,50,255,69,96,50,255,66,93,48,255,69,96,50,255,69,96,50,255,68,95,50,255,69,96,50,255,74,101,53,255,69,96,50,255,70,97,51,255,70,97,51,255,69,96,50,255,69,96,50,255,69,96,50,255,69,96,50,255,68,95,50,255,70,97,51,255,73,100,53,255,72,99,53,255,71,99,52,255,71,99,52,255,72,99,53,255,72,100,53,255,72,100,53,255,72,99,53,255,73,100,53,255,72,99,53,255,72,100,53,255,72,100,53,255,72,100,53,255,71,99,52,255,72,99,53,255,71,99,52,255,71,99,52,255,71,99,52,255,71,99,52,255,71,99,53,255,72,100,53,255,71,99,52,255,75,103,54,255,70,98,52,255,70,98,52,255,72,99,53,255,72,99,53,255,72,99,53,255,72,100,53,255,71,99,53,255,76,103,54,255,70,99,52,255,70,98,52,255,71,99,52,255,71,99,52,255,70,99,52,255,70,99,52,255,70,98,52,255,70,99,52,255,69,98,52,255,70,98,52,255,71,99,52,255,70,98,52,255,70,98,52,255,71,99,53,255,71,99,52,255,69,98,51,255,70,99,52,255,70,98,52,255,69,98,51,255,67,95,49,255,61,90,46,255,69,97,51,255,70,99,52,255,65,94,49,255,66,94,49,255,70,98,52,255,69,98,52,255,66,94,49,255,66,95,49,255,69,97,51,255,70,98,52,255,66,94,49,255,66,94,49,255,66,95,49,255,66,94,49,255,65,94,49,255,67,95,49,255,67,95,50,255,66,95,49,255,67,95,50,255,66,94,49,255,66,95,49,255,65,94,49,255,67,95,49,255,60,90,46,255,66,94,49,255,66,94,49,255,66,95,49,255,65,93,49,255,65,94,49,255,67,95,50,255,65,93,49,255,66,95,49,255,66,94,49,255,66,95,49,255,66,94,49,255,66,95,49,255,62,90,47,255,66,95,49,255,62,91,47,255,67,95,50,255,66,95,49,255,66,94,49,255,66,94,49,255,66,94,49,255,65,93,49,255,66,95,49,255,66,95,49,255,66,94,49,255,65,94,49,255,66,94,49,255,66,94,49,255,65,94,49,255,65,93,49,255,67,95,49,255,66,95,49,255,66,94,49,255,66,94,49,255,66,94,49,255,65,94,49,255,67,95,50,255,66,94,49,255,66,94,49,255,67,95,49,255,70,99,52,255,66,94,49,255,66,94,49,255,65,93,49,255,70,98,52,255,67,95,49,255,65,94,49,255,67,95,50,255,66,95,49,255,65,94,49,255,66,94,49,255,65,94,49,255,67,95,50,255,70,99,52,255,70,99,52,255,69,97,51,255,70,98,52,255,70,98,52,255,68,97,51,255,70,99,52,255,70,99,52,255,70,99,52,255,68,97,51,255,70,99,52,255,70,98,52,255,67,95,49,255,67,95,49,255,68,97,51,255,69,97,51,255,69,97,51,255,70,98,52,255,69,97,51,255,70,99,52,255,69,98,51,255,69,98,51,255,70,99,52,255,69,98,51,255,69,98,52,255,69,97,51,255,69,98,51,255,70,99,52,255,69,98,52,255,70,98,52,255,70,99,52,255,69,98,52,255,70,99,52,255,69,97,51,255,69,97,51,255,70,99,52,255,70,98,52,255,70,99,52,255,70,98,52,255,69,98,52,255,70,99,52,255,70,99,52,255,70,98,52,255,69,98,52,255,69,98,52,255,70,99,52,255,69,97,51,255,70,99,52,255,70,99,52,255,69,97,51,255,69,97,51,255,69,98,52,255,69,98,52,255,69,98,51,255,70,98,52,255,70,98,52,255,70,99,52,255,69,98,51,255,70,98,52,255,70,99,52,255,70,98,52,255,68,97,51,255,69,98,52,255,70,98,52,255,69,97,51,255,68,97,51,255,69,97,51,255,65,94,49,255,70,98,52,255,69,98,51,255,70,99,52,255,67,95,50,255,70,98,52,255,70,98,52,255,67,95,50,255,67,95,49,255,67,95,49,255,66,95,49,255,67,95,50,255,66,94,49,255,67,95,50,255,67,95,49,255,66,94,49,255,66,95,49,255,66,95,49,255,65,93,49,255,66,95,49,255,66,95,49,255,66,95,49,255,66,94,49,255,65,94,49,255,66,94,49,255,66,95,49,255,66,94,49,255,66,94,49,255,66,95,49,255,65,94,49,255,65,94,49,255,66,94,49,255,65,93,49,255,66,95,49,255,66,94,49,255,66,94,49,255,65,93,49,255,66,94,49,255,66,94,49,255,66,95,49,255,66,95,49,255,65,94,49,255,66,95,49,255,66,95,49,255,66,95,49,255,67,95,49,255,68,97,51,255,69,98,51,255,68,97,51,255,65,94,49,255,69,97,51,255,69,98,51,255,68,97,51,255,66,94,49,255,70,98,52,255,70,98,52,255,68,97,51,255,69,97,51,255,68,97,51,255,69,98,52,255,68,97,51,255,68,97,51,255,68,97,51,255,68,97,51,255,68,97,51,255,69,98,52,255,69,98,52,255,68,97,51,255,69,98,52,255,69,98,52,255,69,98,51,255,69,98,52,255,68,97,51,255,68,97,51,255,68,97,51,255,69,98,52,255,64,94,49,255,69,98,52,255,67,97,51,255,68,97,51,255,69,98,52,255,68,97,51,255,68,97,51,255,69,98,52,255,68,97,51,255,68,97,51,255,68,97,51,255,68,97,51,255,67,97,51,255,69,98,52,255,69,98,51,255,68,97,51,255,67,96,51,255,68,98,51,255,69,98,51,255,68,97,51,255,67,97,51,255,67,97,51,255,68,97,51,255,68,97,51,255,68,97,51,255,68,97,51,255,68,97,51,255,68,97,51,255,67,96,51,255,67,97,51,255,69,98,51,255,67,96,51,255,67,96,51,255,68,97,51,255,68,97,51,255,66,96,51,255,66,96,51,255,68,98,51,255,68,97,51,255,68,97,51,255,67,97,51,255,68,97,51,255,68,97,51,255,67,96,51,255,67,97,51,255,67,96,51,255,68,97,51,255,66,96,51,255,67,96,51,255,67,97,51,255,66,96,51,255,67,97,51,255,68,97,51,255,68,97,51,255,67,96,51,255,67,97,51,255,68,97,51,255,68,97,51,255,68,97,51,255,67,96,51,255,66,96,51,255,67,97,51,255,68,97,51,255,68,97,51,255,68,97,51,255,68,97,51,255,67,97,51,255,66,96,51,255,68,97,51,255,66,96,51,255,66,96,51,255,67,97,51,255,66,96,51,255,67,97,51,255,67,97,51,255,67,97,51,255,67,97,51,255,67,96,51,255,68,97,51,255,66,96,51,255,68,97,51,255,68,97,51,255,68,97,51,255,67,97,51,255,66,96,51,255,67,97,51,255,66,96,51,255,66,96,51,255,68,97,51,255,67,97,51,255,66,96,51,255,67,97,51,255,68,97,51,255,66,96,50,255,67,97,51,255,66,96,51,255,67,97,51,255,66,96,51,255,67,97,51,255,67,97,51,255,67,97,51,255,68,97,51,255,67,97,51,255,66,96,51,255,67,97,51,255,62,92,48,255,67,97,51,255,67,97,51,255,68,97,51,255,68,97,51,255,67,97,51,255,68,97,51,255,68,97,51,255,68,97,51,255,62,92,48,255,68,97,51,255,68,97,51,255,68,97,51,255,67,97,51,255,68,97,51,255,68,97,51,255,67,97,51,255,68,97,51,255,68,97,51,255,68,97,51,255,67,97,51,255,67,97,51,255,67,97,51,255,69,98,52,255,68,97,51,255,68,97,51,255,70,98,52,255,68,97,51,255,68,97,51,255,69,98,52,255,68,97,51,255,69,98,52,255,69,98,52,255,68,97,51,255,68,97,51,255,69,98,51,255,67,97,51,255,69,98,51,255,68,97,51,255,69,98,51,255,69,98,52,255,67,95,50,255,67,95,50,255,65,94,49,255,68,97,51,255,66,95,49,255,65,93,49,255,66,94,49,255,70,99,52,255,66,94,49,255,66,94,49,255,66,94,49,255,69,97,51,255,65,94,49,255,66,94,49,255,67,95,49,255,70,98,52,255,70,99,52,255,69,98,52,255,70,98,52,255,70,99,52,255,70,99,52,255,69,97,51,255,70,98,52,255,69,97,51,255,70,98,52,255,70,99,52,255,69,98,52,255,70,99,52,255,70,98,52,255,70,99,52,255,70,98,52,255,69,97,51,255,70,98,52,255,71,99,52,255,70,98,52,255,70,99,52,255,70,99,52,255,70,98,52,255,69,98,51,255,69,97,51,255,70,98,52,255,70,99,52,255,69,97,51,255,69,98,51,255,69,97,51,255,70,98,52,255,70,98,52,255,70,98,52,255,70,99,52,255,69,98,51,255,70,99,52,255,70,98,52,255,70,99,52,255,69,97,51,255,70,98,52,255,69,98,52,255,69,98,51,255,69,97,51,255,69,98,52,255,70,98,52,255,70,98,52,255,69,98,51,255,70,98,52,255,70,99,52,255,69,98,51,255,69,98,51,255,66,94,49,255,70,99,52,255,69,98,52,255,70,98,52,255,67,95,49,255,69,97,51,255,70,99,52,255,69,98,52,255,66,94,49,255,70,99,52,255,69,97,51,255,66,94,49,255,66,94,49,255,67,95,49,255,60,89,46,255,66,94,49,255,66,95,49,255,66,95,49,255,67,95,50,255,67,95,49,255,65,94,49,255,66,94,49,255,65,94,49,255,66,94,49,255,66,94,49,255,66,95,49,255,67,95,50,255,65,93,49,255,66,94,49,255,66,94,49,255,69,98,52,255,69,98,52,255,69,98,51,255,66,95,49,255,70,98,52,255,69,98,51,255,68,97,51,255,69,98,52,255,69,98,52,255,64,94,49,255,70,98,52,255,68,97,51,255,69,97,51,255,68,97,51,255,68,97,51,255,69,98,52,255,68,97,51,255,69,98,52,255,68,97,51,255,69,98,51,255,68,97,51,255,69,98,51,255,69,98,52,255,69,98,52,255,63,93,49,255,68,97,51,255,69,98,52,255,68,97,51,255,69,98,52,255,68,97,51,255,68,97,51,255,68,97,51,255,68,97,51,255,64,94,49,255,53,89,48,255,69,98,52,255,68,97,51,255,69,98,51,255,53,89,48,255,69,98,51,255,69,98,52,255,68,97,51,255,53,89,48,255,69,98,52,255,69,98,52,255,69,98,51,255,52,88,48,255,56,90,49,255,74,101,53,255,75,101,54,255,73,100,53,255,57,91,49,255,74,100,53,255,74,101,53,255,80,105,56,255,56,90,49,255,75,101,54,255,74,100,53,255,75,101,54,255,56,90,49,255,75,101,54,255,74,101,53,255,75,101,54,255,74,101,53,255,74,101,53,255,73,100,53,255,72,100,53,255,74,101,53,255,73,100,53,255,74,101,53,255,74,101,53,255,74,101,53,255,73,100,53,255,73,100,53,255,72,100,53,255,73,100,53,255,73,100,53,255,74,101,53,255,72,99,53,255,68,95,50,255,75,101,53,255,69,96,50,255,72,99,52,255,69,96,50,255,69,96,50,255,69,96,50,255,71,99,52,255,70,97,51,255,68,95,50,255,69,96,50,255,72,100,53,255,70,97,51,255,70,96,51,255,68,95,50,255,72,99,53,255,73,100,53,255,72,100,53,255,72,100,53,255,72,99,52,255,73,100,53,255,72,99,53,255,73,100,53,255,72,100,53,255,72,99,52,255,72,99,53,255,73,100,53,255,73,100,53,255,72,99,53,255,78,105,55,255,71,99,52,255,73,100,53,255,72,99,53,255,71,99,52,255,73,100,53,255,72,99,52,255,72,100,53,255,73,100,53,255,72,99,53,255,77,104,55,255,78,104,55,255,72,99,53,255,72,100,53,255,72,100,53,255,73,100,53,255,72,99,53,255,72,100,53,255,72,100,53,255,71,99,52,255,72,100,53,255,72,100,53,255,73,100,53,255,72,99,52,255,72,99,53,255,72,99,53,255,72,100,53,255,72,100,53,255,72,100,53,255,71,99,52,255,72,99,53,255,72,99,53,255,72,99,53,255,71,99,52,255,73,100,53,255,71,99,52,255,72,99,53,255,72,100,53,255,71,99,52,255,76,103,55,255,72,100,53,255,71,99,52,255,72,99,53,255,72,99,53,255,71,99,52,255,78,104,55,255,72,99,53,255,71,99,52,255,71,99,52,255,71,99,52,255,72,100,53,255,72,99,53,255,70,99,52,255,76,103,55,255,72,99,53,255,71,99,52,255,72,99,53,255,77,104,55,255,72,99,53,255,71,99,52,255,72,99,53,255,67,95,50,255,71,99,52,255,72,99,53,255,72,100,53,255,77,104,55,255,72,100,53,255,71,99,52,255,70,98,52,255,71,99,52,255,71,99,52,255,72,100,53,255,71,99,53,255,72,100,53,255,70,99,52,255,71,99,52,255,71,99,52,255,72,99,53,255,71,99,52,255,70,98,52,255,71,99,52,255,71,99,52,255,70,99,52,255,77,104,55,255,70,99,52,255,70,98,52,255,71,99,52,255,72,99,53,255,70,98,52,255,72,99,53,255,71,99,53,255,70,99,52,255,70,98,52,255,71,99,52,255,70,98,52,255,70,98,52,255,71,99,52,255,71,99,52,255,71,99,52,255,71,99,52,255,70,98,52,255,71,99,52,255,71,99,52,255,71,99,52,255,70,98,52,255,66,95,50,255,70,98,52,255,70,98,52,255,70,98,52,255,72,99,53,255,70,99,52,255,70,98,52,255,71,99,53,255,71,99,52,255,70,98,52,255,70,99,52,255,71,99,52,255,71,99,52,255,71,99,52,255,70,99,52,255,70,98,52,255,70,99,52,255,71,99,52,255,71,99,52,255,71,99,52,255,70,98,52,255,71,99,52,255,75,103,54,255,72,99,53,255,70,99,52,255,72,99,53,255,71,99,52,255,71,99,52,255,72,99,53,255,70,99,52,255,72,99,53,255,71,99,52,255,71,99,52,255,71,99,52,255,72,99,53,255,72,100,53,255,71,99,53,255,70,99,52,255,72,99,53,255,77,104,55,255,70,98,52,255,72,99,53,255,72,100,53,255,77,104,55,255,72,100,53,255,71,99,52,255,72,99,53,255,71,99,52,255,71,99,52,255,70,99,52,255,71,99,52,255,72,99,53,255,71,99,52,255,72,100,53,255,72,100,53,255,71,99,52,255,71,99,52,255,72,100,53,255,72,100,53,255,70,98,52,255,72,100,53,255,71,99,52,255,72,99,53,255,71,99,53,255,71,99,52,255,72,100,53,255,77,104,55,255,72,100,53,255,72,100,53,255,72,100,53,255,72,100,53,255,72,100,53,255,71,99,52,255,71,99,52,255,72,99,53,255,71,99,52,255,70,99,52,255,71,99,52,255,72,99,53,255,70,98,52,255,70,98,52,255,70,98,52,255,71,99,52,255,70,98,52,255,70,98,52,255,70,99,52,255,71,99,52,255,71,99,52,255,71,99,53,255,72,99,53,255,70,98,52,255,70,99,52,255,70,99,52,255,70,99,52,255,70,98,52,255,70,98,52,255,72,99,53,255,70,99,52,255,70,98,52,255,71,99,52,255,71,99,52,255,70,98,52,255,71,99,52,255,72,99,53,255,70,99,52,255,76,103,55,255,71,99,52,255,70,98,52,255,70,98,52,255,70,98,52,255,71,99,52,255,70,99,52,255,71,99,53,255,70,98,52,255,70,99,52,255,70,99,52,255,71,99,52,255,70,98,52,255,71,99,53,255,71,99,52,255,70,99,52,255,70,99,52,255,70,98,52,255,70,98,52,255,70,98,52,255,70,99,52,255,71,99,52,255,70,99,52,255,70,98,52,255,71,99,52,255,70,98,52,255,69,98,52,255,70,99,52,255,71,99,52,255,70,98,52,255,69,98,52,255,69,97,51,255,70,98,52,255,70,99,52,255,70,99,52,255,70,99,52,255,70,98,52,255,70,98,52,255,70,99,52,255,70,98,52,255,70,98,52,255,69,98,51,255,70,99,52,255,70,98,52,255,69,98,51,255,70,99,52,255,70,98,52,255,69,98,52,255,69,97,51,255,70,99,52,255,69,98,52,255,69,98,52,255,70,99,52,255,70,99,52,255,70,98,52,255,70,98,52,255,68,97,51,255,70,98,52,255,70,99,52,255,70,98,52,255,69,98,51,255,66,95,49,255,66,95,49,255,66,95,49,255,66,94,49,255,70,99,52,255,69,98,52,255,69,97,51,255,69,98,51,255,69,98,52,255,70,99,52,255,68,97,51,255,69,98,51,255,66,94,49,255,67,95,49,255,66,94,49,255,65,93,49,255,66,94,49,255,66,94,49,255,66,95,49,255,66,94,49,255,69,98,52,255,69,98,52,255,70,99,52,255,69,97,51,255,70,99,52,255,70,98,52,255,70,98,52,255,68,97,51,255,66,94,49,255,66,95,49,255,65,94,49,255,70,98,52,255,65,94,49,255,66,94,49,255,66,94,49,255,66,95,49,255,69,97,51,255,66,95,49,255,70,98,52,255,70,99,52,255,70,99,52,255,69,98,51,255,70,99,52,255,69,97,51,255,70,98,52,255,69,97,51,255,68,97,51,255,69,98,52,255,67,95,50,255,66,95,49,255,70,99,52,255,68,97,51,255,69,98,52,255,70,98,52,255,70,99,52,255,70,98,52,255,70,98,52,255,70,98,52,255,70,99,52,255,70,98,52,255,71,99,52,255,70,99,52,255,71,99,52,255,70,98,52,255,70,99,52,255,70,98,52,255,70,99,52,255,70,98,52,255,69,98,51,255,70,98,52,255,70,99,52,255,70,98,52,255,70,98,52,255,71,99,52,255,71,99,52,255,70,98,52,255,70,98,52,255,69,98,51,255,70,98,52,255,70,98,52,255,70,99,52,255,69,97,51,255,70,99,52,255,69,98,51,255,70,99,52,255,69,98,52,255,70,98,52,255,71,99,52,255,69,98,52,255,71,99,52,255,70,98,52,255,66,95,49,255,70,98,52,255,71,99,53,255,70,98,52,255,69,98,52,255,70,98,52,255,70,98,52,255,70,99,52,255,70,98,52,255,70,99,52,255,70,98,52,255,71,99,52,255,70,99,52,255,70,99,52,255,70,98,52,255,70,98,52,255,70,98,52,255,70,98,52,255,71,99,52,255,70,99,52,255,76,103,54,255,70,99,52,255,70,98,52,255,71,99,52,255,76,103,55,255,70,98,52,255,70,99,52,255,70,99,52,255,71,99,52,255,71,99,53,255,70,98,52,255,71,99,52,255,71,99,53,255,71,99,52,255,71,99,52,255,66,95,49,255,71,99,52,255,70,98,52,255,70,99,52,255,71,99,52,255,76,104,55,255,71,99,53,255,70,99,52,255,72,99,53,255,71,99,53,255,71,99,53,255,71,99,52,255,76,103,55,255,71,99,52,255,71,99,52,255,66,95,49,255,76,103,55,255,71,99,52,255,71,99,52,255,71,99,52,255,70,98,52,255,70,99,52,255,72,99,53,255,71,99,53,255,70,98,52,255,70,98,52,255,70,98,52,255,72,99,53,255,71,99,53,255,70,98,52,255,71,99,53,255,71,99,53,255,72,100,53,255,71,99,52,255,70,98,52,255,70,98,52,255,70,98,52,255,71,99,53,255,70,99,52,255,71,99,52,255,72,99,53,255,72,99,53,255,72,99,53,255,76,103,55,255,71,99,52,255,72,99,53,255,71,99,52,255,70,99,52,255,72,99,53,255,71,99,52,255,72,99,53,255,70,99,52,255,71,99,52,255,71,99,52,255,72,100,53,255,72,100,53,255,72,99,53,255,77,104,55,255,72,99,53,255,72,100,53,255,71,99,52,255,71,99,52,255,72,99,53,255,70,99,52,255,72,99,53,255,72,100,53,255,71,99,52,255,72,99,53,255,71,99,52,255,72,100,53,255,72,99,53,255,73,100,53,255,72,100,53,255,73,100,53,255,72,100,53,255,72,100,53,255,72,100,53,255,71,99,52,255,72,100,53,255,71,99,52,255,71,99,52,255,72,100,53,255,71,99,52,255,72,99,53,255,71,99,52,255,72,100,53,255,73,100,53,255,72,99,53,255,73,100,53,255,73,100,53,255,72,99,53,255,73,100,53,255,72,100,53,255,72,100,53,255,72,100,53,255,72,99,53,255,72,99,52,255,72,100,53,255,71,99,52,255,71,99,52,255,71,99,52,255,72,100,53,255,73,100,53,255,72,100,53,255,70,96,51,255,70,97,51,255,72,99,53,255,71,99,52,255,73,100,53,255,69,96,50,255,78,105,55,255,72,99,53,255,71,99,52,255,72,99,53,255,72,99,53,255,72,99,53,255,72,99,53,255,73,100,53,255,69,96,51,255,70,97,51,255,69,96,51,255,69,96,50,255,68,95,50,255,69,96,50,255,69,96,50,255,70,97,51,255,72,99,53,255,70,97,51,255,75,101,53,255,69,96,50,255,71,99,52,255,72,100,53,255,71,99,52,255,69,96,50,255,70,97,51,255,74,100,52,255,70,97,51,255,69,96,50,255,68,95,50,255,69,96,50,255,70,97,51,255,70,97,51,255,68,95,50,255,70,97,51,255,68,95,50,255,76,101,53,255,70,97,51,255,70,96,51,255,70,97,51,255,69,96,50,255,64,92,47,255,69,96,50,255,69,96,51,255,72,99,53,255,70,97,51,255,70,96,51,255,69,96,50,255,70,97,51,255,65,93,48,255,70,97,51,255,69,96,50,255,70,97,51,255,68,95,50,255,70,97,51,255,70,96,51,255,70,97,51,255,73,100,53,255,73,100,53,255,72,99,53,255,69,96,50,255,69,96,50,255,73,100,53,255,69,95,50,255,68,95,50,255,74,100,53,255,69,96,50,255,70,97,51,255,70,97,51,255,69,96,50,255,69,96,50,255,70,97,51,255,69,96,50,255,69,96,50,255,64,92,47,255,70,97,51,255,69,96,50,255,69,96,50,255,70,97,51,255,69,96,50,255,77,104,55,255,70,97,51,255,69,96,50,255,70,97,51,255,72,99,53,255,74,100,53,255,68,96,50,255,68,95,50,255,71,99,52,255,72,99,53,255,72,99,53,255,72,99,53,255,72,99,53,255,72,100,53,255,66,95,49,255,71,99,52,255,72,100,53,255,72,100,53,255,72,99,53,255,70,99,52,255,72,100,53,255,71,99,52,255,78,104,55,255,72,100,53,255,72,100,53,255,70,98,52,255,71,99,52,255,72,99,53,255,70,98,52,255,71,99,52,255,71,99,53,255,71,99,52,255,70,98,52,255,71,99,52,255,70,99,52,255,71,99,53,255,70,98,52,255,71,99,52,255,72,99,53,255,70,98,52,255,71,99,53,255,71,99,52,255,71,99,52,255,69,98,52,255,64,93,49,255,69,98,51,255,70,98,52,255,71,99,52,255,69,97,51,255,70,99,52,255,70,99,52,255,69,98,51,255,69,98,51,255,69,98,52,255,70,98,52,255,70,98,52,255,68,97,51,255,69,97,51,255,65,94,49,255,67,95,49,255,67,95,50,255,69,98,52,255,66,94,49,255,66,94,49,255,66,95,49,255,66,94,49,255,67,95,50,255,66,95,49,255,67,95,49,255,67,95,50,255,66,94,49,255,66,94,49,255,69,98,52,255,66,94,49,255,66,94,49,255,67,95,49,255,66,94,49,255,66,95,49,255,66,95,49,255,66,95,49,255,66,95,49,255,65,93,49,255,66,94,49,255,68,97,51,255,70,99,52,255,68,97,51,255,69,98,52,255,70,99,52,255,68,97,51,255,66,95,49,255,66,95,49,255,67,95,50,255,66,94,49,255,66,94,49,255,65,93,49,255,66,95,49,255,65,93,49,255,66,94,49,255,66,94,49,255,65,94,49,255,65,94,49,255,68,97,51,255,68,97,51,255,69,98,51,255,68,97,51,255,66,95,49,255,66,94,49,255,67,95,50,255,66,94,49,255,66,95,49,255,67,95,49,255,66,95,49,255,65,94,49,255,66,94,49,255,66,95,49,255,66,94,49,255,66,94,49,255,68,97,51,255,70,98,52,255,66,94,49,255,66,94,49,255,67,95,50,255,66,94,49,255,66,94,49,255,67,95,50,255,65,94,49,255,66,94,49,255,66,95,49,255,67,95,49,255,66,95,49,255,66,94,49,255,66,94,49,255,67,95,50,255,65,93,49,255,66,94,49,255,65,93,49,255,66,94,49,255,67,95,49,255,66,95,49,255,66,94,49,255,66,94,49,255,66,95,49,255,67,95,49,255,67,95,49,255,67,95,50,255,66,94,49,255,67,95,49,255,65,94,49,255,66,94,49,255,66,95,49,255,65,93,49,255,65,94,49,255,66,94,49,255,69,97,51,255,69,97,51,255,70,99,52,255,70,98,52,255,65,94,49,255,67,95,50,255,68,97,51,255,69,97,51,255,66,95,49,255,66,94,49,255,67,95,50,255,67,95,50,255,66,95,49,255,65,94,49,255,67,95,50,255,66,95,49,255,70,98,52,255,64,93,49,255,70,98,52,255,69,98,52,255,70,98,52,255,70,99,52,255,70,99,52,255,69,98,51,255,67,95,49,255,66,94,49,255,67,95,50,255,65,94,49,255,66,95,49,255,67,95,50,255,66,95,49,255,66,94,49,255,69,98,51,255,70,99,52,255,70,99,52,255,65,94,49,255,68,97,51,255,70,98,52,255,66,94,49,255,66,94,49,255,66,95,49,255,61,90,46,255,66,94,49,255,66,94,49,255,66,95,49,255,66,94,49,255,66,94,49,255,65,93,49,255,66,94,49,255,66,94,49,255,67,95,50,255,66,95,49,255,67,95,49,255,66,94,49,255,67,95,49,255,67,95,50,255,67,95,50,255,65,93,49,255,65,93,49,255,66,94,49,255,66,94,49,255,67,95,49,255,65,93,49,255,66,94,49,255,65,93,49,255,66,94,49,255,66,94,49,255,65,94,49,255,65,93,49,255,66,94,49,255,66,94,49,255,66,94,49,255,65,93,49,255,67,95,49,255,66,95,49,255,66,95,49,255,66,94,49,255,67,95,49,255,68,97,51,255,69,98,52,255,65,94,49,255,66,94,49,255,66,95,49,255,68,97,51,255,65,93,49,255,66,95,49,255,69,98,51,255,68,97,51,255,70,98,52,255,68,97,51,255,68,97,51,255,68,97,51,255,70,98,52,255,68,97,51,255,69,98,52,255,68,97,51,255,68,97,51,255,68,97,51,255,68,97,51,255,68,97,51,255,69,98,52,255,69,98,52,255,68,97,51,255,69,98,52,255,68,97,51,255,68,97,51,255,69,98,52,255,69,98,52,255,68,97,51,255,68,97,51,255,68,97,51,255,69,98,51,255,69,98,52,255,68,97,51,255,68,97,51,255,68,97,51,255,68,97,51,255,68,97,51,255,68,97,51,255,67,97,51,255,69,98,52,255,68,97,51,255,69,98,51,255,69,98,52,255,68,97,51,255,68,97,51,255,69,98,52,255,68,97,51,255,69,98,52,255,69,98,52,255,68,97,51,255,68,97,51,255,68,97,51,255,69,98,52,255,68,97,51,255,68,98,51,255,68,97,51,255,67,96,51,255,68,97,51,255,68,98,51,255,69,98,51,255,68,98,51,255,68,97,51,255,67,97,51,255,68,97,51,255,67,97,51,255,68,97,51,255,64,94,49,255,67,96,51,255,68,98,51,255,68,97,51,255,68,97,51,255,67,96,51,255,68,97,51,255,68,97,51,255,68,97,51,255,68,97,51,255,66,96,51,255,67,96,51,255,68,98,51,255,62,92,48,255,67,97,51,255,67,97,51,255,66,96,51,255,67,97,51,255,68,97,51,255,67,97,51,255,68,97,51,255,67,97,51,255,66,96,51,255,67,97,51,255,67,97,51,255,68,98,51,255,67,97,51,255,66,96,51,255,67,97,51,255,67,96,51,255,66,96,51,255,66,96,51,255,61,92,48,255,66,96,51,255,68,97,51,255,67,97,51,255,67,97,51,255,67,97,51,255,67,97,51,255,66,96,51,255,67,96,51,255,67,97,51,255,68,97,51,255,68,97,51,255,68,97,51,255,67,97,51,255,66,96,51,255,67,97,51,255,67,97,51,255,66,96,51,255,66,96,51,255,66,96,51,255,67,97,51,255,68,97,51,255,66,96,51,255,67,96,51,255,67,97,51,255,67,97,51,255,67,97,51,255,67,97,51,255,67,97,51,255,66,96,51,255,66,96,51,255,66,96,51,255,66,96,51,255,67,97,51,255,67,97,51,255,67,96,51,255,66,96,51,255,66,96,50,255,67,96,51,255,68,97,51,255,66,96,51,255,66,96,51,255,67,97,51,255,66,96,51,255,66,96,51,255,66,96,51,255,66,96,51,255,67,97,51,255,68,97,51,255,66,96,51,255,68,97,51,255,67,96,51,255,67,97,51,255,66,96,51,255,67,97,51,255,67,97,51,255,67,96,51,255,67,97,51,255,68,97,51,255,66,96,51,255,68,97,51,255,68,97,51,255,68,97,51,255,67,97,51,255,69,98,51,255,67,97,51,255,68,97,51,255,67,96,51,255,69,98,52,255,67,96,51,255,68,97,51,255,68,97,51,255,68,97,51,255,67,96,51,255,68,97,51,255,68,97,51,255,67,97,51,255,68,97,51,255,68,97,51,255,68,97,51,255,69,98,51,255,69,98,52,255,68,97,51,255,68,97,51,255,69,98,52,255,69,98,51,255,68,97,51,255,68,97,51,255,68,97,51,255,68,97,51,255,68,97,51,255,68,97,51,255,69,98,51,255,69,98,51,255,65,93,49,255,66,94,49,255,65,94,49,255,70,98,52,255,65,93,49,255,66,94,49,255,65,93,49,255,68,97,51,255,65,93,49,255,67,95,49,255,61,90,47,255,69,98,52,255,60,89,46,255,66,94,49,255,65,94,49,255,66,94,49,255,70,99,52,255,70,98,52,255,69,98,52,255,66,95,49,255,70,99,52,255,69,97,51,255,70,98,52,255,66,95,49,255,69,97,51,255,70,98,52,255,69,98,51,255,67,95,50,255,66,95,49,255,70,99,52,255,69,98,52,255,69,97,51,255,69,97,51,255,70,98,52,255,70,99,52,255,65,94,49,255,70,98,52,255,70,99,52,255,70,98,52,255,70,98,52,255,69,97,51,255,70,99,52,255,69,97,51,255,70,98,52,255,70,98,52,255,69,98,52,255,70,98,52,255,70,98,52,255,69,98,51,255,70,99,52,255,69,98,51,255,69,98,52,255,70,98,52,255,69,97,51,255,69,98,52,255,70,98,52,255,69,97,51,255,70,98,52,255,69,97,51,255,69,97,51,255,69,97,51,255,69,98,52,255,66,94,49,255,70,98,52,255,70,99,52,255,66,94,49,255,66,94,49,255,68,97,51,255,66,95,49,255,67,95,50,255,66,94,49,255,67,95,49,255,67,95,50,255,66,95,49,255,66,95,49,255,67,95,49,255,66,95,49,255,66,95,49,255,65,93,49,255,66,95,49,255,65,94,49,255,65,93,49,255,70,98,52,255,66,94,49,255,66,94,49,255,65,94,49,255,69,98,52,255,65,94,49,255,61,90,47,255,69,98,51,255,68,97,51,255,66,95,49,255,68,97,51,255,68,97,51,255,65,94,49,255,68,97,51,255,69,98,51,255,69,98,51,255,68,97,51,255,68,97,51,255,69,98,52,255,68,97,51,255,69,98,52,255,68,97,51,255,68,97,51,255,68,97,51,255,69,98,52,255,69,98,52,255,68,97,51,255,69,98,52,255,68,97,51,255,68,97,51,255,68,97,51,255,68,97,51,255,69,98,52,255,68,97,51,255,68,97,51,255,68,97,51,255,69,98,52,255,69,98,52,255,68,97,51,255,69,98,52,255,67,97,51,255,69,98,52,255,69,98,51,255,68,97,51,255,67,97,51,255,68,97,51,255,68,97,51,255,69,98,51,255,52,88,48,255,68,98,51,255,67,97,51,255,68,97,51,255,53,89,48,255,69,98,51,255,69,98,52,255,65,97,52,255,43,81,44,255,66,97,52,255,59,93,51,255,43,81,44,255,64,101,60,255,56,90,49,255,71,98,51,255,74,101,53,255,74,101,53,255,56,90,49,255,74,100,53,255,75,101,54,255,73,100,53,255,57,91,49,255,74,100,53,255,80,106,56,255,73,100,53,255,56,90,49,255,74,101,53,255,74,101,53,255,74,101,53,255,70,97,51,255,73,100,53,255,72,99,53,255,72,99,53,255,74,101,53,255,74,101,53,255,72,99,53,255,74,101,53,255,74,101,53,255,73,100,53,255,72,99,53,255,72,99,53,255,73,100,53,255,73,100,53,255,72,100,53,255,73,100,53,255,64,92,47,255,69,96,50,255,64,91,47,255,71,99,52,255,70,97,51,255,68,95,50,255,69,96,51,255,72,99,52,255,70,97,51,255,70,96,51,255,69,96,50,255,72,100,53,255,69,96,50,255,69,96,50,255,68,96,50,255,73,100,53,255,71,99,52,255,72,100,53,255,77,104,55,255,78,104,55,255,72,100,53,255,72,99,52,255,72,100,53,255,72,100,53,255,72,99,53,255,72,99,53,255,72,99,53,255,72,99,52,255,72,99,53,255,72,100,53,255,71,99,52,255,72,99,53,255,72,99,53,255,72,100,53,255,72,100,53,255,72,99,53,255,71,99,52,255,72,99,53,255,73,100,53,255,72,100,53,255,71,99,52,255,72,99,53,255,76,103,55,255,71,99,52,255,72,100,53,255,72,99,53,255,73,100,53,255,72,99,52,255,72,100,53,255,77,104,55,255,72,100,53,255,72,99,53,255,72,99,52,255,73,100,53,255,72,100,53,255,77,104,55,255,72,99,53,255,72,99,53,255,73,100,53,255,73,100,53,255,71,99,52,255,72,100,53,255,72,100,53,255,72,99,53,255,66,95,49,255,73,100,53,255,72,99,53,255,72,100,53,255,72,99,52,255,72,99,53,255,77,104,55,255,72,99,53,255,72,99,53,255,73,100,53,255,76,103,55,255,72,100,53,255,72,100,53,255,72,100,53,255,67,95,50,255,71,99,52,255,71,99,52,255,72,100,53,255,72,99,53,255,71,99,52,255,71,99,52,255,71,99,52,255,77,104,55,255,71,99,52,255,71,99,52,255,72,99,53,255,72,99,53,255,72,99,52,255,71,99,52,255,71,99,52,255,73,100,53,255,71,99,52,255,72,99,52,255,71,99,52,255,71,99,52,255,71,99,52,255,72,100,53,255,71,99,52,255,72,100,53,255,72,99,53,255,72,99,53,255,72,99,53,255,72,100,53,255,76,103,55,255,72,100,53,255,72,99,53,255,71,99,52,255,72,100,53,255,71,99,52,255,71,99,52,255,72,99,53,255,71,99,52,255,71,99,52,255,71,99,52,255,71,99,52,255,71,99,52,255,72,100,53,255,72,99,53,255,71,99,52,255,72,99,53,255,72,100,53,255,71,99,52,255,72,99,53,255,70,99,52,255,70,98,52,255,72,99,53,255,76,103,55,255,71,99,52,255,72,99,53,255,71,99,52,255,70,98,52,255,71,99,52,255,70,98,52,255,71,99,52,255,70,98,52,255,72,100,53,255,72,100,53,255,71,99,52,255,71,99,52,255,71,99,53,255,70,98,52,255,70,99,52,255,71,99,53,255,71,99,52,255,70,99,52,255,72,99,53,255,70,99,52,255,71,99,52,255,72,100,53,255,70,98,52,255,71,99,53,255,72,99,53,255,72,99,53,255,72,99,53,255,72,99,53,255,71,99,52,255,72,100,53,255,71,99,52,255,72,100,53,255,72,100,53,255,71,99,53,255,72,100,53,255,72,100,53,255,70,98,52,255,72,100,53,255,72,99,53,255,71,99,52,255,72,99,53,255,71,99,52,255,70,99,52,255,72,99,53,255,72,100,53,255,72,100,53,255,71,99,53,255,72,100,53,255,71,99,52,255,71,99,52,255,72,99,53,255,72,99,53,255,71,99,52,255,72,100,53,255,72,99,53,255,71,99,52,255,72,99,53,255,71,99,52,255,70,99,52,255,71,99,52,255,72,100,53,255,71,99,52,255,72,99,53,255,71,99,52,255,71,99,52,255,71,99,52,255,70,98,52,255,71,99,52,255,72,99,53,255,72,100,53,255,76,103,55,255,72,99,53,255,70,98,52,255,71,99,52,255,70,99,52,255,72,99,53,255,70,98,52,255,71,99,52,255,70,99,52,255,71,99,52,255,71,99,53,255,71,99,52,255,71,99,52,255,70,98,52,255,71,99,52,255,71,99,52,255,72,100,53,255,70,99,52,255,70,98,52,255,67,96,50,255,72,99,53,255,71,99,52,255,71,99,52,255,71,99,52,255,70,98,52,255,72,99,53,255,70,98,52,255,71,99,52,255,72,99,53,255,71,99,52,255,70,98,52,255,71,99,52,255,71,99,52,255,71,99,52,255,71,99,52,255,70,99,52,255,70,99,52,255,70,99,52,255,70,98,52,255,71,99,53,255,71,99,52,255,70,99,52,255,69,98,51,255,71,99,52,255,70,98,52,255,69,98,52,255,70,99,52,255,70,99,52,255,70,98,52,255,70,98,52,255,69,98,51,255,70,99,52,255,70,99,52,255,69,98,52,255,70,98,52,255,69,97,51,255,70,99,52,255,69,98,51,255,70,99,52,255,70,98,52,255,69,98,51,255,70,98,52,255,68,97,51,255,69,98,51,255,69,98,51,255,69,98,52,255,67,95,50,255,70,99,52,255,70,99,52,255,67,95,49,255,67,95,50,255,69,98,52,255,70,99,52,255,66,95,49,255,67,95,49,255,66,94,49,255,65,94,49,255,66,94,49,255,66,95,49,255,66,94,49,255,66,94,49,255,66,95,49,255,65,93,49,255,66,94,49,255,65,93,49,255,68,97,51,255,69,98,51,255,66,95,49,255,66,94,49,255,67,95,50,255,66,94,49,255,66,94,49,255,66,95,49,255,66,94,49,255,69,98,51,255,68,97,51,255,68,97,51,255,69,98,51,255,68,97,51,255,69,97,51,255,68,97,51,255,69,98,52,255,68,97,51,255,66,94,49,255,66,94,49,255,66,94,49,255,66,94,49,255,69,98,52,255,69,98,51,255,70,98,52,255,68,97,51,255,68,97,51,255,69,98,51,255,68,97,51,255,68,97,51,255,68,97,51,255,68,97,51,255,68,97,51,255,68,97,51,255,66,94,49,255,66,94,49,255,65,93,49,255,66,94,49,255,68,97,51,255,68,97,51,255,66,94,49,255,65,93,49,255,69,98,51,255,68,97,51,255,68,97,51,255,70,98,52,255,69,98,51,255,68,97,51,255,69,98,51,255,70,98,52,255,67,95,50,255,66,94,49,255,66,95,49,255,70,98,52,255,66,95,49,255,66,95,49,255,66,95,49,255,66,95,49,255,67,95,50,255,67,95,50,255,66,95,49,255,67,95,50,255,69,98,51,255,66,95,49,255,66,95,49,255,65,93,49,255,70,98,52,255,69,98,51,255,71,99,52,255,71,99,52,255,69,97,51,255,70,99,52,255,69,97,51,255,70,98,52,255,70,98,52,255,70,98,52,255,70,99,52,255,69,98,51,255,66,94,49,255,70,99,52,255,70,99,52,255,69,98,52,255,69,98,51,255,70,99,52,255,70,98,52,255,70,98,52,255,70,99,52,255,70,98,52,255,70,98,52,255,71,99,52,255,70,99,52,255,70,99,52,255,71,99,53,255,71,99,52,255,70,98,52,255,70,98,52,255,69,98,51,255,71,99,53,255,70,98,52,255,71,99,52,255,71,99,52,255,70,98,52,255,71,99,52,255,70,98,52,255,70,99,52,255,71,99,52,255,71,99,52,255,71,99,52,255,71,99,53,255,71,99,52,255,70,98,52,255,70,98,52,255,71,99,52,255,72,99,53,255,71,99,52,255,76,103,55,255,70,98,52,255,72,99,53,255,71,99,53,255,70,99,52,255,70,98,52,255,71,99,52,255,70,99,52,255,71,99,53,255,66,95,50,255,70,98,52,255,71,99,52,255,71,99,52,255,72,100,53,255,72,99,53,255,70,99,52,255,71,99,52,255,70,98,52,255,70,98,52,255,70,98,52,255,70,99,52,255,75,103,54,255,70,98,52,255,71,99,52,255,72,99,53,255,71,99,52,255,76,103,55,255,71,99,52,255,70,98,52,255,71,99,52,255,71,99,52,255,76,103,55,255,71,99,53,255,71,99,52,255,70,98,52,255,70,99,52,255,71,99,52,255,76,103,55,255,70,98,52,255,71,99,52,255,71,99,52,255,71,99,52,255,75,102,54,255,70,99,52,255,70,98,52,255,72,99,53,255,71,99,52,255,71,99,52,255,71,99,52,255,71,99,53,255,71,99,53,255,75,103,54,255,71,99,52,255,70,99,52,255,71,99,52,255,71,99,52,255,70,99,52,255,70,99,52,255,71,99,52,255,71,99,52,255,65,94,49,255,70,98,52,255,72,99,53,255,72,99,53,255,71,99,52,255,72,99,53,255,70,98,52,255,70,99,52,255,72,99,53,255,71,99,52,255,71,99,52,255,70,98,52,255,70,98,52,255,70,98,52,255,76,103,55,255,71,99,52,255,70,99,52,255,71,99,52,255,71,99,52,255,70,98,52,255,71,99,52,255,67,95,50,255,71,99,52,255,66,95,49,255,72,99,53,255,72,99,53,255,70,98,52,255,70,98,52,255,71,99,52,255,70,99,52,255,71,99,53,255,70,98,52,255,72,99,53,255,76,104,55,255,76,103,55,255,71,99,52,255,72,99,53,255,72,100,53,255,71,99,52,255,71,99,52,255,77,104,55,255,72,100,53,255,71,99,52,255,72,100,53,255,71,99,52,255,71,99,52,255,72,99,53,255,70,99,52,255,70,99,52,255,70,98,52,255,71,99,52,255,72,100,53,255,71,99,52,255,72,100,53,255,71,99,52,255,70,98,52,255,71,99,52,255,71,99,52,255,72,100,53,255,71,99,52,255,71,99,52,255,72,100,53,255,72,99,53,255,71,99,52,255,71,99,52,255,70,98,52,255,70,98,52,255,72,99,53,255,71,99,52,255,71,99,52,255,71,99,52,255,71,99,52,255,78,104,55,255,72,99,53,255,72,100,53,255,71,99,52,255,72,100,53,255,71,99,52,255,71,99,52,255,71,99,52,255,72,99,53,255,71,99,52,255,71,99,52,255,72,99,53,255,72,99,52,255,72,99,52,255,72,99,53,255,72,100,53,255,72,100,53,255,71,99,52,255,73,100,53,255,72,100,53,255,72,99,52,255,71,99,52,255,72,99,53,255,71,99,52,255,72,99,53,255,71,99,52,255,72,99,53,255,72,99,52,255,68,95,50,255,68,96,50,255,70,97,51,255,73,100,53,255,72,100,53,255,67,95,50,255,70,97,51,255,71,99,52,255,72,99,53,255,72,100,53,255,73,100,53,255,72,100,53,255,73,100,53,255,72,99,53,255,71,99,52,255,70,97,51,255,74,101,53,255,70,97,51,255,69,96,50,255,70,97,51,255,70,96,51,255,70,97,51,255,70,97,51,255,72,99,53,255,69,96,50,255,68,95,50,255,69,96,50,255,72,100,53,255,72,99,52,255,72,99,53,255,72,99,53,255,64,92,47,255,69,96,50,255,70,97,51,255,68,95,50,255,69,96,51,255,70,96,51,255,70,97,51,255,69,96,51,255,70,97,51,255,69,96,50,255,69,96,50,255,69,96,50,255,68,95,50,255,70,97,51,255,68,95,50,255,72,99,52,255,70,97,51,255,70,96,51,255,73,100,53,255,76,103,55,255,68,95,50,255,72,99,53,255,71,99,52,255,71,99,52,255,73,100,53,255,72,99,53,255,72,99,53,255,71,99,52,255,72,100,53,255,72,100,53,255,72,99,53,255,71,99,52,255,71,99,52,255,77,104,55,255,66,94,49,255,70,98,52,255,72,100,53,255,71,99,52,255,66,95,49,255,70,98,52,255,71,99,52,255,70,98,52,255,70,98,52,255,70,99,52,255,72,100,53,255,71,99,52,255,71,99,52,255,70,98,52,255,70,99,52,255,70,99,52,255,70,99,52,255,70,98,52,255,70,99,52,255,70,98,52,255,71,99,52,255,69,98,51,255,70,98,52,255,70,99,52,255,70,99,52,255,70,98,52,255,70,99,52,255,71,99,52,255,70,98,52,255,70,99,52,255,70,99,52,255,70,99,52,255,70,99,52,255,66,94,49,255,71,99,52,255,68,97,51,255,67,95,50,255,67,95,49,255,70,98,52,255,68,97,51,255,66,95,49,255,66,94,49,255,70,98,52,255,65,94,49,255,66,94,49,255,69,98,52,255,65,93,49,255,66,95,49,255,69,98,51,255,70,99,52,255,65,94,49,255,68,97,51,255,69,98,52,255,68,97,51,255,68,97,51,255,68,97,51,255,68,97,51,255,69,98,52,255,68,97,51,255,68,97,51,255,68,97,51,255,67,97,51,255,69,98,51,255,68,97,51,255,68,97,51,255,69,98,51,255,68,97,51,255,69,98,52,255,68,97,51,255,69,98,52,255,69,98,52,255,68,97,51,255,69,98,52,255,67,97,51,255,68,97,51,255,69,98,52,255,69,98,52,255,69,98,52,255,68,97,51,255,69,98,52,255,68,97,51,255,68,97,51,255,68,97,51,255,68,97,51,255,69,98,52,255,69,98,52,255,69,98,51,255,69,98,52,255,69,98,51,255,69,98,51,255,69,98,52,255,69,98,51,255,69,98,51,255,69,98,51,255,68,97,51,255,69,98,52,255,68,97,51,255,68,97,51,255,69,97,51,255,68,97,51,255,69,98,51,255,68,97,51,255,68,97,51,255,68,97,51,255,68,97,51,255,68,97,51,255,68,97,51,255,68,97,51,255,68,97,51,255,69,98,51,255,70,98,52,255,66,94,49,255,66,94,49,255,66,94,49,255,69,98,52,255,68,97,51,255,68,97,51,255,68,97,51,255,70,98,52,255,68,97,51,255,68,97,51,255,68,97,51,255,69,98,51,255,68,97,51,255,69,98,51,255,68,97,51,255,66,94,49,255,65,94,49,255,67,95,49,255,65,93,49,255,66,94,49,255,66,95,49,255,67,95,49,255,67,95,49,255,69,98,51,255,69,98,51,255,68,97,51,255,66,94,49,255,68,97,51,255,68,97,51,255,68,97,51,255,69,98,51,255,65,93,49,255,66,94,49,255,66,95,49,255,67,95,49,255,67,95,49,255,67,95,49,255,66,95,49,255,66,95,49,255,66,95,49,255,60,89,46,255,66,95,49,255,66,94,49,255,69,98,51,255,70,98,52,255,65,93,49,255,61,90,46,255,66,95,49,255,66,94,49,255,67,95,50,255,66,94,49,255,67,95,49,255,66,94,49,255,65,93,49,255,67,95,49,255,66,95,49,255,66,94,49,255,66,94,49,255,65,93,49,255,66,95,49,255,66,95,49,255,66,95,49,255,65,94,49,255,66,94,49,255,65,93,49,255,65,94,49,255,66,95,49,255,67,95,50,255,66,94,49,255,66,95,49,255,66,94,49,255,65,94,49,255,66,95,49,255,65,93,49,255,66,95,49,255,66,94,49,255,69,98,51,255,69,97,51,255,64,93,49,255,66,94,49,255,66,94,49,255,65,93,49,255,65,94,49,255,66,95,49,255,65,94,49,255,68,97,51,255,68,97,51,255,70,98,52,255,68,97,51,255,68,97,51,255,64,94,49,255,69,98,51,255,69,97,51,255,69,98,52,255,68,97,51,255,69,98,52,255,69,98,51,255,68,97,51,255,69,98,52,255,69,98,52,255,69,98,51,255,68,97,51,255,68,97,51,255,68,97,51,255,69,98,51,255,68,97,51,255,69,98,51,255,68,97,51,255,63,92,48,255,68,97,51,255,68,97,51,255,69,97,51,255,70,98,52,255,68,97,51,255,69,98,51,255,68,97,51,255,69,98,51,255,69,98,51,255,67,97,51,255,68,97,51,255,68,97,51,255,68,97,51,255,68,97,51,255,68,97,51,255,67,97,51,255,68,97,51,255,68,97,51,255,68,97,51,255,69,98,52,255,69,98,52,255,67,97,51,255,69,98,51,255,68,97,51,255,67,97,51,255,68,97,51,255,69,98,51,255,68,97,51,255,68,97,51,255,68,97,51,255,68,97,51,255,68,98,51,255,68,97,51,255,67,96,51,255,68,97,51,255,68,97,51,255,68,98,51,255,68,97,51,255,68,97,51,255,67,96,51,255,68,98,51,255,62,92,48,255,68,97,51,255,68,97,51,255,68,97,51,255,67,97,51,255,68,97,51,255,66,96,51,255,66,96,51,255,68,97,51,255,68,97,51,255,68,97,51,255,67,96,51,255,67,97,51,255,67,97,51,255,68,98,51,255,68,97,51,255,67,97,51,255,68,97,51,255,67,97,51,255,67,97,51,255,68,97,51,255,66,96,51,255,68,97,51,255,67,97,51,255,67,97,51,255,67,96,51,255,67,97,51,255,67,96,51,255,67,97,51,255,67,96,51,255,68,97,51,255,68,97,51,255,67,97,51,255,68,97,51,255,68,97,51,255,68,97,51,255,67,97,51,255,63,93,48,255,68,97,51,255,66,96,51,255,61,92,48,255,68,97,51,255,68,97,51,255,67,96,51,255,68,97,51,255,68,97,51,255,67,97,51,255,66,96,51,255,67,97,51,255,67,96,51,255,67,97,51,255,66,96,51,255,67,97,51,255,68,97,51,255,66,96,51,255,67,97,51,255,67,97,51,255,67,97,51,255,68,97,51,255,68,97,51,255,68,97,51,255,66,96,51,255,67,97,51,255,67,96,51,255,66,96,51,255,67,97,51,255,67,97,51,255,66,96,51,255,68,97,51,255,66,96,51,255,67,97,51,255,66,96,51,255,68,97,51,255,67,96,51,255,67,97,51,255,66,96,51,255,68,97,51,255,66,96,51,255,66,96,51,255,67,97,51,255,68,97,51,255,66,96,51,255,66,96,51,255,67,97,51,255,66,96,51,255,66,96,51,255,67,97,51,255,67,97,51,255,68,97,51,255,67,97,51,255,67,97,51,255,68,97,51,255,67,97,51,255,68,97,51,255,68,97,51,255,67,97,51,255,67,97,51,255,62,92,48,255,68,97,51,255,68,97,51,255,67,97,51,255,68,97,51,255,66,96,51,255,68,97,51,255,67,96,51,255,68,97,51,255,67,97,51,255,67,97,51,255,67,97,51,255,67,96,51,255,67,96,51,255,68,97,51,255,67,96,51,255,68,97,51,255,68,97,51,255,67,97,51,255,67,97,51,255,68,97,51,255,67,97,51,255,66,96,51,255,64,93,49,255,64,93,49,255,68,97,51,255,67,96,51,255,68,97,51,255,68,97,51,255,67,96,51,255,68,97,51,255,69,98,51,255,68,97,51,255,68,97,51,255,68,97,51,255,68,97,51,255,67,96,51,255,67,96,51,255,67,97,51,255,68,97,51,255,67,97,51,255,68,97,51,255,68,97,51,255,68,97,51,255,69,98,51,255,68,97,51,255,69,98,51,255,69,98,52,255,69,98,52,255,69,98,52,255,69,98,51,255,68,97,51,255,67,97,51,255,67,97,51,255,68,97,51,255,68,97,51,255,68,97,51,255,70,99,52,255,67,95,49,255,66,94,49,255,68,97,51,255,68,97,51,255,66,95,49,255,65,93,49,255,68,97,51,255,69,97,51,255,68,97,51,255,66,95,49,255,68,97,51,255,68,97,51,255,69,98,52,255,66,94,49,255,66,94,49,255,66,95,49,255,66,94,49,255,70,98,52,255,66,94,49,255,67,95,50,255,66,94,49,255,67,95,49,255,65,94,49,255,66,94,49,255,66,94,49,255,65,94,49,255,65,94,49,255,66,95,49,255,66,95,49,255,67,95,49,255,65,94,49,255,69,97,51,255,70,99,52,255,69,97,51,255,69,98,51,255,69,98,51,255,69,98,51,255,70,98,52,255,66,95,49,255,67,95,50,255,67,95,49,255,67,95,50,255,67,95,50,255,66,95,49,255,67,95,50,255,66,94,49,255,64,93,49,255,69,97,51,255,66,94,49,255,67,95,50,255,66,94,49,255,66,94,49,255,66,94,49,255,66,94,49,255,65,94,49,255,67,95,49,255,67,95,50,255,67,95,49,255,65,94,49,255,67,95,49,255,66,94,49,255,65,94,49,255,66,95,49,255,65,93,49,255,65,94,49,255,65,94,49,255,66,95,49,255,66,94,49,255,65,93,49,255,70,98,52,255,65,93,49,255,61,90,47,255,69,98,52,255,69,98,52,255,66,95,49,255,70,98,52,255,68,97,51,255,69,97,51,255,68,97,51,255,69,98,52,255,68,97,51,255,69,98,51,255,68,97,51,255,70,98,52,255,68,97,51,255,69,98,52,255,69,98,52,255,69,98,52,255,68,97,51,255,68,97,51,255,68,97,51,255,68,97,51,255,68,97,51,255,67,97,51,255,68,97,51,255,69,98,51,255,69,98,51,255,69,98,51,255,68,97,51,255,67,97,51,255,67,97,51,255,68,97,51,255,69,98,52,255,68,97,51,255,67,97,51,255,68,97,51,255,68,97,51,255,68,97,51,255,68,97,51,255,68,97,51,255,69,98,52,255,68,97,51,255,67,97,51,255,65,97,52,255,68,97,51,255,68,97,51,255,67,97,51,255,58,93,50,255,68,98,51,255,68,98,51,255,68,97,51,255,52,88,48,255,68,97,51,255,68,97,51,255,67,97,51,255,52,88,48,255,55,90,49,255,74,101,53,255,73,100,53,255,74,101,53,255,55,90,49,255,73,100,53,255,74,101,53,255,73,100,53,255,56,90,49,255,75,101,54,255,74,101,53,255,73,100,53,255,56,90,49,255,75,101,54,255,73,100,53,255,74,101,53,255,72,99,53,255,74,101,53,255,74,101,53,255,72,100,53,255,73,100,53,255,74,101,53,255,73,101,53,255,72,99,53,255,74,101,53,255,72,100,53,255,72,99,53,255,73,100,53,255,72,100,53,255,68,96,50,255,72,100,53,255,75,101,53,255,69,96,50,255,68,95,50,255,72,100,53,255,72,100,53,255,70,97,51,255,74,100,52,255,71,99,52,255,71,99,52,255,70,97,51,255,70,97,51,255,73,100,53,255,73,100,53,255,70,97,51,255,70,97,51,255,72,100,53,255,72,100,53,255,72,99,53,255,72,99,53,255,72,100,53,255,73,100,53,255,73,100,53,255,72,99,52,255,71,99,52,255,71,99,52,255,72,99,53,255,71,99,52,255,73,100,53,255,72,99,53,255,72,100,53,255,72,99,53,255,71,99,52,255,71,99,52,255,72,99,53,255,71,99,52,255,76,103,55,255,72,99,53,255,73,100,53,255,71,99,52,255,73,100,53,255,72,100,53,255,72,100,53,255,73,100,53,255,72,100,53,255,71,99,52,255,72,99,52,255,72,99,53,255,72,100,53,255,71,99,52,255,71,99,52,255,72,100,53,255,72,100,53,255,71,99,52,255,72,100,53,255,71,99,52,255,73,100,53,255,66,95,49,255,71,99,52,255,72,99,53,255,73,100,53,255,72,99,53,255,71,99,52,255,72,100,53,255,72,100,53,255,72,100,53,255,73,100,53,255,72,100,53,255,72,99,53,255,72,99,53,255,72,99,52,255,72,99,53,255,72,99,53,255,73,100,53,255,73,100,53,255,72,99,53,255,72,99,53,255,72,100,53,255,68,96,50,255,72,99,53,255,72,100,53,255,68,95,50,255,71,99,52,255,73,100,53,255,73,100,53,255,71,99,52,255,72,100,53,255,72,99,53,255,73,100,53,255,72,99,53,255,72,99,53,255,73,101,53,255,72,99,53,255,72,99,53,255,64,92,47,255,69,96,51,255,69,96,50,255,70,97,51,255,66,95,49,255,73,100,53,255,73,100,53,255,72,99,53,255,72,100,53,255,72,100,53,255,73,100,53,255,71,99,52,255,71,99,52,255,73,100,53,255,73,100,53,255,78,104,55,255,73,100,53,255,78,104,55,255,72,100,53,255,72,99,53,255,67,96,50,255,72,99,53,255,71,99,52,255,72,100,53,255,72,99,53,255,66,95,49,255,72,99,53,255,71,99,52,255,72,99,53,255,72,99,53,255,71,99,52,255,72,99,53,255,71,99,52,255,72,100,53,255,71,99,52,255,72,100,53,255,72,100,53,255,72,100,53,255,71,99,53,255,72,99,53,255,71,99,52,255,71,99,52,255,72,100,53,255,72,100,53,255,71,99,52,255,71,99,52,255,72,99,53,255,76,103,55,255,72,99,53,255,71,99,52,255,71,99,52,255,71,99,52,255,76,103,55,255,72,99,53,255,66,95,49,255,71,99,52,255,72,100,53,255,72,100,53,255,71,99,52,255,72,99,53,255,71,99,52,255,72,99,53,255,72,99,53,255,72,99,53,255,71,99,52,255,70,99,52,255,71,99,52,255,71,99,52,255,70,99,52,255,71,99,52,255,71,99,52,255,72,99,53,255,71,99,52,255,72,100,53,255,71,99,52,255,72,100,53,255,72,99,53,255,71,99,53,255,72,99,53,255,71,99,52,255,72,99,53,255,72,99,53,255,72,100,53,255,71,99,52,255,71,99,52,255,71,99,52,255,71,99,52,255,76,103,54,255,72,100,53,255,71,99,52,255,71,99,52,255,71,99,52,255,71,99,52,255,71,99,52,255,70,99,52,255,70,98,52,255,72,99,53,255,71,99,53,255,70,98,52,255,71,99,52,255,71,99,52,255,72,100,53,255,71,99,52,255,71,99,52,255,71,99,53,255,71,99,53,255,71,99,52,255,70,99,52,255,71,99,52,255,71,99,53,255,72,100,53,255,72,99,53,255,72,100,53,255,71,99,52,255,71,99,52,255,72,99,53,255,71,99,52,255,70,98,52,255,70,99,52,255,71,99,53,255,70,99,52,255,71,99,52,255,71,99,52,255,72,99,53,255,71,99,52,255,71,99,52,255,76,103,55,255,70,99,52,255,71,99,52,255,70,99,52,255,70,98,52,255,66,95,50,255,71,99,52,255,70,98,52,255,69,98,51,255,70,99,52,255,71,99,52,255,71,99,52,255,71,99,52,255,70,99,52,255,76,103,55,255,70,98,52,255,71,99,52,255,70,99,52,255,70,98,52,255,70,98,52,255,70,99,52,255,69,98,51,255,70,99,52,255,69,98,51,255,69,98,51,255,70,99,52,255,70,98,52,255,70,98,52,255,70,99,52,255,69,98,52,255,69,97,51,255,69,98,51,255,70,98,52,255,65,94,49,255,71,99,52,255,69,98,51,255,68,97,51,255,66,94,49,255,69,97,51,255,66,95,49,255,66,94,49,255,67,95,49,255,66,95,49,255,65,93,49,255,66,94,49,255,70,98,52,255,66,95,49,255,65,94,49,255,68,97,51,255,69,97,51,255,66,94,49,255,68,97,51,255,68,97,51,255,68,97,51,255,68,97,51,255,68,97,51,255,69,97,51,255,68,97,51,255,69,98,51,255,69,98,52,255,68,97,51,255,68,97,51,255,69,98,52,255,68,97,51,255,68,97,51,255,69,98,52,255,69,98,52,255,68,97,51,255,63,93,48,255,68,97,51,255,69,98,52,255,68,97,51,255,68,97,51,255,68,97,51,255,64,93,49,255,69,98,51,255,68,97,51,255,67,97,51,255,68,97,51,255,68,97,51,255,67,96,51,255,68,97,51,255,67,97,51,255,67,97,51,255,68,97,51,255,68,97,51,255,67,97,51,255,68,98,51,255,67,97,51,255,69,98,51,255,68,97,51,255,68,97,51,255,68,97,51,255,68,97,51,255,68,97,51,255,67,97,51,255,68,97,51,255,68,97,51,255,68,97,51,255,68,97,51,255,68,97,51,255,68,97,51,255,69,98,52,255,68,97,51,255,68,97,51,255,68,97,51,255,68,97,51,255,68,98,51,255,64,93,49,255,68,97,51,255,68,97,51,255,68,97,51,255,69,98,51,255,68,97,51,255,68,97,51,255,68,97,51,255,68,98,51,255,68,97,51,255,69,98,52,255,68,97,51,255,66,94,49,255,67,95,49,255,68,97,51,255,69,98,51,255,70,98,52,255,66,95,49,255,68,97,51,255,68,97,51,255,70,98,52,255,66,94,49,255,69,98,52,255,68,97,51,255,69,97,51,255,68,97,51,255,66,94,49,255,69,98,51,255,70,98,52,255,70,98,52,255,66,95,49,255,64,94,49,255,70,99,52,255,69,98,51,255,65,93,49,255,66,95,49,255,70,98,52,255,71,99,52,255,65,93,49,255,61,90,46,255,70,98,52,255,70,99,52,255,70,99,52,255,71,99,52,255,71,99,53,255,71,99,52,255,69,98,52,255,71,99,52,255,71,99,52,255,66,95,49,255,70,98,52,255,65,94,49,255,70,99,52,255,71,99,52,255,71,99,52,255,69,98,51,255,70,98,52,255,70,99,52,255,71,99,52,255,71,99,52,255,76,104,55,255,71,99,52,255,65,94,49,255,72,99,53,255,72,100,53,255,71,99,52,255,70,99,52,255,72,99,53,255,71,99,52,255,72,99,53,255,71,99,52,255,71,99,52,255,71,99,53,255,72,100,53,255,76,103,55,255,71,99,52,255,75,103,54,255,72,99,53,255,71,99,52,255,70,98,52,255,71,99,52,255,71,99,52,255,71,99,52,255,70,98,52,255,72,99,53,255,71,99,52,255,70,98,52,255,71,99,52,255,71,99,52,255,71,99,52,255,70,98,52,255,71,99,52,255,72,99,53,255,72,100,53,255,72,100,53,255,72,99,53,255,72,100,53,255,70,98,52,255,72,100,53,255,70,98,52,255,76,103,55,255,71,99,53,255,72,99,53,255,72,99,53,255,70,98,52,255,71,99,52,255],"diagnostics":{"requested":108,"queued":null,"dispatched":16,"completed":16,"published":15,"latestPublications":5,"intermediatePublications":10,"staleDiscarded":1,"discarded":1,"coalesced":92,"failures":0,"resets":0,"workerStarts":1,"retries":0,"snapshots":16,"maxQueued":1,"maxInFlight":1,"latestRequestedGeneration":108,"latestPublishedGeneration":108,"latestRasterGeneration":108,"completedWorkerEpoch":0,"completedRasterRevision":16,"publishedWorkerEpoch":0,"publishedRasterRevision":16,"installedWorkerEpoch":0,"installedRasterRevision":16,"uploadSkippedSameRevision":0,"validRaster":true,"emergencyMode":false,"requestMs":0.6000000238418579,"publishMs":48.09999996423721,"maxRequestMs":0.10000002384185791,"maxPublishMs":6.199999988079071,"lastWorkerMs":85.19999998807907,"maxWorkerMs":414.19999998807907,"requestSamplesMs":[0,0.10000002384185791,0,0,0.10000002384185791,0,0,0,0,0,0.10000002384185791,0,0,0,0,0,0,0,0,0,0,0,0,0,0,0,0,0,0,0,0,0,0,0,0,0,0,0,0,0,0,0,0,0,0,0,0,0,0,0,0,0,0,0,0,0,0,0,0,0,0,0,0,0,0,0,0,0,0,0,0,0,0,0,0,0,0,0.09999996423721313,0,0,0,0,0,0,0,0,0,0,0,0,0,0,0,0,0,0,0.10000002384185791,0,0,0.09999996423721313,0,0,0,0,0,0,0,0,0,0],"publishSamplesMs":[6.199999988079071,2.5,2.699999988079071,5.199999988079071,2.399999976158142,2.600000023841858,4.800000011920929,3,2.399999976158142,2.5,2,3.199999988079071,3.800000011920929,2.199999988079071,2.600000023841858,2.5,2.600000023841858],"fallback":"none","failure":null,"generation":108,"inFlight":null,"epoch":0,"stopped":false},"validPublications":1},"nextTick":{"generation":109,"pixel":[56,91,49,255,75,101,54,255,75,101,54,255,74,101,54,255,57,91,49,255,75,101,54,255,75,101,54,255,69,97,51,255,56,91,49,255,75,101,54,255,74,101,54,255,75,101,54,255,56,91,49,255,69,97,51,255,75,101,54,255,79,105,56,255,74,101,54,255,74,101,54,255,73,100,53,255,74,101,54,255,74,100,53,255,75,101,54,255,74,101,54,255,74,101,54,255,73,100,53,255,73,100,53,255,73,99,53,255,74,101,54,255,74,100,53,255,73,100,53,255,73,100,53,255,72,99,53,255,69,96,50,255,68,95,50,255,69,96,51,255,72,99,53,255,69,96,50,255,68,95,50,255,68,95,50,255,73,100,53,255,70,96,51,255,68,95,50,255,70,97,51,255,72,100,53,255,68,95,50,255,70,97,51,255,68,95,50,255,71,99,52,255,66,95,49,255,73,100,53,255,72,100,53,255,72,99,52,255,72,99,52,255,73,100,53,255,73,100,53,255,72,99,53,255,72,99,53,255,71,99,52,255,72,99,53,255,71,99,52,255,71,99,52,255,72,99,53,255,71,99,52,255,72,99,53,255,72,99,52,255,73,100,53,255,73,100,53,255,73,100,53,255,71,99,52,255,72,99,53,255,71,99,52,255,73,100,53,255,71,99,52,255,72,99,53,255,71,99,52,255,73,100,53,255,72,99,53,255,72,100,53,255,72,99,53,255,71,99,52,255,71,99,52,255,71,99,52,255,73,100,53,255,72,100,53,255,73,100,53,255,72,99,53,255,71,99,52,255,72,100,53,255,72,99,53,255,71,99,52,255,72,100,53,255,71,99,52,255,71,99,52,255,72,100,53,255,72,99,53,255,72,99,53,255,72,99,53,255,71,99,52,255,73,100,53,255,71,99,52,255,72,99,53,255,77,104,55,255,72,99,53,255,71,99,52,255,72,99,53,255,72,99,53,255,72,99,53,255,72,99,53,255,73,100,53,255,71,99,52,255,72,99,53,255,72,100,53,255,71,99,52,255,73,100,53,255,71,99,52,255,72,99,53,255,72,99,53,255,71,99,52,255,71,99,52,255,67,95,50,255,71,99,52,255,71,99,52,255,72,99,53,255,71,99,52,255,73,100,53,255,71,99,52,255,72,99,53,255,70,98,52,255,72,99,53,255,71,99,52,255,70,98,52,255,71,99,52,255,71,99,52,255,72,100,53,255,71,99,52,255,71,99,52,255,71,99,52,255,72,99,53,255,66,95,49,255,70,98,52,255,72,99,53,255,70,98,52,255,72,100,53,255,71,99,52,255,70,99,52,255,71,99,52,255,71,99,52,255,70,98,52,255,71,99,53,255,70,98,52,255,70,98,52,255,65,94,49,255,70,98,52,255,70,99,52,255,77,104,55,255,76,103,54,255,72,100,53,255,72,99,53,255,71,99,52,255,70,98,52,255,71,99,53,255,70,98,52,255,71,99,52,255,70,99,52,255,75,103,54,255,71,99,52,255,71,99,52,255,70,98,52,255,72,99,53,255,72,99,53,255,71,99,52,255,72,99,53,255,71,99,53,255,71,99,52,255,71,99,52,255,77,104,55,255,75,103,54,255,71,99,52,255,70,98,52,255,72,99,53,255,71,99,53,255,71,99,53,255,70,98,52,255,70,99,52,255,71,99,52,255,70,99,52,255,70,98,52,255,72,99,53,255,72,99,53,255,72,99,53,255,70,99,52,255,70,98,52,255,71,99,52,255,72,99,53,255,70,98,52,255,70,99,52,255,76,103,55,255,71,99,53,255,77,104,55,255,70,98,52,255,72,99,53,255,70,98,52,255,72,99,53,255,71,99,52,255,70,99,52,255,70,98,52,255,77,104,55,255,71,99,52,255,72,99,53,255,71,99,52,255,71,99,52,255,71,99,52,255,70,98,52,255,71,99,52,255,70,98,52,255,70,99,52,255,77,103,55,255,72,99,53,255,73,100,53,255,72,99,53,255,76,103,55,255,71,99,52,255,71,99,52,255,72,99,53,255,72,100,53,255,70,98,52,255,71,99,52,255,70,98,52,255,72,99,53,255,71,99,52,255,71,99,52,255,70,99,52,255,72,99,53,255,71,99,52,255,71,99,52,255,71,99,53,255,70,98,52,255,72,100,53,255,73,100,52,255,72,99,53,255,72,99,53,255,71,99,52,255,70,99,52,255,70,98,52,255,71,99,52,255,72,99,53,255,71,99,52,255,76,103,54,255,71,99,52,255,70,98,52,255,72,99,53,255,72,100,53,255,70,99,52,255,70,99,52,255,70,98,52,255,66,95,49,255,72,99,53,255,72,99,53,255,72,99,53,255,70,98,52,255,77,103,55,255,72,100,52,255,70,98,52,255,72,99,53,255,71,99,53,255,71,99,52,255,70,98,52,255,70,98,52,255,71,99,52,255,71,99,52,255,70,99,52,255,72,99,53,255,71,99,52,255,71,99,53,255,70,98,52,255,70,98,52,255,70,98,52,255,70,99,52,255,70,98,52,255,70,98,52,255,71,99,52,255,70,98,52,255,71,99,52,255,70,99,52,255,70,99,52,255,70,98,52,255,70,98,52,255,71,99,53,255,71,99,52,255,70,99,52,255,69,98,52,255,69,98,52,255,71,99,52,255,70,99,52,255,70,99,52,255,66,95,49,255,71,99,52,255,69,98,52,255,70,98,52,255,70,99,52,255,71,99,52,255,69,98,52,255,70,99,52,255,70,99,52,255,70,99,52,255,70,98,52,255,70,99,52,255,64,94,49,255,71,99,52,255,71,99,52,255,70,99,52,255,69,98,52,255,69,98,52,255,71,99,52,255,66,95,49,255,69,98,52,255,70,99,52,255,70,99,52,255,71,99,52,255,70,99,52,255,69,97,52,255,70,98,52,255,70,99,52,255,69,97,52,255,70,99,52,255,70,98,52,255,71,99,52,255,70,98,52,255,70,98,52,255,70,99,52,255,70,98,52,255,69,98,52,255,71,99,52,255,70,98,52,255,69,98,52,255,70,99,52,255,70,98,52,255,70,99,52,255,70,99,52,255,70,99,52,255,70,99,52,255,71,99,52,255,69,98,52,255,69,97,52,255,70,98,52,255,69,98,52,255,69,97,52,255,70,99,52,255,70,99,52,255,70,99,52,255,70,98,52,255,69,98,52,255,69,97,52,255,70,99,52,255,70,98,52,255,65,94,49,255,70,99,52,255,70,99,52,255,70,98,52,255,70,98,52,255,69,98,52,255,70,99,52,255,71,99,52,255,69,98,52,255,70,98,52,255,70,99,52,255,69,98,52,255,70,98,52,255,70,98,52,255,70,98,52,255,70,99,52,255,69,97,52,255,70,98,52,255,70,99,52,255,70,99,52,255,69,98,52,255,70,99,52,255,70,99,52,255,70,98,52,255,69,98,52,255,70,98,52,255,70,98,52,255,70,98,52,255,70,98,52,255,70,99,52,255,71,99,52,255,69,97,52,255,70,99,52,255,70,98,52,255,69,98,52,255,69,97,52,255,71,99,52,255,70,98,52,255,70,99,52,255,69,98,52,255,70,99,52,255,70,98,52,255,70,99,52,255,69,98,52,255,69,98,52,255,70,99,52,255,70,99,52,255,70,98,52,255,70,99,52,255,65,94,49,255,70,99,52,255,70,98,52,255,70,98,52,255,69,98,52,255,70,98,52,255,70,98,52,255,70,98,52,255,69,98,52,255,70,98,52,255,71,99,52,255,71,99,52,255,70,98,52,255,70,98,52,255,70,99,52,255,69,98,52,255,71,99,52,255,69,98,52,255,70,99,52,255,69,98,52,255,70,98,52,255,70,98,52,255,69,98,52,255,69,98,52,255,70,98,52,255,70,98,52,255,71,99,52,255,70,98,52,255,70,99,52,255,71,99,52,255,70,98,52,255,70,98,52,255,70,98,52,255,71,99,52,255,71,99,53,255,69,98,52,255,71,99,53,255,69,98,52,255,70,98,52,255,70,98,52,255,70,99,52,255,71,99,52,255,70,99,52,255,70,98,52,255,70,99,52,255,70,99,52,255,70,98,52,255,71,99,52,255,71,99,52,255,70,98,52,255,71,99,52,255,70,98,52,255,70,99,52,255,71,99,52,255,71,99,53,255,71,99,52,255,70,99,52,255,70,98,52,255,70,98,52,255,71,99,52,255,71,99,52,255,71,99,53,255,70,98,52,255,70,98,52,255,71,99,52,255,71,99,52,255,71,99,53,255,72,99,53,255,71,99,52,255,70,98,52,255,70,99,52,255,71,99,52,255,71,99,53,255,70,99,52,255,70,98,52,255,70,99,52,255,70,98,52,255,72,99,53,255,72,99,53,255,72,99,53,255,70,99,52,255,71,99,52,255,71,99,52,255,70,99,52,255,71,99,52,255,72,99,53,255,71,99,52,255,70,98,52,255,71,99,53,255,70,99,52,255,72,99,53,255,70,99,52,255,70,98,52,255,72,99,53,255,71,99,52,255,71,99,52,255,72,99,53,255,71,99,52,255,71,99,52,255,71,99,52,255,70,98,52,255,70,98,52,255,72,99,53,255,71,99,52,255,72,100,53,255,71,99,52,255,71,99,52,255,73,100,53,255,72,100,53,255,73,100,53,255,72,99,53,255,72,100,53,255,70,99,52,255,72,99,53,255,71,99,52,255,71,99,52,255,72,99,53,255,71,99,52,255,72,99,53,255,78,104,56,255,72,100,53,255,72,100,53,255,72,99,53,255,71,99,52,255,73,100,53,255,71,99,52,255,72,100,53,255,72,99,53,255,73,100,53,255,77,103,55,255,72,99,52,255,73,100,53,255,77,103,55,255,71,99,52,255,71,99,52,255,72,99,53,255,72,99,53,255,71,99,52,255,73,100,53,255,73,100,53,255,72,100,53,255,71,99,52,255,73,100,53,255,69,96,50,255,71,99,52,255,71,99,52,255,72,99,53,255,69,96,50,255,72,99,53,255,71,99,52,255,72,99,53,255,73,100,53,255,73,100,53,255,73,100,53,255,73,100,53,255,68,96,50,255,68,95,50,255,69,96,50,255,69,96,50,255,70,97,51,255,68,95,50,255,70,96,51,255,75,100,53,255,68,95,50,255,68,95,50,255,68,95,50,255,69,96,51,255,69,96,50,255,73,100,53,255,69,96,50,255,68,95,50,255,69,96,50,255,70,97,51,255,70,97,51,255,69,96,50,255,70,97,51,255,70,97,51,255,69,96,50,255,70,96,51,255,70,97,51,255,69,96,50,255,69,96,50,255,68,95,50,255,69,96,50,255,70,97,51,255,75,101,53,255,70,97,51,255,69,96,50,255,70,96,51,255,68,95,50,255,70,97,51,255,72,99,53,255,69,96,50,255,70,97,51,255,65,93,48,255,73,100,53,255,70,97,51,255,69,96,50,255,64,92,47,255,69,96,50,255,69,96,50,255,69,96,50,255,70,97,51,255,69,96,50,255,73,100,53,255,73,100,53,255,73,100,53,255,73,100,53,255,72,99,53,255,72,99,53,255,73,100,53,255,74,101,53,255,73,100,53,255,73,100,53,255,79,105,56,255,72,99,53,255,69,96,50,255,78,104,55,255,72,99,53,255,73,100,53,255,74,101,54,255,72,99,53,255,73,99,53,255,73,99,53,255,73,100,53,255,72,99,53,255,73,100,53,255,73,100,53,255,73,99,53,255,74,101,54,255,73,100,53,255,69,95,50,255,73,100,53,255,73,100,53,255,73,100,53,255,69,96,50,255,69,96,50,255,66,93,48,255,69,96,50,255,69,96,50,255,68,95,50,255,69,96,50,255,75,101,53,255,69,96,50,255,70,97,51,255,70,97,51,255,69,96,50,255,69,96,50,255,69,96,50,255,69,96,50,255,68,95,50,255,70,97,51,255,73,100,53,255,72,99,53,255,71,99,52,255,71,99,52,255,72,99,53,255,72,100,53,255,72,100,53,255,72,99,53,255,73,100,53,255,72,99,53,255,73,100,53,255,72,100,53,255,73,100,53,255,71,99,52,255,72,99,53,255,71,99,52,255,71,99,52,255,71,99,52,255,71,99,52,255,71,99,53,255,72,100,53,255,71,99,52,255,75,103,54,255,70,98,52,255,70,98,52,255,72,99,53,255,72,99,53,255,72,99,53,255,72,100,53,255,71,99,53,255,76,103,54,255,70,99,52,255,70,98,52,255,71,99,52,255,71,99,52,255,70,99,52,255,70,99,52,255,70,98,52,255,70,99,52,255,69,98,52,255,70,98,52,255,71,99,52,255,70,98,52,255,70,98,52,255,71,99,53,255,71,99,52,255,69,98,52,255,70,99,52,255,70,98,52,255,69,98,52,255,67,95,49,255,61,90,46,255,69,97,52,255,70,99,52,255,65,94,49,255,66,94,49,255,70,98,52,255,69,98,52,255,66,94,49,255,66,95,49,255,69,97,52,255,70,98,52,255,66,94,49,255,66,94,49,255,66,95,49,255,66,94,49,255,65,94,49,255,67,95,49,255,67,95,50,255,66,95,49,255,67,95,50,255,66,94,49,255,66,95,49,255,65,94,49,255,67,95,49,255,60,90,46,255,66,94,49,255,66,94,49,255,66,95,49,255,65,93,49,255,65,94,49,255,67,95,50,255,65,93,49,255,66,95,49,255,66,94,49,255,66,95,49,255,66,94,49,255,66,95,49,255,62,91,47,255,66,95,49,255,62,91,47,255,67,95,50,255,66,95,49,255,66,94,49,255,66,94,49,255,66,94,49,255,65,93,49,255,66,95,49,255,66,95,49,255,66,94,49,255,65,94,49,255,66,94,49,255,66,94,49,255,65,94,49,255,65,93,49,255,67,95,49,255,66,95,49,255,66,94,49,255,66,94,49,255,66,94,49,255,65,94,49,255,67,95,50,255,66,94,49,255,66,94,49,255,67,95,49,255,70,99,52,255,66,94,49,255,66,94,49,255,65,93,49,255,70,98,52,255,67,95,49,255,65,94,49,255,67,95,50,255,66,95,49,255,65,94,49,255,66,94,49,255,65,94,49,255,67,95,50,255,70,99,52,255,70,99,52,255,69,97,52,255,70,98,52,255,70,98,52,255,68,97,52,255,70,99,52,255,70,99,52,255,70,99,52,255,68,97,52,255,70,99,52,255,70,98,52,255,67,95,49,255,67,95,49,255,68,97,52,255,69,97,52,255,69,97,52,255,70,98,52,255,69,97,52,255,70,99,52,255,69,98,52,255,69,98,52,255,70,99,52,255,69,98,52,255,69,98,52,255,69,97,52,255,69,98,52,255,70,99,52,255,69,98,52,255,70,98,52,255,70,99,52,255,69,98,52,255,70,99,52,255,69,97,52,255,69,97,52,255,70,99,52,255,70,98,52,255,70,99,52,255,70,98,52,255,69,98,52,255,70,99,52,255,70,99,52,255,70,98,52,255,69,98,52,255,69,98,52,255,70,99,52,255,69,97,52,255,70,99,52,255,70,99,52,255,69,97,52,255,69,97,52,255,69,98,52,255,69,98,52,255,69,98,52,255,70,98,52,255,70,98,52,255,70,99,52,255,69,98,52,255,70,98,52,255,70,99,52,255,70,98,52,255,68,97,52,255,69,98,52,255,70,98,52,255,69,97,52,255,68,97,52,255,69,97,52,255,65,94,49,255,70,98,52,255,69,98,52,255,70,99,52,255,67,95,50,255,70,98,52,255,70,98,52,255,67,95,50,255,67,95,49,255,67,95,49,255,66,95,49,255,67,95,50,255,66,94,49,255,67,95,50,255,67,95,49,255,66,94,49,255,66,95,49,255,66,95,49,255,65,93,49,255,66,95,49,255,66,95,49,255,66,95,49,255,66,94,49,255,65,94,49,255,66,94,49,255,66,95,49,255,66,94,49,255,66,94,49,255,66,95,49,255,65,94,49,255,65,94,49,255,66,94,49,255,65,93,49,255,66,95,49,255,66,94,49,255,66,94,49,255,65,93,49,255,66,94,49,255,66,94,49,255,66,95,49,255,66,95,49,255,65,94,49,255,66,95,49,255,66,95,49,255,66,95,49,255,67,95,49,255,68,97,51,255,69,98,52,255,68,97,51,255,65,94,49,255,69,97,52,255,69,98,52,255,68,97,51,255,66,94,49,255,70,98,52,255,70,98,52,255,68,97,52,255,69,97,52,255,68,97,51,255,69,98,52,255,68,97,52,255,68,97,51,255,68,97,51,255,68,97,52,255,68,97,51,255,69,98,52,255,69,98,52,255,68,97,52,255,69,98,52,255,69,98,52,255,69,98,52,255,69,98,52,255,68,97,52,255,68,97,52,255,68,97,52,255,69,98,52,255,64,94,49,255,69,98,52,255,67,97,51,255,68,97,51,255,69,98,52,255,68,97,52,255,68,97,52,255,69,98,52,255,68,97,52,255,68,97,51,255,68,97,51,255,68,97,51,255,67,97,51,255,69,98,52,255,69,98,52,255,68,97,51,255,67,96,51,255,68,98,52,255,69,98,52,255,68,97,52,255,67,97,51,255,67,97,51,255,68,97,51,255,68,97,51,255,68,97,52,255,68,97,52,255,68,97,51,255,68,97,51,255,67,96,51,255,67,97,51,255,69,98,52,255,67,96,51,255,67,96,51,255,68,97,51,255,68,97,52,255,66,96,51,255,66,96,51,255,68,98,52,255,68,97,52,255,68,97,51,255,67,97,51,255,68,97,52,255,68,97,52,255,67,96,51,255,67,97,51,255,67,96,51,255,68,97,51,255,66,96,51,255,67,96,51,255,67,97,51,255,66,96,51,255,67,97,51,255,68,97,51,255,68,97,52,255,67,96,51,255,67,97,51,255,68,97,51,255,68,97,52,255,68,97,52,255,67,96,51,255,66,96,51,255,67,97,51,255,68,97,51,255,68,97,52,255,68,97,52,255,68,97,52,255,67,97,51,255,66,96,51,255,68,97,51,255,66,96,51,255,66,96,51,255,67,97,51,255,66,96,51,255,67,97,51,255,67,97,51,255,67,97,51,255,67,97,51,255,67,96,51,255,68,97,52,255,66,96,51,255,68,97,52,255,68,97,51,255,68,97,51,255,67,97,51,255,66,96,51,255,67,97,51,255,66,96,51,255,66,96,51,255,68,97,51,255,67,97,51,255,66,96,51,255,67,97,51,255,68,97,51,255,66,96,50,255,67,97,51,255,66,96,51,255,67,97,51,255,66,96,51,255,67,97,51,255,67,97,51,255,67,97,51,255,68,97,51,255,67,97,51,255,66,96,51,255,67,97,51,255,62,92,48,255,67,97,51,255,67,97,51,255,68,97,51,255,68,97,52,255,67,97,51,255,68,97,51,255,68,97,52,255,68,97,52,255,62,93,48,255,68,97,51,255,68,97,51,255,68,97,51,255,67,97,51,255,68,97,52,255,68,97,52,255,67,97,51,255,68,97,51,255,68,97,51,255,68,97,51,255,67,97,51,255,67,97,51,255,67,97,51,255,69,98,52,255,68,97,52,255,68,97,52,255,70,98,52,255,68,97,52,255,68,97,51,255,69,98,52,255,68,97,51,255,69,98,52,255,69,98,52,255,68,97,52,255,68,97,51,255,69,98,52,255,67,97,51,255,69,98,52,255,68,97,51,255,69,98,52,255,69,98,52,255,67,95,50,255,67,95,50,255,65,94,49,255,68,97,51,255,66,95,49,255,65,93,49,255,66,94,49,255,70,99,52,255,66,94,49,255,66,94,49,255,66,94,49,255,69,97,52,255,65,94,49,255,66,94,49,255,67,95,49,255,70,98,52,255,70,99,52,255,69,98,52,255,70,98,52,255,70,99,52,255,70,99,52,255,69,97,52,255,70,98,52,255,69,97,52,255,70,98,52,255,70,99,52,255,69,98,52,255,70,99,52,255,70,98,52,255,70,99,52,255,70,98,52,255,69,97,52,255,70,98,52,255,71,99,52,255,70,98,52,255,70,99,52,255,70,99,52,255,70,98,52,255,69,98,52,255,69,97,52,255,70,98,52,255,70,99,52,255,69,97,52,255,69,98,52,255,69,97,52,255,70,98,52,255,70,98,52,255,70,98,52,255,70,99,52,255,69,98,52,255,70,99,52,255,70,98,52,255,70,99,52,255,69,97,52,255,70,98,52,255,69,98,52,255,69,98,52,255,69,97,52,255,69,98,52,255,70,98,52,255,70,98,52,255,69,98,52,255,70,98,52,255,70,99,52,255,69,98,52,255,69,98,52,255,66,94,49,255,70,99,52,255,69,98,52,255,70,98,52,255,67,95,49,255,69,97,52,255,70,99,52,255,69,98,52,255,66,94,49,255,70,99,52,255,69,97,52,255,66,94,49,255,66,94,49,255,67,95,49,255,60,89,46,255,66,94,49,255,66,95,49,255,66,95,49,255,67,95,50,255,67,95,49,255,65,94,49,255,66,94,49,255,65,94,49,255,66,94,49,255,66,94,49,255,66,95,49,255,67,95,50,255,65,93,49,255,66,94,49,255,66,94,49,255,69,98,52,255,69,98,52,255,69,98,52,255,66,95,49,255,70,98,52,255,69,98,52,255,68,97,52,255,69,98,52,255,69,98,52,255,64,94,49,255,70,98,52,255,68,97,52,255,69,97,52,255,68,97,52,255,68,97,52,255,69,98,52,255,68,97,51,255,69,98,52,255,68,97,51,255,69,98,52,255,68,97,51,255,69,98,52,255,69,98,52,255,69,98,52,255,63,93,49,255,68,97,51,255,69,98,52,255,68,97,52,255,69,98,52,255,68,97,51,255,68,97,51,255,68,97,51,255,68,97,52,255,64,94,49,255,53,89,48,255,69,98,52,255,68,97,52,255,69,98,52,255,53,89,48,255,69,98,52,255,69,98,52,255,68,97,52,255,53,89,48,255,69,98,52,255,69,98,52,255,69,98,52,255,52,88,48,255,56,90,49,255,74,101,54,255,75,101,54,255,73,100,53,255,57,91,49,255,74,100,53,255,74,101,54,255,80,105,56,255,56,91,49,255,75,101,54,255,74,100,53,255,75,101,54,255,56,90,49,255,75,101,54,255,74,101,54,255,75,101,54,255,74,101,54,255,74,101,54,255,73,100,53,255,73,100,53,255,74,101,54,255,73,100,53,255,74,101,54,255,74,101,54,255,74,101,54,255,73,100,53,255,73,100,53,255,73,100,53,255,73,100,53,255,73,100,53,255,74,101,54,255,72,99,53,255,68,95,50,255,75,101,53,255,69,96,50,255,72,99,52,255,69,96,50,255,69,96,50,255,69,96,50,255,71,99,52,255,70,97,51,255,68,95,50,255,69,96,50,255,73,100,53,255,70,97,51,255,70,96,51,255,68,95,50,255,72,99,53,255,73,100,53,255,73,100,53,255,73,100,53,255,72,99,52,255,73,100,53,255,72,99,53,255,73,100,53,255,73,100,53,255,72,99,52,255,72,99,53,255,73,100,53,255,73,100,53,255,72,99,53,255,78,105,56,255,71,99,52,255,73,100,53,255,72,99,53,255,71,99,52,255,73,100,53,255,72,99,52,255,73,100,53,255,73,100,53,255,72,99,53,255,77,104,55,255,78,104,56,255,72,99,53,255,72,100,53,255,73,100,53,255,73,100,53,255,72,99,53,255,73,100,53,255,73,100,53,255,71,99,52,255,73,100,53,255,73,100,53,255,73,100,53,255,72,99,52,255,72,99,53,255,72,99,53,255,72,100,53,255,73,100,53,255,73,100,53,255,71,99,52,255,72,99,53,255,72,99,53,255,72,99,53,255,71,99,52,255,73,100,53,255,71,99,52,255,72,99,53,255,73,100,53,255,71,99,52,255,77,103,55,255,72,100,53,255,71,99,52,255,72,99,53,255,72,99,53,255,71,99,52,255,78,104,56,255,72,99,53,255,71,99,52,255,71,99,52,255,71,99,52,255,73,100,53,255,72,99,53,255,70,99,52,255,76,103,55,255,72,99,53,255,71,99,52,255,72,99,53,255,77,104,55,255,72,99,53,255,71,99,52,255,72,99,53,255,67,95,50,255,71,99,52,255,72,99,53,255,72,100,53,255,77,104,55,255,73,100,53,255,71,99,52,255,70,98,52,255,71,99,52,255,71,99,52,255,73,100,53,255,71,99,53,255,72,100,53,255,70,99,52,255,71,99,52,255,71,99,52,255,72,99,53,255,71,99,52,255,70,98,52,255,71,99,52,255,71,99,52,255,70,99,52,255,77,104,55,255,70,99,52,255,70,98,52,255,71,99,52,255,72,99,53,255,70,98,52,255,72,99,53,255,71,99,53,255,70,99,52,255,70,98,52,255,71,99,52,255,70,98,52,255,70,98,52,255,71,99,52,255,71,99,52,255,71,99,52,255,71,99,52,255,70,98,52,255,71,99,52,255,71,99,52,255,71,99,52,255,70,98,52,255,66,95,50,255,70,98,52,255,70,98,52,255,70,98,52,255,72,99,53,255,70,99,52,255,70,98,52,255,71,99,53,255,71,99,52,255,70,98,52,255,70,99,52,255,71,99,52,255,71,99,52,255,71,99,52,255,70,99,52,255,70,98,52,255,70,99,52,255,71,99,52,255,71,99,52,255,71,99,52,255,70,98,52,255,71,99,52,255,75,103,54,255,72,99,53,255,70,99,52,255,72,99,53,255,71,99,52,255,71,99,52,255,72,99,53,255,70,99,52,255,72,99,53,255,71,99,52,255,71,99,52,255,71,99,52,255,72,99,53,255,72,100,53,255,71,99,53,255,70,99,52,255,72,99,53,255,77,104,55,255,70,98,52,255,72,99,53,255,72,100,53,255,77,104,55,255,72,100,53,255,71,99,52,255,72,99,53,255,71,99,52,255,71,99,52,255,70,99,52,255,71,99,52,255,72,99,53,255,71,99,52,255,72,100,53,255,72,100,53,255,71,99,52,255,71,99,52,255,72,100,53,255,72,100,53,255,70,98,52,255,72,100,53,255,71,99,52,255,72,99,53,255,71,99,53,255,71,99,52,255,72,100,53,255,77,104,55,255,72,100,53,255,72,100,53,255,72,100,53,255,72,100,53,255,72,100,53,255,71,99,52,255,71,99,52,255,72,99,53,255,71,99,52,255,70,99,52,255,71,99,52,255,72,99,53,255,70,98,52,255,70,98,52,255,70,98,52,255,71,99,52,255,70,98,52,255,70,98,52,255,70,99,52,255,71,99,52,255,71,99,52,255,71,99,53,255,72,99,53,255,70,98,52,255,70,99,52,255,70,99,52,255,70,99,52,255,70,98,52,255,70,98,52,255,72,99,53,255,70,99,52,255,70,98,52,255,71,99,52,255,71,99,52,255,70,98,52,255,71,99,52,255,72,99,53,255,70,99,52,255,76,103,55,255,71,99,52,255,70,98,52,255,70,98,52,255,70,98,52,255,71,99,52,255,70,99,52,255,71,99,53,255,70,98,52,255,70,99,52,255,70,99,52,255,71,99,52,255,70,98,52,255,71,99,53,255,71,99,52,255,70,99,52,255,70,99,52,255,70,98,52,255,70,98,52,255,70,98,52,255,70,99,52,255,71,99,52,255,70,99,52,255,70,98,52,255,71,99,52,255,70,98,52,255,69,98,52,255,70,99,52,255,71,99,52,255,70,98,52,255,69,98,52,255,69,97,52,255,70,98,52,255,70,99,52,255,70,99,52,255,70,99,52,255,70,98,52,255,70,98,52,255,70,99,52,255,70,98,52,255,70,98,52,255,69,98,52,255,70,99,52,255,70,98,52,255,69,98,52,255,70,99,52,255,70,98,52,255,69,98,52,255,69,97,52,255,70,99,52,255,69,98,52,255,69,98,52,255,70,99,52,255,70,99,52,255,70,98,52,255,70,98,52,255,68,97,52,255,70,98,52,255,70,99,52,255,70,98,52,255,69,98,52,255,66,95,49,255,66,95,49,255,66,95,49,255,66,94,49,255,70,99,52,255,69,98,52,255,69,97,52,255,69,98,52,255,69,98,52,255,70,99,52,255,68,97,52,255,69,98,52,255,66,94,49,255,67,95,49,255,66,94,49,255,65,93,49,255,66,94,49,255,66,94,49,255,66,95,49,255,66,94,49,255,69,98,52,255,69,98,52,255,70,99,52,255,69,97,52,255,70,99,52,255,70,98,52,255,70,98,52,255,68,97,52,255,66,94,49,255,66,95,49,255,65,94,49,255,70,98,52,255,65,94,49,255,66,94,49,255,66,94,49,255,66,95,49,255,69,97,52,255,66,95,49,255,70,98,52,255,70,99,52,255,70,99,52,255,69,98,52,255,70,99,52,255,69,97,52,255,70,98,52,255,69,97,52,255,68,97,52,255,69,98,52,255,67,95,50,255,66,95,49,255,70,99,52,255,68,97,52,255,69,98,52,255,70,98,52,255,70,99,52,255,70,98,52,255,70,98,52,255,70,98,52,255,70,99,52,255,70,98,52,255,71,99,52,255,70,99,52,255,71,99,52,255,70,98,52,255,70,99,52,255,70,98,52,255,70,99,52,255,70,98,52,255,69,98,52,255,70,98,52,255,70,99,52,255,70,98,52,255,70,98,52,255,71,99,52,255,71,99,52,255,70,98,52,255,70,98,52,255,69,98,52,255,70,98,52,255,70,98,52,255,70,99,52,255,69,97,52,255,70,99,52,255,69,98,52,255,70,99,52,255,69,98,52,255,70,98,52,255,71,99,52,255,69,98,52,255,71,99,52,255,70,98,52,255,66,95,49,255,70,98,52,255,71,99,53,255,70,98,52,255,69,98,52,255,70,98,52,255,70,98,52,255,70,99,52,255,70,98,52,255,70,99,52,255,70,98,52,255,71,99,52,255,70,99,52,255,70,99,52,255,70,98,52,255,70,98,52,255,70,98,52,255,70,98,52,255,71,99,52,255,70,99,52,255,76,103,54,255,70,99,52,255,70,98,52,255,71,99,52,255,76,103,55,255,70,98,52,255,70,99,52,255,70,99,52,255,71,99,52,255,71,99,53,255,70,98,52,255,71,99,52,255,71,99,53,255,71,99,52,255,71,99,52,255,66,95,49,255,71,99,52,255,70,98,52,255,70,99,52,255,71,99,52,255,77,104,55,255,71,99,53,255,70,99,52,255,72,99,53,255,71,99,53,255,71,99,53,255,71,99,52,255,77,103,55,255,71,99,52,255,71,99,52,255,66,95,49,255,76,103,55,255,71,99,52,255,71,99,52,255,71,99,52,255,70,98,52,255,70,99,52,255,72,99,53,255,71,99,53,255,70,98,52,255,70,98,52,255,70,98,52,255,72,99,53,255,71,99,53,255,70,98,52,255,71,99,53,255,71,99,53,255,72,100,53,255,71,99,52,255,70,98,52,255,70,98,52,255,70,98,52,255,71,99,53,255,70,99,52,255,71,99,52,255,72,99,53,255,72,99,53,255,72,99,53,255,76,103,55,255,71,99,52,255,72,99,53,255,71,99,52,255,70,99,52,255,72,99,53,255,71,99,52,255,72,99,53,255,70,99,52,255,71,99,52,255,71,99,52,255,72,100,53,255,72,100,53,255,72,99,53,255,77,104,55,255,72,99,53,255,73,100,53,255,71,99,52,255,71,99,52,255,72,99,53,255,70,99,52,255,72,99,53,255,73,100,53,255,71,99,52,255,72,99,53,255,71,99,52,255,73,100,53,255,72,99,53,255,73,100,53,255,73,100,53,255,73,100,53,255,73,100,53,255,72,100,53,255,72,100,53,255,71,99,52,255,72,100,53,255,71,99,52,255,71,99,52,255,73,100,53,255,71,99,52,255,72,99,53,255,71,99,52,255,73,100,53,255,73,100,53,255,72,99,53,255,73,100,53,255,73,100,53,255,72,99,53,255,73,100,53,255,73,100,53,255,72,100,53,255,73,100,53,255,72,99,53,255,72,99,52,255,73,100,53,255,71,99,52,255,71,99,52,255,71,99,52,255,73,100,53,255,73,100,53,255,73,100,53,255,70,96,51,255,70,97,51,255,72,99,53,255,71,99,52,255,73,100,53,255,69,96,50,255,78,105,56,255,72,99,53,255,71,99,52,255,72,99,53,255,72,99,53,255,72,99,53,255,72,99,53,255,73,100,53,255,69,96,51,255,70,97,51,255,69,96,51,255,69,96,50,255,68,95,50,255,69,96,50,255,69,96,50,255,70,97,51,255,72,99,53,255,70,97,51,255,75,101,53,255,69,96,50,255,71,99,52,255,73,100,53,255,71,99,52,255,69,96,50,255,70,97,51,255,74,100,52,255,70,97,51,255,69,96,50,255,68,95,50,255,69,96,50,255,70,97,51,255,70,97,51,255,68,95,50,255,70,97,51,255,68,95,50,255,76,101,54,255,70,97,51,255,70,96,51,255,70,97,51,255,69,96,50,255,64,92,47,255,69,96,50,255,69,96,51,255,72,99,53,255,70,97,51,255,70,96,51,255,69,96,50,255,70,97,51,255,65,93,48,255,70,97,51,255,69,96,50,255,70,97,51,255,68,95,50,255,70,97,51,255,70,96,51,255,70,97,51,255,73,100,53,255,73,100,53,255,72,99,53,255,69,96,50,255,69,96,50,255,73,100,53,255,69,95,50,255,68,95,50,255,74,100,53,255,69,96,50,255,70,97,51,255,70,97,51,255,69,96,50,255,69,96,50,255,70,97,51,255,69,96,50,255,69,96,50,255,64,92,47,255,70,97,51,255,69,96,50,255,69,96,50,255,70,97,51,255,69,96,50,255,77,104,55,255,70,97,51,255,69,96,50,255,70,97,51,255,72,99,53,255,74,100,53,255,68,96,50,255,68,95,50,255,71,99,52,255,72,99,53,255,72,99,53,255,72,99,53,255,72,99,53,255,73,100,53,255,66,95,49,255,71,99,52,255,72,100,53,255,72,100,53,255,72,99,53,255,70,99,52,255,72,100,53,255,71,99,52,255,78,104,55,255,73,100,53,255,72,100,53,255,70,98,52,255,71,99,52,255,72,99,53,255,70,98,52,255,71,99,52,255,71,99,53,255,71,99,52,255,70,98,52,255,71,99,52,255,70,99,52,255,71,99,53,255,70,98,52,255,71,99,52,255,72,99,53,255,70,98,52,255,71,99,53,255,71,99,52,255,71,99,52,255,69,98,52,255,64,93,49,255,69,98,52,255,70,98,52,255,71,99,52,255,69,97,52,255,70,99,52,255,70,99,52,255,69,98,52,255,69,98,52,255,69,98,52,255,70,98,52,255,70,98,52,255,68,97,52,255,69,97,52,255,65,94,49,255,67,95,49,255,67,95,50,255,69,98,52,255,66,94,49,255,66,94,49,255,66,95,49,255,66,94,49,255,67,95,50,255,66,95,49,255,67,95,49,255,67,95,50,255,66,94,49,255,66,94,49,255,69,98,52,255,66,94,49,255,66,94,49,255,67,95,49,255,66,94,49,255,66,95,49,255,66,95,49,255,66,95,49,255,66,95,49,255,65,93,49,255,66,94,49,255,68,97,52,255,70,99,52,255,68,97,52,255,69,98,52,255,70,99,52,255,68,97,52,255,66,95,49,255,66,95,49,255,67,95,50,255,66,94,49,255,66,94,49,255,65,93,49,255,66,95,49,255,65,93,49,255,66,94,49,255,66,94,49,255,65,94,49,255,65,94,49,255,68,97,51,255,68,97,51,255,69,98,52,255,68,97,51,255,66,95,49,255,66,94,49,255,67,95,50,255,66,94,49,255,66,95,49,255,67,95,49,255,66,95,49,255,65,94,49,255,66,94,49,255,66,95,49,255,66,94,49,255,66,94,49,255,68,97,52,255,70,98,52,255,66,94,49,255,66,94,49,255,67,95,50,255,66,94,49,255,66,94,49,255,67,95,50,255,65,94,49,255,66,94,49,255,66,95,49,255,67,95,49,255,66,95,49,255,66,94,49,255,66,94,49,255,67,95,50,255,65,93,49,255,66,94,49,255,65,93,49,255,66,94,49,255,67,95,49,255,66,95,49,255,66,94,49,255,66,94,49,255,66,95,49,255,67,95,49,255,67,95,49,255,67,95,50,255,66,94,49,255,67,95,49,255,65,94,49,255,66,94,49,255,66,95,49,255,65,93,49,255,65,94,49,255,66,94,49,255,69,97,52,255,69,97,52,255,70,99,52,255,70,98,52,255,65,94,49,255,67,95,50,255,68,97,52,255,69,97,52,255,66,95,49,255,66,94,49,255,67,95,50,255,67,95,50,255,66,95,49,255,65,94,49,255,67,95,50,255,66,95,49,255,70,98,52,255,64,93,49,255,70,98,52,255,69,98,52,255,70,98,52,255,70,99,52,255,70,99,52,255,69,98,52,255,67,95,49,255,66,94,49,255,67,95,50,255,65,94,49,255,66,95,49,255,67,95,50,255,66,95,49,255,66,94,49,255,69,98,52,255,70,99,52,255,70,99,52,255,65,94,49,255,68,97,52,255,70,98,52,255,66,94,49,255,66,94,49,255,66,95,49,255,61,90,46,255,66,94,49,255,66,94,49,255,66,95,49,255,66,94,49,255,66,94,49,255,65,93,49,255,66,94,49,255,66,94,49,255,67,95,50,255,66,95,49,255,67,95,49,255,66,94,49,255,67,95,49,255,67,95,50,255,67,95,50,255,65,93,49,255,65,93,49,255,66,94,49,255,66,94,49,255,67,95,49,255,65,93,49,255,66,94,49,255,65,93,49,255,66,94,49,255,66,94,49,255,65,94,49,255,65,93,49,255,66,94,49,255,66,94,49,255,66,94,49,255,65,93,49,255,67,95,49,255,66,95,49,255,66,95,49,255,66,94,49,255,67,95,49,255,68,97,52,255,69,98,52,255,65,94,49,255,66,94,49,255,66,95,49,255,68,97,51,255,65,93,49,255,66,95,49,255,69,98,52,255,68,97,51,255,70,98,52,255,68,97,51,255,68,97,52,255,68,97,52,255,70,98,52,255,68,97,52,255,69,98,52,255,68,97,51,255,68,97,52,255,68,97,51,255,68,97,52,255,68,97,52,255,69,98,52,255,69,98,52,255,68,97,52,255,69,98,52,255,68,97,51,255,68,97,51,255,69,98,52,255,69,98,52,255,68,97,51,255,68,97,51,255,68,97,52,255,69,98,52,255,69,98,52,255,68,97,51,255,68,97,51,255,68,97,51,255,68,97,52,255,68,97,51,255,68,97,51,255,67,97,51,255,69,98,52,255,68,97,52,255,69,98,52,255,69,98,52,255,68,97,51,255,68,97,51,255,69,98,52,255,68,97,52,255,69,98,52,255,69,98,52,255,68,97,52,255,68,97,52,255,68,97,51,255,69,98,52,255,68,97,51,255,68,98,52,255,68,97,52,255,67,96,51,255,68,97,51,255,68,98,52,255,69,98,52,255,68,98,52,255,68,97,52,255,67,97,51,255,68,97,52,255,67,97,51,255,68,97,52,255,64,94,49,255,67,96,51,255,68,98,52,255,68,97,52,255,68,97,51,255,67,96,51,255,68,97,51,255,68,97,51,255,68,97,52,255,68,97,52,255,66,96,51,255,67,96,51,255,68,98,52,255,62,92,48,255,67,97,51,255,67,97,51,255,66,96,51,255,67,97,51,255,68,97,52,255,67,97,51,255,68,97,52,255,67,97,51,255,66,96,51,255,67,97,51,255,67,97,51,255,68,98,52,255,67,97,51,255,66,96,51,255,67,97,51,255,67,96,51,255,66,96,51,255,66,96,51,255,61,92,48,255,66,96,51,255,68,97,52,255,67,97,51,255,67,97,51,255,67,97,51,255,67,97,51,255,66,96,51,255,67,96,51,255,67,97,51,255,68,97,51,255,68,97,52,255,68,97,51,255,67,97,51,255,66,96,51,255,67,97,51,255,67,97,51,255,66,96,51,255,66,96,51,255,66,96,51,255,67,97,51,255,68,97,52,255,66,96,51,255,67,96,51,255,67,97,51,255,67,97,51,255,67,97,51,255,67,97,51,255,67,97,51,255,66,96,51,255,66,96,51,255,66,96,51,255,66,96,51,255,67,97,51,255,67,97,51,255,67,96,51,255,66,96,51,255,66,96,50,255,67,96,51,255,68,97,51,255,66,96,51,255,66,96,51,255,67,97,51,255,66,96,51,255,66,96,51,255,66,96,51,255,66,96,51,255,67,97,51,255,68,97,51,255,66,96,51,255,68,97,51,255,67,96,51,255,67,97,51,255,66,96,51,255,67,97,51,255,67,97,51,255,67,96,51,255,67,97,51,255,68,97,52,255,66,96,51,255,68,97,51,255,68,97,51,255,68,97,52,255,67,97,51,255,69,98,52,255,67,97,51,255,68,97,51,255,67,96,51,255,69,98,52,255,67,96,51,255,68,97,51,255,68,97,52,255,68,97,52,255,67,96,51,255,68,97,51,255,68,97,52,255,67,97,51,255,68,97,51,255,68,97,51,255,68,97,51,255,69,98,52,255,69,98,52,255,68,97,52,255,68,97,52,255,69,98,52,255,69,98,52,255,68,97,52,255,68,97,52,255,68,97,52,255,68,97,52,255,68,97,52,255,68,97,51,255,69,98,52,255,69,98,52,255,65,93,49,255,66,94,49,255,65,94,49,255,70,98,52,255,65,93,49,255,66,94,49,255,65,93,49,255,68,97,51,255,65,93,49,255,67,95,49,255,61,90,47,255,69,98,52,255,60,89,46,255,66,94,49,255,65,94,49,255,66,94,49,255,70,99,52,255,70,98,52,255,69,98,52,255,66,95,49,255,70,99,52,255,69,97,52,255,70,98,52,255,66,95,49,255,69,97,52,255,70,98,52,255,69,98,52,255,67,95,50,255,66,95,49,255,70,99,52,255,69,98,52,255,69,97,52,255,69,97,52,255,70,98,52,255,70,99,52,255,65,94,49,255,70,98,52,255,70,99,52,255,70,98,52,255,70,98,52,255,69,97,52,255,70,99,52,255,69,97,52,255,70,98,52,255,70,98,52,255,69,98,52,255,70,98,52,255,70,98,52,255,69,98,52,255,70,99,52,255,69,98,52,255,69,98,52,255,70,98,52,255,69,97,52,255,69,98,52,255,70,98,52,255,69,97,52,255,70,98,52,255,69,97,52,255,69,97,52,255,69,97,52,255,69,98,52,255,66,94,49,255,70,98,52,255,70,99,52,255,66,94,49,255,66,94,49,255,68,97,52,255,66,95,49,255,67,95,50,255,66,94,49,255,67,95,49,255,67,95,50,255,66,95,49,255,66,95,49,255,67,95,49,255,66,95,49,255,66,95,49,255,65,93,49,255,66,95,49,255,65,94,49,255,65,93,49,255,70,98,52,255,66,94,49,255,66,94,49,255,65,94,49,255,69,98,52,255,65,94,49,255,61,90,47,255,69,98,52,255,68,97,52,255,66,95,49,255,68,97,52,255,68,97,51,255,65,94,49,255,68,97,52,255,69,98,52,255,69,98,52,255,68,97,52,255,68,97,52,255,69,98,52,255,68,97,51,255,69,98,52,255,68,97,51,255,68,97,51,255,68,97,52,255,69,98,52,255,69,98,52,255,68,97,52,255,69,98,52,255,68,97,52,255,68,97,51,255,68,97,51,255,68,97,52,255,69,98,52,255,68,97,52,255,68,97,52,255,68,97,52,255,69,98,52,255,69,98,52,255,68,97,51,255,69,98,52,255,67,97,51,255,69,98,52,255,69,98,52,255,68,97,51,255,67,97,51,255,68,97,51,255,68,97,52,255,69,98,52,255,52,88,48,255,68,98,52,255,67,97,51,255,68,97,51,255,53,89,48,255,69,98,52,255,69,98,52,255,65,97,52,255,43,81,44,255,66,97,52,255,59,93,51,255,43,81,44,255,64,101,60,255,56,91,49,255,71,98,51,255,74,101,54,255,75,101,54,255,56,90,49,255,74,100,54,255,75,101,54,255,73,100,53,255,57,91,49,255,74,100,53,255,80,106,56,255,73,100,53,255,56,91,49,255,74,101,54,255,74,101,54,255,74,101,54,255,70,97,51,255,73,100,53,255,72,99,53,255,72,99,53,255,74,101,54,255,74,101,54,255,72,99,53,255,74,101,54,255,74,101,54,255,73,100,53,255,73,99,53,255,73,99,53,255,73,100,53,255,73,100,53,255,73,100,53,255,73,100,53,255,64,92,47,255,69,96,50,255,64,91,47,255,71,99,52,255,70,97,51,255,68,95,50,255,69,96,51,255,72,99,52,255,70,97,51,255,70,96,51,255,69,96,50,255,72,100,53,255,69,96,50,255,69,96,50,255,68,96,50,255,73,100,53,255,71,99,52,255,72,100,53,255,77,104,55,255,78,104,55,255,73,100,53,255,72,99,52,255,73,100,53,255,72,100,53,255,72,99,53,255,72,99,53,255,72,99,53,255,72,99,52,255,72,99,53,255,72,100,53,255,71,99,52,255,72,99,53,255,72,99,53,255,73,100,53,255,73,100,53,255,72,99,53,255,71,99,52,255,72,99,53,255,73,100,53,255,73,100,53,255,71,99,52,255,72,99,53,255,76,103,55,255,71,99,52,255,73,100,53,255,72,99,53,255,73,100,53,255,72,99,52,255,73,100,53,255,77,104,55,255,73,100,53,255,72,99,53,255,72,99,52,255,73,100,53,255,73,100,53,255,77,104,55,255,72,99,53,255,72,99,53,255,73,100,53,255,73,100,53,255,71,99,52,255,73,100,53,255,73,100,53,255,72,99,53,255,66,95,49,255,73,100,53,255,72,99,53,255,73,100,53,255,72,99,52,255,72,99,53,255,77,104,55,255,72,99,53,255,72,99,53,255,73,100,53,255,77,103,55,255,72,100,53,255,73,100,53,255,73,100,53,255,67,95,50,255,71,99,52,255,71,99,52,255,73,100,53,255,72,99,53,255,71,99,52,255,71,99,52,255,71,99,52,255,77,104,55,255,71,99,52,255,71,99,52,255,72,99,53,255,72,99,53,255,72,99,52,255,71,99,52,255,71,99,52,255,73,100,53,255,71,99,52,255,72,99,52,255,71,99,52,255,71,99,52,255,71,99,52,255,73,100,53,255,71,99,52,255,73,100,53,255,72,99,53,255,72,99,53,255,72,99,53,255,72,100,53,255,76,103,55,255,73,100,53,255,72,99,53,255,71,99,52,255,73,100,53,255,71,99,52,255,71,99,52,255,72,99,53,255,71,99,52,255,71,99,52,255,71,99,52,255,71,99,52,255,71,99,52,255,73,100,53,255,72,99,53,255,71,99,52,255,72,99,53,255,73,100,53,255,71,99,52,255,72,99,53,255,70,99,52,255,70,98,52,255,72,99,53,255,77,103,55,255,71,99,52,255,72,99,53,255,71,99,52,255,70,98,52,255,71,99,52,255,70,98,52,255,71,99,52,255,70,98,52,255,72,100,53,255,72,100,53,255,71,99,52,255,71,99,52,255,71,99,53,255,70,98,52,255,70,99,52,255,71,99,53,255,71,99,52,255,70,99,52,255,72,99,53,255,70,99,52,255,71,99,52,255,72,100,53,255,70,98,52,255,71,99,53,255,72,99,53,255,72,99,53,255,72,99,53,255,72,99,53,255,71,99,52,255,72,100,53,255,71,99,52,255,72,100,53,255,72,100,53,255,71,99,53,255,72,100,53,255,72,100,53,255,70,98,52,255,72,100,53,255,72,99,53,255,71,99,52,255,72,99,53,255,71,99,52,255,70,99,52,255,72,99,53,255,72,100,53,255,72,100,53,255,71,99,53,255,72,100,53,255,71,99,52,255,71,99,52,255,72,99,53,255,72,99,53,255,71,99,52,255,72,100,53,255,72,99,53,255,71,99,52,255,72,99,53,255,71,99,52,255,70,99,52,255,71,99,52,255,72,100,53,255,71,99,52,255,72,99,53,255,71,99,52,255,71,99,52,255,71,99,52,255,70,98,52,255,71,99,52,255,72,99,53,255,72,100,53,255,77,103,55,255,72,99,53,255,70,98,52,255,71,99,52,255,70,99,52,255,72,99,53,255,70,98,52,255,71,99,52,255,70,99,52,255,71,99,52,255,71,99,53,255,71,99,52,255,71,99,52,255,70,98,52,255,71,99,52,255,71,99,52,255,72,100,53,255,70,99,52,255,70,98,52,255,67,96,50,255,72,99,53,255,71,99,52,255,71,99,52,255,71,99,52,255,70,98,52,255,72,99,53,255,70,98,52,255,71,99,52,255,72,99,53,255,71,99,52,255,70,98,52,255,71,99,52,255,71,99,52,255,71,99,52,255,71,99,52,255,70,99,52,255,70,99,52,255,70,99,52,255,70,98,52,255,71,99,53,255,71,99,52,255,70,99,52,255,69,98,52,255,71,99,52,255,70,98,52,255,69,98,52,255,70,99,52,255,70,99,52,255,70,98,52,255,70,98,52,255,69,98,52,255,70,99,52,255,70,99,52,255,69,98,52,255,70,98,52,255,69,97,52,255,70,99,52,255,69,98,52,255,70,99,52,255,70,98,52,255,69,98,52,255,70,98,52,255,68,97,52,255,69,98,52,255,69,98,52,255,69,98,52,255,67,95,50,255,70,99,52,255,70,99,52,255,67,95,49,255,67,95,50,255,69,98,52,255,70,99,52,255,66,95,49,255,67,95,49,255,66,94,49,255,65,94,49,255,66,94,49,255,66,95,49,255,66,94,49,255,66,94,49,255,66,95,49,255,65,93,49,255,66,94,49,255,65,93,49,255,68,97,51,255,69,98,52,255,66,95,49,255,66,94,49,255,67,95,50,255,66,94,49,255,66,94,49,255,66,95,49,255,66,94,49,255,69,98,52,255,68,97,51,255,68,97,52,255,69,98,52,255,68,97,51,255,69,97,52,255,68,97,52,255,69,98,52,255,68,97,51,255,66,94,49,255,66,94,49,255,66,94,49,255,66,94,49,255,69,98,52,255,69,98,52,255,70,98,52,255,68,97,51,255,68,97,52,255,69,98,52,255,68,97,52,255,68,97,51,255,68,97,51,255,68,97,51,255,68,97,51,255,68,97,51,255,66,94,49,255,66,94,49,255,65,93,49,255,66,94,49,255,68,97,51,255,68,97,52,255,66,94,49,255,65,93,49,255,69,98,52,255,68,97,52,255,68,97,52,255,70,98,52,255,69,98,52,255,68,97,51,255,69,98,52,255,70,98,52,255,67,95,50,255,66,94,49,255,66,95,49,255,70,98,52,255,66,95,49,255,66,95,49,255,66,95,49,255,66,95,49,255,67,95,50,255,67,95,50,255,66,95,49,255,67,95,50,255,69,98,52,255,66,95,49,255,66,95,49,255,65,93,49,255,70,98,52,255,69,98,52,255,71,99,52,255,71,99,52,255,69,97,52,255,70,99,52,255,69,97,52,255,70,98,52,255,70,98,52,255,70,98,52,255,70,99,52,255,69,98,52,255,66,94,49,255,70,99,52,255,70,99,52,255,69,98,52,255,69,98,52,255,70,99,52,255,70,98,52,255,70,98,52,255,70,99,52,255,70,98,52,255,70,98,52,255,71,99,52,255,70,99,52,255,70,99,52,255,71,99,53,255,71,99,52,255,70,98,52,255,70,98,52,255,69,98,52,255,71,99,53,255,70,98,52,255,71,99,52,255,71,99,52,255,70,98,52,255,71,99,52,255,70,98,52,255,70,99,52,255,71,99,52,255,71,99,52,255,71,99,52,255,71,99,53,255,71,99,52,255,70,98,52,255,70,98,52,255,71,99,52,255,72,99,53,255,71,99,52,255,76,103,55,255,70,98,52,255,72,99,53,255,71,99,53,255,70,99,52,255,70,98,52,255,71,99,52,255,70,99,52,255,71,99,53,255,66,95,50,255,70,98,52,255,71,99,52,255,71,99,52,255,72,100,53,255,72,99,53,255,70,99,52,255,71,99,52,255,70,98,52,255,70,98,52,255,70,98,52,255,70,99,52,255,75,103,54,255,70,98,52,255,71,99,52,255,72,99,53,255,71,99,52,255,76,103,55,255,71,99,52,255,70,98,52,255,71,99,52,255,71,99,52,255,76,103,55,255,71,99,53,255,71,99,52,255,70,98,52,255,70,99,52,255,71,99,52,255,76,103,55,255,70,98,52,255,71,99,52,255,71,99,52,255,71,99,52,255,75,102,54,255,70,99,52,255,70,98,52,255,72,99,53,255,71,99,52,255,71,99,52,255,71,99,52,255,71,99,53,255,71,99,53,255,75,103,54,255,71,99,52,255,70,99,52,255,71,99,52,255,71,99,52,255,70,99,52,255,70,99,52,255,71,99,52,255,71,99,52,255,65,94,49,255,70,98,52,255,72,99,53,255,72,99,53,255,71,99,52,255,72,99,53,255,70,98,52,255,70,99,52,255,72,99,53,255,71,99,52,255,71,99,52,255,70,98,52,255,70,98,52,255,70,98,52,255,76,103,55,255,71,99,52,255,70,99,52,255,71,99,52,255,71,99,52,255,70,98,52,255,71,99,52,255,67,95,50,255,71,99,52,255,66,95,49,255,72,99,53,255,72,99,53,255,70,98,52,255,70,98,52,255,71,99,52,255,70,99,52,255,71,99,53,255,70,98,52,255,72,99,53,255,77,104,55,255,76,103,55,255,71,99,52,255,72,99,53,255,72,100,53,255,71,99,52,255,71,99,52,255,77,104,55,255,72,100,53,255,71,99,52,255,72,100,53,255,71,99,52,255,71,99,52,255,72,99,53,255,70,99,52,255,70,99,52,255,70,98,52,255,71,99,52,255,72,100,53,255,71,99,52,255,72,100,53,255,71,99,52,255,70,98,52,255,71,99,52,255,71,99,52,255,72,100,53,255,71,99,52,255,71,99,52,255,72,100,53,255,72,99,53,255,71,99,52,255,71,99,52,255,70,98,52,255,70,98,52,255,72,99,53,255,71,99,52,255,71,99,52,255,71,99,52,255,71,99,52,255,78,104,56,255,72,99,53,255,73,100,53,255,71,99,52,255,73,100,53,255,71,99,52,255,71,99,52,255,71,99,52,255,72,99,53,255,71,99,52,255,71,99,52,255,72,99,53,255,72,99,52,255,72,99,52,255,72,99,53,255,73,100,53,255,72,100,53,255,71,99,52,255,73,100,53,255,72,100,53,255,72,99,52,255,71,99,52,255,72,99,53,255,71,99,52,255,72,99,53,255,71,99,52,255,72,99,53,255,72,99,52,255,68,95,50,255,68,96,50,255,70,97,51,255,73,100,53,255,73,100,53,255,67,95,50,255,70,97,51,255,71,99,52,255,72,99,53,255,73,100,53,255,73,100,53,255,72,100,53,255,73,100,53,255,72,99,53,255,71,99,52,255,70,97,51,255,75,101,53,255,70,97,51,255,69,96,50,255,70,97,51,255,70,96,51,255,70,97,51,255,70,97,51,255,72,99,53,255,69,96,50,255,68,95,50,255,69,96,50,255,73,100,53,255,72,99,52,255,72,99,53,255,72,99,53,255,64,92,47,255,69,96,50,255,70,97,51,255,68,95,50,255,69,96,51,255,70,96,51,255,70,97,51,255,69,96,51,255,70,97,51,255,69,96,50,255,69,96,50,255,69,96,50,255,68,95,50,255,70,97,51,255,68,95,50,255,72,99,52,255,70,97,51,255,70,96,51,255,73,100,53,255,77,103,55,255,68,95,50,255,72,99,53,255,71,99,52,255,71,99,52,255,73,100,53,255,72,99,53,255,72,99,53,255,71,99,52,255,73,100,53,255,73,100,53,255,72,99,53,255,71,99,52,255,71,99,52,255,77,104,55,255,66,94,49,255,70,98,52,255,73,100,53,255,71,99,52,255,66,95,49,255,70,98,52,255,71,99,52,255,70,98,52,255,70,98,52,255,70,99,52,255,72,100,53,255,71,99,52,255,71,99,52,255,70,98,52,255,70,99,52,255,70,99,52,255,70,99,52,255,70,98,52,255,70,99,52,255,70,98,52,255,71,99,52,255,69,98,52,255,70,98,52,255,70,99,52,255,70,99,52,255,70,98,52,255,70,99,52,255,71,99,52,255,70,98,52,255,70,99,52,255,70,99,52,255,70,99,52,255,70,99,52,255,66,94,49,255,71,99,52,255,68,97,52,255,67,95,50,255,67,95,49,255,70,98,52,255,68,97,52,255,66,95,49,255,66,94,49,255,70,98,52,255,65,94,49,255,66,94,49,255,69,98,52,255,65,93,49,255,66,95,49,255,69,98,52,255,70,99,52,255,65,94,49,255,68,97,51,255,69,98,52,255,68,97,52,255,68,97,52,255,68,97,51,255,68,97,52,255,69,98,52,255,68,97,51,255,68,97,52,255,68,97,52,255,67,97,51,255,69,98,52,255,68,97,51,255,68,97,52,255,69,98,52,255,68,97,51,255,69,98,52,255,68,97,51,255,69,98,52,255,69,98,52,255,68,97,52,255,69,98,52,255,67,97,51,255,68,97,51,255,69,98,52,255,69,98,52,255,69,98,52,255,68,97,51,255,69,98,52,255,68,97,52,255,68,97,52,255,68,97,51,255,68,97,51,255,69,98,52,255,69,98,52,255,69,98,52,255,69,98,52,255,69,98,52,255,69,98,52,255,69,98,52,255,69,98,52,255,69,98,52,255,69,98,52,255,68,97,51,255,69,98,52,255,68,97,51,255,68,97,52,255,69,97,52,255,68,97,51,255,69,98,52,255,68,97,51,255,68,97,52,255,68,97,52,255,68,97,51,255,68,97,51,255,68,97,52,255,68,97,51,255,68,97,51,255,69,98,52,255,70,98,52,255,66,94,49,255,66,94,49,255,66,94,49,255,69,98,52,255,68,97,52,255,68,97,52,255,68,97,51,255,70,98,52,255,68,97,51,255,68,97,52,255,68,97,52,255,69,98,52,255,68,97,51,255,69,98,52,255,68,97,51,255,66,94,49,255,65,94,49,255,67,95,49,255,65,93,49,255,66,94,49,255,66,95,49,255,67,95,49,255,67,95,49,255,69,98,52,255,69,98,52,255,68,97,51,255,66,94,49,255,68,97,51,255,68,97,51,255,68,97,52,255,69,98,52,255,65,93,49,255,66,94,49,255,66,95,49,255,67,95,49,255,67,95,49,255,67,95,49,255,66,95,49,255,66,95,49,255,66,95,49,255,60,89,46,255,66,95,49,255,66,94,49,255,69,98,52,255,70,98,52,255,65,93,49,255,61,90,46,255,66,95,49,255,66,94,49,255,67,95,50,255,66,94,49,255,67,95,49,255,66,94,49,255,65,93,49,255,67,95,49,255,66,95,49,255,66,94,49,255,66,94,49,255,65,93,49,255,66,95,49,255,66,95,49,255,66,95,49,255,65,94,49,255,66,94,49,255,65,93,49,255,65,94,49,255,66,95,49,255,67,95,50,255,66,94,49,255,66,95,49,255,66,94,49,255,65,94,49,255,66,95,49,255,65,93,49,255,66,95,49,255,66,94,49,255,69,98,52,255,69,97,52,255,64,93,49,255,66,94,49,255,66,94,49,255,65,93,49,255,65,94,49,255,66,95,49,255,65,94,49,255,68,97,52,255,68,97,52,255,70,98,52,255,68,97,51,255,68,97,51,255,64,94,49,255,69,98,52,255,69,97,52,255,69,98,52,255,68,97,51,255,69,98,52,255,69,98,52,255,68,97,51,255,69,98,52,255,69,98,52,255,69,98,52,255,68,97,52,255,68,97,52,255,68,97,51,255,69,98,52,255,68,97,52,255,69,98,52,255,68,97,51,255,63,93,48,255,68,97,51,255,68,97,52,255,69,97,52,255,70,98,52,255,68,97,51,255,69,98,52,255,68,97,51,255,69,98,52,255,69,98,52,255,67,97,51,255,68,97,51,255,68,97,51,255,68,97,51,255,68,97,51,255,68,97,52,255,67,97,51,255,68,97,52,255,68,97,52,255,68,97,52,255,69,98,52,255,69,98,52,255,67,97,51,255,69,98,52,255,68,97,51,255,67,97,51,255,68,97,52,255,69,98,52,255,68,97,51,255,68,97,51,255,68,97,51,255,68,97,51,255,68,98,52,255,68,97,52,255,67,96,51,255,68,97,51,255,68,97,52,255,68,98,52,255,68,97,51,255,68,97,52,255,67,96,51,255,68,98,52,255,62,92,48,255,68,97,51,255,68,97,52,255,68,97,51,255,67,97,51,255,68,97,52,255,66,96,51,255,66,96,51,255,68,97,51,255,68,97,52,255,68,97,51,255,67,96,51,255,67,97,51,255,67,97,51,255,68,98,52,255,68,97,51,255,67,97,51,255,68,97,52,255,67,97,51,255,67,97,51,255,68,97,51,255,66,96,51,255,68,97,52,255,67,97,51,255,67,97,51,255,67,96,51,255,67,97,51,255,67,96,51,255,67,97,51,255,67,96,51,255,68,97,51,255,68,97,52,255,67,97,51,255,68,97,52,255,68,97,52,255,68,97,51,255,67,97,51,255,63,93,48,255,68,97,52,255,66,96,51,255,61,92,48,255,68,97,51,255,68,97,51,255,67,96,51,255,68,97,52,255,68,97,51,255,67,97,51,255,66,96,51,255,67,97,51,255,67,96,51,255,67,97,51,255,66,96,51,255,67,97,51,255,68,97,52,255,66,96,51,255,67,97,51,255,67,97,51,255,67,97,51,255,68,97,52,255,68,97,51,255,68,97,51,255,66,96,51,255,67,97,51,255,67,96,51,255,66,96,51,255,67,97,51,255,67,97,51,255,66,96,51,255,68,97,51,255,66,96,51,255,67,97,51,255,66,96,51,255,68,97,52,255,67,96,51,255,67,97,51,255,66,96,51,255,68,97,51,255,66,96,51,255,66,96,51,255,67,97,51,255,68,97,51,255,66,96,51,255,66,96,51,255,67,97,51,255,66,96,51,255,66,96,51,255,67,97,51,255,67,97,51,255,68,97,51,255,67,97,51,255,67,97,51,255,68,97,52,255,67,97,51,255,68,97,51,255,68,97,51,255,67,97,51,255,67,97,51,255,62,93,48,255,68,97,52,255,68,97,51,255,67,97,51,255,68,97,52,255,66,96,51,255,68,97,52,255,67,96,51,255,68,97,51,255,67,97,51,255,67,97,51,255,67,97,51,255,67,96,51,255,67,96,51,255,68,97,51,255,67,96,51,255,68,97,52,255,68,97,52,255,67,97,51,255,67,97,51,255,68,97,52,255,67,97,51,255,66,96,51,255,64,93,49,255,64,93,49,255,68,97,52,255,67,96,51,255,68,97,52,255,68,97,51,255,67,96,51,255,68,97,52,255,69,98,52,255,68,97,51,255,68,97,52,255,68,97,52,255,68,97,51,255,67,96,51,255,67,96,51,255,67,97,51,255,68,97,52,255,67,97,51,255,68,97,52,255,68,97,51,255,68,97,52,255,69,98,52,255,68,97,51,255,69,98,52,255,69,98,52,255,69,98,52,255,69,98,52,255,69,98,52,255,68,97,51,255,67,97,51,255,67,97,51,255,68,97,51,255,68,97,51,255,68,97,51,255,70,99,52,255,67,95,49,255,66,94,49,255,68,97,52,255,68,97,52,255,66,95,49,255,65,93,49,255,68,97,51,255,69,97,52,255,68,97,51,255,66,95,49,255,68,97,51,255,68,97,51,255,69,98,52,255,66,94,49,255,66,94,49,255,66,95,49,255,66,94,49,255,70,98,52,255,66,94,49,255,67,95,50,255,66,94,49,255,67,95,49,255,65,94,49,255,66,94,49,255,66,94,49,255,65,94,49,255,65,94,49,255,66,95,49,255,66,95,49,255,67,95,49,255,65,94,49,255,69,97,52,255,70,99,52,255,69,97,52,255,69,98,52,255,69,98,52,255,69,98,52,255,70,98,52,255,66,95,49,255,67,95,50,255,67,95,49,255,67,95,50,255,67,95,50,255,66,95,49,255,67,95,50,255,66,94,49,255,64,93,49,255,69,97,52,255,66,94,49,255,67,95,50,255,66,94,49,255,66,94,49,255,66,94,49,255,66,94,49,255,65,94,49,255,67,95,49,255,67,95,50,255,67,95,49,255,65,94,49,255,67,95,49,255,66,94,49,255,65,94,49,255,66,95,49,255,65,93,49,255,65,94,49,255,65,94,49,255,66,95,49,255,66,94,49,255,65,93,49,255,70,98,52,255,65,93,49,255,61,90,47,255,69,98,52,255,69,98,52,255,66,95,49,255,70,98,52,255,68,97,51,255,69,97,52,255,68,97,52,255,69,98,52,255,68,97,51,255,69,98,52,255,68,97,51,255,70,98,52,255,68,97,51,255,69,98,52,255,69,98,52,255,69,98,52,255,68,97,51,255,68,97,51,255,68,97,51,255,68,97,51,255,68,97,52,255,67,97,51,255,68,97,51,255,69,98,52,255,69,98,52,255,69,98,52,255,68,97,52,255,67,97,51,255,67,97,51,255,68,97,51,255,69,98,52,255,68,97,52,255,67,97,51,255,68,97,51,255,68,97,52,255,68,97,51,255,68,97,51,255,68,97,52,255,69,98,52,255,68,97,52,255,67,97,51,255,65,97,52,255,68,97,51,255,68,97,51,255,67,97,51,255,58,93,50,255,68,98,52,255,68,98,52,255,68,97,52,255,52,88,48,255,68,97,51,255,68,97,52,255,67,97,51,255,52,89,48,255,55,90,49,255,74,101,54,255,73,100,53,255,74,101,54,255,55,90,49,255,73,100,53,255,75,101,54,255,73,100,53,255,56,91,49,255,75,101,54,255,75,101,54,255,73,100,53,255,56,91,49,255,75,101,54,255,73,100,53,255,74,101,54,255,73,99,53,255,74,101,54,255,74,101,54,255,73,100,53,255,73,100,53,255,74,101,54,255,73,101,53,255,72,99,53,255,74,101,54,255,73,100,53,255,73,99,53,255,73,100,53,255,73,100,53,255,68,96,50,255,73,100,53,255,75,101,53,255,69,96,50,255,68,95,50,255,73,100,53,255,73,100,53,255,70,97,51,255,74,100,52,255,71,99,52,255,71,99,52,255,70,97,51,255,70,97,51,255,73,100,53,255,73,100,53,255,70,97,51,255,70,97,51,255,73,100,53,255,73,100,53,255,72,99,53,255,72,99,53,255,72,100,53,255,73,100,53,255,73,100,53,255,72,99,52,255,71,99,52,255,71,99,52,255,72,99,53,255,71,99,52,255,73,100,53,255,72,99,53,255,73,100,53,255,72,99,53,255,71,99,52,255,71,99,52,255,72,99,53,255,71,99,52,255,77,103,55,255,72,99,53,255,73,100,53,255,71,99,52,255,73,100,53,255,73,100,53,255,73,100,53,255,73,100,53,255,72,100,53,255,71,99,52,255,72,99,52,255,72,99,53,255,73,100,53,255,71,99,52,255,71,99,52,255,73,100,53,255,72,100,53,255,71,99,52,255,73,100,53,255,71,99,52,255,73,100,53,255,66,95,49,255,71,99,52,255,72,99,53,255,73,100,53,255,72,99,53,255,71,99,52,255,73,100,53,255,73,100,53,255,73,100,53,255,73,100,53,255,73,100,53,255,72,99,53,255,72,99,53,255,72,99,52,255,72,99,53,255,72,99,53,255,73,100,53,255,73,100,53,255,72,99,53,255,72,99,53,255,73,100,53,255,68,96,50,255,72,99,53,255,73,100,53,255,68,95,50,255,71,99,52,255,73,100,53,255,73,100,53,255,71,99,52,255,73,100,53,255,72,99,53,255,73,100,53,255,72,99,53,255,72,99,53,255,73,101,53,255,72,99,53,255,72,99,53,255,64,92,47,255,69,96,51,255,69,96,50,255,70,97,51,255,66,95,49,255,73,100,53,255,73,100,53,255,72,99,53,255,72,100,53,255,73,100,53,255,73,100,53,255,71,99,52,255,71,99,52,255,73,100,53,255,73,100,53,255,78,104,55,255,73,100,53,255,78,104,55,255,73,100,53,255,72,99,53,255,67,96,50,255,72,99,53,255,71,99,52,255,72,100,53,255,72,99,53,255,66,95,49,255,72,99,53,255,71,99,52,255,72,99,53,255,72,99,53,255,71,99,52,255,72,99,53,255,71,99,52,255,73,100,53,255,71,99,52,255,73,100,53,255,73,100,53,255,72,100,53,255,71,99,53,255,72,99,53,255,71,99,52,255,71,99,52,255,72,100,53,255,72,100,53,255,71,99,52,255,71,99,52,255,72,99,53,255,76,103,55,255,72,99,53,255,71,99,52,255,71,99,52,255,71,99,52,255,77,103,55,255,72,99,53,255,66,95,49,255,71,99,52,255,72,100,53,255,72,100,53,255,71,99,52,255,72,99,53,255,71,99,52,255,72,99,53,255,72,99,53,255,72,99,53,255,71,99,52,255,70,99,52,255,71,99,52,255,71,99,52,255,70,99,52,255,71,99,52,255,71,99,52,255,72,99,53,255,71,99,52,255,72,100,53,255,71,99,52,255,72,100,53,255,72,99,53,255,71,99,53,255,72,99,53,255,71,99,52,255,72,99,53,255,72,99,53,255,72,100,53,255,71,99,52,255,71,99,52,255,71,99,52,255,71,99,52,255,76,103,54,255,72,100,53,255,71,99,52,255,71,99,52,255,71,99,52,255,71,99,52,255,71,99,52,255,70,99,52,255,70,98,52,255,72,99,53,255,71,99,53,255,70,98,52,255,71,99,52,255,71,99,52,255,72,100,53,255,71,99,52,255,71,99,52,255,71,99,53,255,71,99,53,255,71,99,52,255,70,99,52,255,71,99,52,255,71,99,53,255,72,100,53,255,72,99,53,255,72,100,53,255,71,99,52,255,71,99,52,255,72,99,53,255,71,99,52,255,70,98,52,255,70,99,52,255,71,99,53,255,70,99,52,255,71,99,52,255,71,99,52,255,72,99,53,255,71,99,52,255,71,99,52,255,76,103,55,255,70,99,52,255,71,99,52,255,70,99,52,255,70,98,52,255,66,95,50,255,71,99,52,255,70,98,52,255,69,98,52,255,70,99,52,255,71,99,52,255,71,99,52,255,71,99,52,255,70,99,52,255,76,103,55,255,70,98,52,255,71,99,52,255,70,99,52,255,70,98,52,255,70,98,52,255,70,99,52,255,69,98,52,255,70,99,52,255,69,98,52,255,69,98,52,255,70,99,52,255,70,98,52,255,70,98,52,255,70,99,52,255,69,98,52,255,69,97,52,255,69,98,52,255,70,98,52,255,65,94,49,255,71,99,52,255,69,98,52,255,68,97,52,255,66,94,49,255,69,97,52,255,66,95,49,255,66,94,49,255,67,95,49,255,66,95,49,255,65,93,49,255,66,94,49,255,70,98,52,255,66,95,49,255,65,94,49,255,68,97,51,255,69,97,52,255,66,94,49,255,68,97,52,255,68,97,51,255,68,97,51,255,68,97,51,255,68,97,51,255,69,97,52,255,68,97,52,255,69,98,52,255,69,98,52,255,68,97,52,255,68,97,51,255,69,98,52,255,68,97,51,255,68,97,51,255,69,98,52,255,69,98,52,255,68,97,51,255,63,93,48,255,68,97,52,255,69,98,52,255,68,97,51,255,68,97,52,255,68,97,52,255,64,93,49,255,69,98,52,255,68,97,52,255,67,97,51,255,68,97,51,255,68,97,52,255,67,96,51,255,68,97,52,255,67,97,51,255,67,97,51,255,68,97,51,255,68,97,52,255,67,97,51,255,68,98,52,255,67,97,51,255,69,98,52,255,68,97,52,255,68,97,51,255,68,97,51,255,68,97,52,255,68,97,51,255,67,97,51,255,68,97,51,255,68,97,52,255,68,97,52,255,68,97,52,255,68,97,51,255,68,97,51,255,69,98,52,255,68,97,52,255,68,97,52,255,68,97,51,255,68,97,52,255,68,98,52,255,64,93,49,255,68,97,51,255,68,97,51,255,68,97,51,255,69,98,52,255,68,97,52,255,68,97,51,255,68,97,52,255,68,98,52,255,68,97,52,255,69,98,52,255,68,97,51,255,66,94,49,255,67,95,49,255,68,97,51,255,69,98,52,255,70,98,52,255,66,95,49,255,68,97,52,255,68,97,52,255,70,98,52,255,66,94,49,255,69,98,52,255,68,97,51,255,69,97,52,255,68,97,52,255,66,94,49,255,69,98,52,255,70,98,52,255,70,98,52,255,66,95,49,255,64,94,49,255,70,99,52,255,69,98,52,255,65,93,49,255,66,95,49,255,70,98,52,255,71,99,52,255,65,93,49,255,61,90,46,255,70,98,52,255,70,99,52,255,70,99,52,255,71,99,52,255,71,99,53,255,71,99,52,255,69,98,52,255,71,99,52,255,71,99,52,255,66,95,49,255,70,98,52,255,65,94,49,255,70,99,52,255,71,99,52,255,71,99,52,255,69,98,52,255,70,98,52,255,70,99,52,255,71,99,52,255,71,99,52,255,77,104,55,255,71,99,52,255,65,94,49,255,72,99,53,255,72,100,53,255,71,99,52,255,70,99,52,255,72,99,53,255,71,99,52,255,72,99,53,255,71,99,52,255,71,99,52,255,71,99,53,255,72,100,53,255,76,103,55,255,71,99,52,255,75,103,54,255,72,99,53,255,71,99,52,255,70,98,52,255,71,99,52,255,71,99,52,255,71,99,52,255,70,98,52,255,72,99,53,255,71,99,52,255,70,98,52,255,71,99,52,255,71,99,52,255,71,99,52,255,70,98,52,255,71,99,52,255,72,99,53,255,72,100,53,255,72,100,53,255,72,99,53,255,72,100,53,255,70,98,52,255,72,100,53,255,70,98,52,255,76,103,55,255,71,99,53,255,72,99,53,255,72,99,53,255,70,98,52,255,71,99,52,255],"diagnostics":{"requested":109,"queued":null,"dispatched":17,"completed":17,"published":16,"latestPublications":6,"intermediatePublications":10,"staleDiscarded":1,"discarded":1,"coalesced":92,"failures":0,"resets":0,"workerStarts":1,"retries":0,"snapshots":17,"maxQueued":1,"maxInFlight":1,"latestRequestedGeneration":109,"latestPublishedGeneration":109,"latestRasterGeneration":109,"completedWorkerEpoch":0,"completedRasterRevision":17,"publishedWorkerEpoch":0,"publishedRasterRevision":17,"installedWorkerEpoch":0,"installedRasterRevision":17,"uploadSkippedSameRevision":0,"validRaster":true,"emergencyMode":false,"requestMs":0.6000000238418579,"publishMs":50.59999996423721,"maxRequestMs":0.10000002384185791,"maxPublishMs":6.199999988079071,"lastWorkerMs":82.60000002384186,"maxWorkerMs":414.19999998807907,"requestSamplesMs":[0,0.10000002384185791,0,0,0.10000002384185791,0,0,0,0,0,0.10000002384185791,0,0,0,0,0,0,0,0,0,0,0,0,0,0,0,0,0,0,0,0,0,0,0,0,0,0,0,0,0,0,0,0,0,0,0,0,0,0,0,0,0,0,0,0,0,0,0,0,0,0,0,0,0,0,0,0,0,0,0,0,0,0,0,0,0,0,0.09999996423721313,0,0,0,0,0,0,0,0,0,0,0,0,0,0,0,0,0,0,0.10000002384185791,0,0,0.09999996423721313,0,0,0,0,0,0,0,0,0,0],"publishSamplesMs":[6.199999988079071,2.5,2.699999988079071,5.199999988079071,2.399999976158142,2.600000023841858,4.800000011920929,3,2.399999976158142,2.5,2,3.199999988079071,3.800000011920929,2.199999988079071,2.600000023841858,2.5,2.600000023841858],"fallback":"none","failure":null,"generation":109,"inFlight":null,"epoch":0,"stopped":false},"validPublications":1},"expired":{"generation":110,"pixel":[74,119,65,255,98,133,70,255,99,134,71,255,98,133,70,255,75,120,65,255,99,134,71,255,99,134,71,255,91,127,67,255,74,119,65,255,99,134,71,255,98,133,70,255,99,134,71,255,74,119,65,255,91,127,67,255,98,133,70,255,104,138,73,255,98,133,70,255,98,133,70,255,97,132,70,255,97,133,70,255,97,132,70,255,98,133,70,255,97,133,70,255,97,133,70,255,97,132,70,255,97,132,70,255,96,131,69,255,97,133,70,255,97,132,70,255,97,132,70,255,96,132,70,255,95,131,69,255,91,126,66,255,90,126,66,255,91,127,67,255,95,131,69,255,91,127,66,255,90,126,66,255,90,126,66,255,96,132,70,255,92,127,67,255,90,126,66,255,92,127,67,255,95,132,69,255,90,126,66,255,92,127,67,255,90,125,66,255,94,130,69,255,88,125,65,255,96,132,70,255,95,132,69,255,94,130,69,255,95,131,68,255,96,132,70,255,96,132,70,255,94,131,69,255,94,130,69,255,94,130,69,255,94,131,69,255,94,130,69,255,94,130,69,255,94,130,69,255,94,130,69,255,94,131,69,255,94,130,69,255,96,132,70,255,96,132,70,255,96,132,69,255,94,130,69,255,94,130,69,255,93,130,69,255,96,132,70,255,94,130,69,255,94,130,69,255,93,130,69,255,96,132,70,255,95,131,69,255,95,132,69,255,95,131,69,255,93,130,69,255,94,130,69,255,93,130,69,255,96,132,70,255,95,132,69,255,96,132,70,255,94,130,69,255,94,130,69,255,95,132,69,255,94,130,69,255,94,130,69,255,95,132,69,255,94,130,69,255,93,130,69,255,95,132,69,255,95,131,69,255,95,131,69,255,94,131,69,255,93,130,69,255,96,132,70,255,93,130,69,255,95,131,69,255,102,137,73,255,95,131,69,255,94,130,69,255,95,131,69,255,94,130,69,255,95,131,69,255,95,131,69,255,96,132,70,255,94,130,69,255,94,131,69,255,95,132,69,255,93,130,69,255,96,132,70,255,93,130,69,255,95,131,69,255,94,131,69,255,93,130,69,255,94,130,69,255,88,126,66,255,93,130,69,255,94,130,69,255,95,131,69,255,93,130,69,255,96,132,69,255,94,130,69,255,94,131,69,255,93,129,68,255,94,131,69,255,94,130,69,255,92,129,68,255,93,130,69,255,94,130,69,255,95,132,69,255,94,130,69,255,93,130,69,255,93,130,69,255,94,131,69,255,86,125,65,255,93,129,68,255,94,131,69,255,93,129,68,255,95,132,69,255,94,130,69,255,93,130,69,255,94,130,69,255,93,130,69,255,92,129,68,255,94,131,69,255,93,129,68,255,93,129,68,255,86,124,65,255,93,129,68,255,93,130,69,255,101,137,73,255,100,136,72,255,95,132,69,255,94,131,69,255,93,130,69,255,92,129,68,255,94,131,69,255,92,129,68,255,93,130,69,255,93,130,69,255,99,135,72,255,93,130,69,255,93,130,69,255,92,129,68,255,94,131,69,255,94,131,69,255,93,130,69,255,94,131,69,255,94,131,69,255,93,130,69,255,93,130,69,255,101,137,73,255,99,135,72,255,93,130,69,255,92,129,68,255,94,131,69,255,94,131,69,255,94,131,69,255,92,129,68,255,93,130,69,255,94,130,69,255,93,130,69,255,92,129,68,255,94,131,69,255,94,131,69,255,94,131,69,255,93,130,69,255,93,129,68,255,93,130,69,255,94,131,69,255,93,129,68,255,93,130,69,255,100,136,72,255,94,130,69,255,101,137,73,255,93,129,68,255,94,131,69,255,92,129,68,255,94,131,69,255,93,130,69,255,93,130,69,255,93,129,68,255,101,137,73,255,94,130,69,255,95,131,69,255,94,130,69,255,94,130,69,255,94,130,69,255,93,129,68,255,93,130,69,255,93,129,68,255,93,130,69,255,101,136,72,255,94,131,69,255,96,132,70,255,95,131,69,255,100,136,72,255,94,130,69,255,94,130,69,255,95,131,69,255,95,132,69,255,93,129,68,255,93,130,69,255,93,129,68,255,95,131,69,255,94,130,69,255,93,130,69,255,93,130,69,255,95,131,69,255,93,130,69,255,94,130,69,255,94,130,69,255,93,129,68,255,95,132,69,255,96,132,69,255,94,131,69,255,94,131,69,255,93,130,69,255,93,130,69,255,92,129,68,255,94,130,69,255,95,131,69,255,93,130,69,255,100,136,72,255,93,130,69,255,93,129,68,255,94,131,69,255,95,132,69,255,93,130,68,255,93,130,69,255,92,129,68,255,87,125,65,255,94,131,69,255,94,131,69,255,94,131,69,255,92,129,68,255,101,136,72,255,95,132,69,255,92,129,68,255,94,131,69,255,94,131,69,255,93,130,69,255,92,129,68,255,92,129,68,255,93,130,69,255,93,130,69,255,93,130,69,255,94,131,69,255,94,130,69,255,94,131,69,255,92,129,68,255,92,129,68,255,92,129,68,255,93,130,69,255,92,129,68,255,92,129,68,255,93,130,69,255,92,129,68,255,93,130,69,255,93,130,69,255,93,130,69,255,92,129,68,255,92,129,68,255,94,131,69,255,94,130,69,255,93,130,69,255,91,129,68,255,91,129,68,255,93,130,69,255,93,130,69,255,93,130,69,255,86,125,65,255,94,130,69,255,91,129,68,255,92,129,68,255,93,130,69,255,93,130,69,255,91,129,68,255,93,130,69,255,93,130,69,255,93,130,69,255,92,129,68,255,93,130,69,255,85,124,65,255,93,130,69,255,93,130,69,255,93,130,69,255,91,129,68,255,91,129,68,255,93,130,69,255,87,125,65,255,91,129,68,255,93,130,69,255,92,130,68,255,93,130,69,255,92,130,68,255,91,128,68,255,92,129,68,255,93,130,69,255,91,128,68,255,93,130,69,255,92,129,68,255,93,130,69,255,92,129,68,255,92,129,68,255,93,130,69,255,92,129,68,255,91,129,68,255,93,130,69,255,92,129,68,255,91,129,68,255,92,130,69,255,92,129,68,255,92,130,68,255,93,130,69,255,92,130,69,255,92,130,69,255,93,130,69,255,91,129,68,255,91,128,68,255,92,129,68,255,91,129,68,255,91,128,68,255,92,130,68,255,93,130,69,255,92,130,69,255,92,129,68,255,91,129,68,255,91,128,68,255,92,130,68,255,92,129,68,255,85,124,65,255,92,130,68,255,93,130,69,255,92,129,68,255,92,129,68,255,91,129,68,255,93,130,69,255,93,130,69,255,91,129,68,255,92,129,68,255,93,130,69,255,91,129,68,255,92,129,68,255,92,129,68,255,92,129,68,255,93,130,69,255,91,128,68,255,92,129,68,255,93,130,69,255,92,130,68,255,91,129,68,255,92,130,68,255,92,130,68,255,92,129,68,255,91,129,68,255,92,129,68,255,92,129,68,255,92,129,68,255,92,129,68,255,93,130,69,255,93,130,69,255,91,128,68,255,93,130,69,255,92,129,68,255,91,129,68,255,91,128,68,255,93,130,69,255,92,129,68,255,93,130,69,255,91,129,68,255,93,130,69,255,92,129,68,255,93,130,69,255,91,129,68,255,91,129,68,255,93,130,69,255,92,130,69,255,92,129,68,255,92,130,68,255,85,124,65,255,93,130,69,255,92,129,68,255,92,129,68,255,91,129,68,255,92,129,68,255,92,129,68,255,92,129,68,255,91,129,68,255,92,129,68,255,93,130,69,255,94,130,69,255,92,129,68,255,92,129,68,255,92,130,68,255,91,129,68,255,93,130,69,255,91,129,68,255,93,130,69,255,91,129,68,255,92,129,68,255,92,129,68,255,91,129,68,255,91,129,68,255,92,129,68,255,92,129,68,255,93,130,69,255,92,129,68,255,93,130,69,255,94,130,69,255,92,129,68,255,92,129,68,255,92,129,68,255,93,130,69,255,94,131,69,255,91,129,68,255,94,131,69,255,91,129,68,255,92,129,68,255,92,129,68,255,93,130,69,255,93,130,69,255,93,130,69,255,92,129,68,255,93,130,69,255,93,130,69,255,92,129,68,255,93,130,69,255,93,130,69,255,92,129,68,255,93,130,69,255,92,129,68,255,93,130,69,255,93,130,69,255,94,131,69,255,94,130,69,255,93,130,68,255,92,129,68,255,92,129,68,255,93,130,69,255,94,130,69,255,94,131,69,255,93,129,68,255,93,129,68,255,93,130,69,255,93,130,69,255,94,130,69,255,94,131,69,255,94,130,69,255,92,129,68,255,93,130,69,255,93,130,69,255,94,131,69,255,93,130,69,255,92,129,68,255,93,130,69,255,92,129,68,255,94,131,69,255,94,131,69,255,95,131,69,255,93,130,69,255,94,130,69,255,93,130,69,255,93,130,69,255,94,130,69,255,94,131,69,255,93,130,69,255,92,129,68,255,94,130,69,255,93,130,69,255,94,131,69,255,93,130,68,255,92,129,68,255,95,131,69,255,93,130,69,255,93,130,69,255,94,131,69,255,94,130,69,255,93,130,69,255,93,130,69,255,93,129,68,255,93,129,68,255,94,131,69,255,94,130,69,255,95,132,69,255,93,130,69,255,94,130,69,255,96,132,70,255,95,132,69,255,96,132,70,255,94,130,69,255,95,132,69,255,93,130,69,255,94,131,69,255,93,130,69,255,94,130,69,255,95,131,69,255,93,130,69,255,95,131,69,255,102,137,73,255,95,132,69,255,95,132,69,255,95,131,69,255,93,130,69,255,96,132,70,255,94,130,69,255,95,132,69,255,95,131,69,255,96,132,70,255,101,136,72,255,94,130,69,255,96,132,70,255,101,136,72,255,94,130,69,255,94,130,69,255,95,131,69,255,95,131,69,255,94,130,69,255,96,132,70,255,96,132,70,255,95,132,69,255,94,130,69,255,96,132,70,255,91,126,66,255,94,130,69,255,94,130,69,255,94,130,69,255,91,126,66,255,95,131,69,255,94,130,69,255,95,131,69,255,96,132,69,255,96,132,70,255,96,132,70,255,96,132,69,255,90,126,66,255,90,126,66,255,91,127,66,255,91,126,66,255,92,127,67,255,90,126,66,255,92,127,67,255,98,132,69,255,90,126,66,255,90,126,66,255,90,126,66,255,91,127,67,255,91,126,66,255,96,132,69,255,91,126,66,255,90,126,66,255,91,127,66,255,92,127,67,255,92,127,67,255,91,126,66,255,92,127,67,255,92,127,67,255,91,126,66,255,92,127,67,255,92,127,67,255,91,126,66,255,91,127,66,255,90,126,66,255,91,126,66,255,92,127,67,255,98,133,69,255,93,128,67,255,91,127,66,255,92,127,67,255,90,126,66,255,92,127,67,255,95,131,69,255,91,126,66,255,92,127,67,255,86,123,63,255,97,132,70,255,92,127,67,255,91,126,66,255,84,121,63,255,91,126,66,255,91,127,66,255,91,127,66,255,93,128,67,255,91,126,66,255,97,132,70,255,96,132,69,255,96,132,70,255,96,132,70,255,94,130,69,255,94,130,69,255,96,132,70,255,97,133,70,255,97,132,70,255,96,132,70,255,104,138,74,255,95,131,69,255,91,126,66,255,102,137,73,255,95,131,69,255,97,132,70,255,97,133,70,255,95,131,69,255,96,131,69,255,96,131,69,255,96,132,70,255,95,130,69,255,96,132,70,255,96,132,70,255,96,131,69,255,97,133,70,255,96,132,70,255,91,126,66,255,96,132,69,255,97,132,70,255,97,132,70,255,91,126,66,255,91,126,66,255,86,123,64,255,91,126,66,255,91,126,66,255,90,126,66,255,91,126,66,255,98,133,70,255,91,126,66,255,92,127,67,255,92,128,67,255,91,126,66,255,91,126,66,255,91,127,66,255,91,127,66,255,90,126,66,255,92,127,67,255,96,132,70,255,94,131,69,255,93,130,69,255,94,130,69,255,94,130,69,255,95,132,69,255,95,132,69,255,94,131,69,255,96,132,70,255,94,131,69,255,96,132,70,255,95,132,69,255,96,132,69,255,94,130,69,255,94,130,69,255,93,130,69,255,93,130,69,255,94,130,69,255,93,130,69,255,94,131,69,255,95,132,69,255,93,130,69,255,99,135,72,255,92,129,68,255,93,129,68,255,94,131,69,255,94,131,69,255,94,131,69,255,95,132,69,255,94,131,69,255,100,135,72,255,93,130,69,255,92,129,68,255,93,130,69,255,93,130,69,255,92,130,69,255,93,130,69,255,92,129,68,255,92,130,69,255,91,129,68,255,92,129,68,255,93,130,69,255,92,129,68,255,92,129,68,255,94,131,69,255,93,130,69,255,91,129,68,255,92,130,68,255,92,129,68,255,91,129,68,255,88,125,65,255,80,119,61,255,91,128,68,255,92,130,69,255,86,124,65,255,87,124,65,255,92,129,68,255,91,129,68,255,87,124,65,255,88,125,65,255,91,128,68,255,92,129,68,255,86,124,65,255,87,124,65,255,88,125,65,255,87,124,65,255,86,124,65,255,88,125,65,255,88,125,66,255,88,125,65,255,88,125,66,255,86,124,65,255,88,125,65,255,86,124,65,255,88,125,65,255,80,118,61,255,86,124,65,255,86,124,65,255,88,125,65,255,86,123,64,255,86,124,65,255,88,125,66,255,86,123,64,255,88,125,65,255,87,124,65,255,88,125,65,255,87,124,65,255,88,125,65,255,81,119,61,255,88,125,65,255,82,120,62,255,88,125,66,255,87,125,65,255,86,124,65,255,86,124,65,255,86,124,65,255,86,123,65,255,88,125,65,255,88,125,65,255,86,124,65,255,86,124,65,255,87,124,65,255,86,124,65,255,86,124,65,255,86,123,65,255,88,125,65,255,88,125,65,255,86,124,65,255,87,124,65,255,86,124,65,255,86,124,65,255,89,125,66,255,87,124,65,255,87,124,65,255,88,125,65,255,93,130,69,255,87,124,65,255,87,124,65,255,86,123,65,255,92,129,68,255,88,125,65,255,86,124,65,255,88,125,66,255,88,125,65,255,86,124,65,255,87,124,65,255,86,124,65,255,88,125,66,255,93,130,69,255,92,130,68,255,91,128,68,255,92,129,68,255,92,129,68,255,90,128,68,255,92,130,69,255,93,130,69,255,92,130,69,255,90,128,68,255,93,130,69,255,92,129,68,255,88,125,65,255,88,125,65,255,90,128,68,255,91,128,68,255,91,128,68,255,92,129,68,255,91,128,68,255,92,130,69,255,91,129,68,255,91,129,68,255,93,130,69,255,91,129,68,255,91,129,68,255,91,128,68,255,91,129,68,255,92,130,69,255,91,129,68,255,92,129,68,255,92,130,68,255,91,129,68,255,92,130,69,255,91,128,68,255,91,128,68,255,92,130,69,255,92,129,68,255,93,130,69,255,92,129,68,255,91,129,68,255,93,130,69,255,93,130,69,255,92,129,68,255,91,129,68,255,91,129,68,255,92,130,68,255,91,128,68,255,93,130,69,255,92,130,69,255,91,128,68,255,91,128,68,255,91,129,68,255,91,129,68,255,91,129,68,255,92,129,68,255,92,129,68,255,93,130,69,255,91,129,68,255,92,129,68,255,92,130,68,255,92,129,68,255,90,128,68,255,91,129,68,255,92,129,68,255,91,128,68,255,90,128,68,255,91,128,68,255,86,124,65,255,92,129,68,255,91,129,68,255,92,130,69,255,88,125,66,255,92,129,68,255,92,129,68,255,88,125,66,255,88,125,65,255,88,125,65,255,88,125,65,255,89,125,66,255,86,124,65,255,89,125,66,255,88,125,65,255,86,124,65,255,88,125,65,255,88,125,65,255,86,123,65,255,88,125,65,255,88,125,65,255,88,125,65,255,86,124,65,255,86,124,65,255,87,124,65,255,88,125,65,255,87,124,65,255,86,124,65,255,88,125,65,255,86,124,65,255,86,124,65,255,87,124,65,255,86,123,65,255,88,125,65,255,87,124,65,255,87,124,65,255,85,123,64,255,87,124,65,255,86,124,65,255,88,125,65,255,88,125,65,255,86,124,65,255,87,125,65,255,88,125,65,255,87,125,65,255,88,125,65,255,90,128,67,255,91,129,68,255,90,128,67,255,86,124,65,255,91,128,68,255,91,129,68,255,90,128,67,255,87,124,65,255,92,129,68,255,92,129,68,255,90,128,68,255,91,128,68,255,90,128,67,255,91,129,68,255,90,128,68,255,90,128,67,255,90,128,67,255,90,128,68,255,90,128,67,255,91,129,68,255,91,129,68,255,90,128,68,255,91,129,68,255,91,129,68,255,91,129,68,255,91,129,68,255,90,128,68,255,90,128,68,255,90,128,68,255,91,129,68,255,85,124,65,255,91,129,68,255,89,127,67,255,89,128,67,255,91,129,68,255,90,128,68,255,90,128,68,255,91,129,68,255,90,128,68,255,90,128,67,255,89,128,67,255,89,128,67,255,89,127,67,255,91,129,68,255,91,129,68,255,89,128,67,255,89,127,67,255,90,129,68,255,91,129,68,255,90,128,68,255,89,127,67,255,89,127,67,255,89,128,67,255,89,127,67,255,90,128,68,255,90,128,68,255,89,128,67,255,89,128,67,255,88,127,67,255,89,127,67,255,91,129,68,255,88,127,67,255,88,127,67,255,89,128,67,255,90,128,68,255,88,127,67,255,88,127,67,255,90,129,68,255,90,128,68,255,90,128,67,255,88,127,67,255,90,128,68,255,90,128,68,255,88,127,67,255,89,128,67,255,88,127,67,255,89,128,67,255,88,127,67,255,88,127,67,255,89,127,67,255,88,127,67,255,89,128,67,255,89,128,67,255,90,128,68,255,88,127,67,255,89,127,67,255,89,128,67,255,90,128,68,255,90,128,68,255,88,127,67,255,87,126,67,255,89,128,67,255,89,128,67,255,90,128,68,255,90,128,68,255,90,128,68,255,89,127,67,255,87,126,67,255,89,128,67,255,87,126,67,255,88,127,67,255,88,127,67,255,88,127,67,255,88,127,67,255,88,127,67,255,88,127,67,255,89,127,67,255,88,127,67,255,90,128,68,255,87,126,67,255,90,128,68,255,89,128,67,255,89,128,67,255,88,127,67,255,88,127,67,255,89,127,67,255,88,127,67,255,88,127,67,255,89,128,67,255,88,127,67,255,88,127,67,255,89,128,67,255,89,128,67,255,87,126,66,255,89,128,67,255,87,126,67,255,89,128,67,255,88,127,67,255,88,127,67,255,89,127,67,255,89,127,67,255,89,128,67,255,89,128,67,255,88,127,67,255,89,127,67,255,81,121,63,255,89,127,67,255,89,128,67,255,89,128,67,255,90,128,68,255,89,128,67,255,89,128,67,255,90,128,68,255,90,128,68,255,82,122,64,255,89,128,67,255,89,127,67,255,89,128,67,255,89,127,67,255,90,128,68,255,90,128,68,255,89,127,67,255,90,128,67,255,89,128,67,255,90,128,67,255,89,127,67,255,89,127,67,255,89,127,67,255,91,129,68,255,90,128,68,255,90,128,68,255,92,129,68,255,90,128,68,255,89,127,67,255,91,129,68,255,90,128,67,255,91,129,68,255,91,129,68,255,90,128,68,255,90,128,67,255,91,129,68,255,89,127,67,255,91,129,68,255,89,127,67,255,91,129,68,255,91,129,68,255,88,125,66,255,88,125,66,255,86,124,65,255,90,128,67,255,88,125,65,255,86,123,65,255,86,124,65,255,92,130,68,255,87,124,65,255,87,124,65,255,87,124,65,255,91,128,68,255,86,124,65,255,87,124,65,255,88,125,65,255,92,129,68,255,92,130,69,255,91,129,68,255,92,129,68,255,93,130,69,255,93,130,69,255,91,128,68,255,92,129,68,255,91,128,68,255,92,129,68,255,92,130,68,255,91,129,68,255,93,130,69,255,92,129,68,255,93,130,69,255,92,129,68,255,91,128,68,255,92,129,68,255,93,130,69,255,92,129,68,255,93,130,69,255,92,130,68,255,92,129,68,255,91,129,68,255,91,128,68,255,92,129,68,255,92,130,68,255,91,128,68,255,91,129,68,255,91,128,68,255,92,129,68,255,92,129,68,255,92,129,68,255,92,130,68,255,91,129,68,255,93,130,69,255,92,129,68,255,93,130,69,255,91,128,68,255,92,129,68,255,91,129,68,255,91,129,68,255,91,128,68,255,91,129,68,255,92,129,68,255,92,129,68,255,91,129,68,255,92,129,68,255,92,130,69,255,91,129,68,255,91,129,68,255,87,124,65,255,93,130,69,255,91,129,68,255,92,129,68,255,88,125,65,255,91,128,68,255,93,130,69,255,91,129,68,255,86,124,65,255,92,130,69,255,91,128,68,255,87,124,65,255,86,124,65,255,88,125,65,255,80,118,61,255,87,124,65,255,88,125,65,255,87,125,65,255,88,125,66,255,88,125,65,255,86,124,65,255,86,124,65,255,86,124,65,255,86,124,65,255,87,124,65,255,87,125,65,255,88,125,66,255,85,123,64,255,87,124,65,255,86,124,65,255,91,129,68,255,91,129,68,255,91,129,68,255,87,125,65,255,92,129,68,255,91,129,68,255,90,128,68,255,91,129,68,255,91,129,68,255,84,124,64,255,92,129,68,255,90,128,68,255,91,128,68,255,90,128,68,255,90,128,68,255,91,129,68,255,90,128,67,255,91,129,68,255,89,127,67,255,91,129,68,255,89,127,67,255,91,129,68,255,91,129,68,255,91,129,68,255,83,123,64,255,89,128,67,255,91,129,68,255,90,128,68,255,91,129,68,255,90,128,67,255,90,128,67,255,90,128,67,255,90,128,68,255,84,124,64,255,70,117,64,255,91,129,68,255,90,128,68,255,91,129,68,255,70,117,64,255,91,129,68,255,91,129,68,255,90,128,68,255,70,117,64,255,91,129,68,255,91,129,68,255,91,129,68,255,69,116,63,255,74,119,65,255,98,133,70,255,99,134,71,255,97,132,70,255,75,120,65,255,97,132,70,255,98,133,70,255,105,139,74,255,74,119,65,255,99,134,71,255,97,132,70,255,99,134,71,255,73,119,65,255,99,134,71,255,98,133,70,255,99,133,71,255,97,133,70,255,97,133,70,255,97,132,70,255,96,132,69,255,97,133,70,255,97,132,70,255,97,133,70,255,97,133,70,255,98,133,70,255,96,132,70,255,96,132,70,255,96,132,69,255,97,132,70,255,96,132,70,255,97,133,70,255,95,131,69,255,90,126,66,255,99,133,70,255,91,126,66,255,94,130,69,255,91,126,66,255,91,127,66,255,91,127,66,255,94,130,69,255,93,128,67,255,90,126,66,255,91,126,66,255,96,132,70,255,92,127,67,255,92,127,67,255,90,126,66,255,94,131,69,255,96,132,70,255,96,132,70,255,96,132,70,255,94,130,69,255,96,132,70,255,95,131,69,255,96,132,70,255,96,132,70,255,94,130,69,255,94,131,69,255,96,132,70,255,96,132,70,255,95,131,69,255,103,138,73,255,94,130,69,255,96,132,70,255,95,131,69,255,94,130,69,255,96,132,70,255,94,130,69,255,96,132,70,255,96,132,70,255,95,131,69,255,101,137,73,255,102,137,73,255,95,131,69,255,95,132,69,255,96,132,70,255,96,132,70,255,95,131,69,255,96,132,70,255,96,132,69,255,93,130,69,255,96,132,70,255,96,132,70,255,96,132,70,255,94,130,69,255,94,131,69,255,94,131,69,255,95,132,69,255,96,132,69,255,96,132,70,255,94,130,69,255,95,131,69,255,94,131,69,255,95,131,69,255,94,130,69,255,96,132,70,255,94,130,69,255,94,131,69,255,96,132,70,255,94,130,69,255,101,136,72,255,95,132,69,255,93,130,69,255,94,131,69,255,95,131,69,255,94,130,69,255,102,137,73,255,95,131,69,255,93,130,69,255,94,130,69,255,93,130,69,255,96,132,69,255,95,131,69,255,93,130,69,255,100,136,72,255,95,131,69,255,93,130,69,255,94,130,69,255,101,137,73,255,94,130,69,255,94,130,69,255,94,131,69,255,89,126,66,255,93,130,69,255,94,130,69,255,95,132,69,255,102,137,73,255,96,132,69,255,93,130,69,255,93,129,68,255,94,130,69,255,93,130,69,255,96,132,70,255,94,130,69,255,95,132,69,255,93,130,68,255,94,130,69,255,93,130,69,255,94,131,69,255,93,130,69,255,93,129,68,255,94,130,69,255,93,130,69,255,93,130,69,255,102,137,73,255,93,130,69,255,92,129,68,255,93,130,69,255,94,131,69,255,93,129,68,255,94,131,69,255,94,130,69,255,93,130,69,255,92,129,68,255,94,130,69,255,92,129,68,255,92,129,68,255,94,130,69,255,93,130,69,255,94,130,69,255,94,130,69,255,92,129,68,255,94,130,69,255,93,130,69,255,93,130,69,255,92,129,68,255,88,126,66,255,92,129,68,255,92,129,68,255,92,129,68,255,94,131,69,255,93,130,69,255,92,129,68,255,94,131,69,255,94,130,69,255,93,129,68,255,93,130,68,255,93,130,69,255,93,130,69,255,93,130,69,255,93,130,68,255,92,129,68,255,93,130,69,255,93,130,69,255,94,130,69,255,94,130,69,255,92,129,68,255,94,130,69,255,99,135,72,255,94,131,69,255,93,130,69,255,94,131,69,255,93,130,69,255,93,130,69,255,94,131,69,255,93,130,68,255,94,131,69,255,93,130,69,255,93,130,69,255,94,130,69,255,94,131,69,255,95,132,69,255,94,130,69,255,93,130,69,255,94,131,69,255,102,137,73,255,92,129,68,255,94,131,69,255,95,132,69,255,102,137,73,255,95,132,69,255,93,130,69,255,94,131,69,255,94,130,69,255,93,130,69,255,93,130,69,255,93,130,69,255,94,131,69,255,93,130,69,255,95,132,69,255,95,132,69,255,94,130,69,255,93,130,69,255,95,132,69,255,95,132,69,255,93,129,68,255,95,132,69,255,93,130,69,255,94,131,69,255,94,130,69,255,93,130,69,255,95,132,69,255,102,137,73,255,95,132,69,255,95,132,69,255,95,132,69,255,95,132,69,255,95,132,69,255,93,130,69,255,93,130,69,255,94,131,69,255,94,130,69,255,93,130,69,255,94,130,69,255,95,131,69,255,93,129,68,255,93,129,68,255,93,129,68,255,93,130,69,255,92,129,68,255,93,129,68,255,93,130,69,255,93,130,69,255,94,130,69,255,94,131,69,255,94,131,69,255,92,129,68,255,93,130,69,255,93,130,69,255,93,130,69,255,92,129,68,255,92,129,68,255,94,131,69,255,93,130,69,255,92,129,68,255,94,130,69,255,94,130,69,255,92,129,68,255,93,130,69,255,94,131,69,255,93,130,69,255,100,136,72,255,94,130,69,255,92,129,68,255,92,129,68,255,92,129,68,255,93,130,69,255,93,130,68,255,94,131,69,255,92,129,68,255,93,130,69,255,93,130,69,255,93,130,69,255,92,129,68,255,94,131,69,255,93,130,69,255,93,130,69,255,93,130,69,255,92,129,68,255,92,129,68,255,92,129,68,255,93,130,69,255,93,130,69,255,93,130,69,255,92,129,68,255,93,130,69,255,92,129,68,255,91,129,68,255,93,130,69,255,93,130,69,255,92,129,68,255,91,129,68,255,91,128,68,255,92,129,68,255,93,130,69,255,93,130,69,255,92,130,68,255,92,129,68,255,92,129,68,255,93,130,69,255,92,129,68,255,92,129,68,255,91,129,68,255,92,130,68,255,92,129,68,255,91,129,68,255,93,130,69,255,92,129,68,255,91,129,68,255,91,128,68,255,93,130,69,255,91,129,68,255,91,129,68,255,93,130,69,255,92,130,68,255,92,129,68,255,92,129,68,255,90,128,68,255,92,129,68,255,92,130,69,255,92,129,68,255,91,129,68,255,88,125,65,255,88,125,65,255,88,125,65,255,87,124,65,255,92,130,69,255,91,129,68,255,91,128,68,255,91,129,68,255,91,129,68,255,92,130,69,255,90,128,68,255,91,129,68,255,87,124,65,255,88,125,65,255,87,124,65,255,86,123,65,255,87,124,65,255,86,124,65,255,88,125,65,255,86,124,65,255,91,129,68,255,91,129,68,255,93,130,69,255,91,128,68,255,92,130,68,255,92,129,68,255,92,129,68,255,90,128,68,255,87,124,65,255,88,125,65,255,86,124,65,255,92,129,68,255,86,124,65,255,86,124,65,255,86,124,65,255,88,125,65,255,91,128,68,255,86,125,65,255,92,129,68,255,92,130,69,255,92,130,68,255,91,129,68,255,92,130,69,255,91,128,68,255,92,129,68,255,91,128,68,255,90,128,68,255,91,129,68,255,89,125,66,255,88,125,65,255,93,130,69,255,90,128,68,255,91,129,68,255,92,129,68,255,93,130,69,255,92,129,68,255,92,129,68,255,92,129,68,255,93,130,69,255,92,129,68,255,93,130,69,255,92,130,69,255,93,130,69,255,92,129,68,255,92,130,68,255,92,129,68,255,93,130,69,255,92,129,68,255,91,129,68,255,92,129,68,255,93,130,69,255,92,129,68,255,92,129,68,255,93,130,69,255,93,130,69,255,92,129,68,255,92,129,68,255,91,129,68,255,92,129,68,255,92,129,68,255,93,130,69,255,91,128,68,255,92,130,68,255,91,129,68,255,93,130,69,255,91,129,68,255,92,129,68,255,93,130,69,255,91,129,68,255,94,130,69,255,92,129,68,255,87,125,65,255,92,129,68,255,94,131,69,255,92,129,68,255,91,129,68,255,92,129,68,255,92,129,68,255,93,130,69,255,92,129,68,255,92,130,68,255,92,129,68,255,93,130,69,255,93,130,69,255,93,130,69,255,92,129,68,255,92,129,68,255,92,129,68,255,92,129,68,255,93,130,69,255,93,130,69,255,100,136,72,255,93,130,69,255,92,129,68,255,93,130,69,255,100,136,72,255,92,129,68,255,93,130,68,255,93,130,69,255,93,130,69,255,94,131,69,255,92,129,68,255,93,130,69,255,94,131,69,255,94,130,69,255,93,130,69,255,87,125,65,255,94,130,69,255,92,129,68,255,93,130,69,255,94,130,69,255,101,137,73,255,94,131,69,255,93,130,68,255,94,131,69,255,94,131,69,255,94,130,69,255,93,130,69,255,101,136,72,255,93,130,69,255,94,130,69,255,88,125,65,255,100,136,72,255,93,130,69,255,94,130,69,255,93,130,69,255,92,129,68,255,93,130,69,255,94,131,69,255,94,130,69,255,93,129,68,255,92,129,68,255,92,129,68,255,94,131,69,255,94,131,69,255,92,129,68,255,94,131,69,255,94,131,69,255,95,132,69,255,94,130,69,255,92,129,68,255,92,129,68,255,93,129,68,255,94,130,69,255,93,130,68,255,94,130,69,255,94,131,69,255,94,131,69,255,94,131,69,255,100,136,72,255,94,130,69,255,94,131,69,255,94,130,69,255,93,130,69,255,94,131,69,255,93,130,69,255,94,131,69,255,93,130,68,255,93,130,69,255,94,130,69,255,95,132,69,255,95,132,69,255,94,131,69,255,101,137,73,255,94,131,69,255,96,132,69,255,93,130,69,255,93,130,69,255,94,131,69,255,93,130,69,255,94,131,69,255,96,132,70,255,93,130,69,255,94,131,69,255,94,130,69,255,96,132,70,255,94,131,69,255,96,132,70,255,96,132,69,255,96,132,70,255,96,132,70,255,95,132,69,255,95,132,69,255,94,130,69,255,95,132,69,255,93,130,69,255,93,130,69,255,96,132,69,255,94,130,69,255,94,131,69,255,94,130,69,255,96,132,70,255,96,132,70,255,94,131,69,255,96,132,70,255,96,132,70,255,94,131,69,255,96,132,70,255,96,132,70,255,95,132,69,255,96,132,69,255,94,131,69,255,94,130,69,255,96,132,70,255,94,130,69,255,93,130,69,255,93,130,69,255,96,132,69,255,97,132,70,255,96,132,70,255,92,127,67,255,92,127,67,255,95,131,69,255,94,130,69,255,97,132,70,255,91,126,66,255,103,138,73,255,95,131,69,255,94,130,69,255,94,131,69,255,94,131,69,255,95,131,69,255,94,130,69,255,96,132,70,255,91,127,67,255,92,127,67,255,91,127,67,255,91,126,66,255,90,126,66,255,91,126,66,255,91,126,66,255,92,128,67,255,95,131,69,255,92,127,67,255,99,133,70,255,91,127,66,255,94,130,69,255,96,132,69,255,94,130,69,255,91,127,66,255,93,128,67,255,97,132,69,255,92,127,67,255,91,126,66,255,90,126,66,255,91,126,66,255,92,127,67,255,93,128,67,255,90,126,66,255,92,127,67,255,90,126,66,255,100,134,70,255,92,127,67,255,92,127,67,255,92,127,67,255,91,127,66,255,85,121,63,255,91,127,66,255,91,127,67,255,95,131,69,255,92,127,67,255,92,127,67,255,91,127,66,255,93,128,67,255,86,123,63,255,93,128,67,255,91,126,66,255,93,128,67,255,90,126,66,255,93,128,67,255,92,127,67,255,92,127,67,255,97,132,70,255,96,132,70,255,94,130,69,255,91,127,66,255,91,126,66,255,96,132,70,255,91,126,66,255,90,126,66,255,98,132,69,255,91,126,66,255,92,128,67,255,92,127,67,255,91,126,66,255,91,126,66,255,92,127,67,255,91,127,66,255,91,127,66,255,84,121,63,255,92,127,67,255,91,127,66,255,91,126,66,255,92,127,67,255,91,127,66,255,102,137,73,255,92,127,67,255,91,126,66,255,92,127,67,255,95,131,69,255,98,132,69,255,90,126,66,255,90,126,66,255,94,130,69,255,95,131,69,255,95,131,69,255,95,131,69,255,94,131,69,255,96,132,69,255,88,125,65,255,94,130,69,255,95,132,69,255,95,132,69,255,95,131,69,255,93,130,69,255,95,132,69,255,93,130,69,255,102,137,73,255,96,132,69,255,95,132,69,255,93,129,68,255,93,130,69,255,94,131,69,255,92,129,68,255,94,130,69,255,94,131,69,255,94,130,69,255,92,129,68,255,93,130,69,255,93,130,68,255,94,130,69,255,92,129,68,255,93,130,69,255,94,131,69,255,92,129,68,255,94,131,69,255,93,130,69,255,93,130,69,255,91,129,68,255,84,123,64,255,91,129,68,255,92,129,68,255,93,130,69,255,91,128,68,255,93,130,69,255,93,130,69,255,91,129,68,255,91,129,68,255,91,129,68,255,92,129,68,255,92,129,68,255,90,128,68,255,91,128,68,255,86,124,65,255,88,125,65,255,88,125,66,255,91,129,68,255,87,124,65,255,86,124,65,255,88,125,65,255,87,124,65,255,88,125,66,255,87,125,65,255,88,125,65,255,88,125,66,255,86,124,65,255,86,124,65,255,91,129,68,255,87,124,65,255,87,124,65,255,88,125,65,255,86,124,65,255,87,125,65,255,88,125,65,255,88,125,65,255,87,125,65,255,85,123,64,255,86,124,65,255,90,128,68,255,92,130,68,255,90,128,68,255,91,129,68,255,92,130,68,255,90,128,68,255,88,125,65,255,88,125,65,255,88,125,66,255,86,124,65,255,87,124,65,255,85,123,64,255,88,125,65,255,86,123,65,255,86,124,65,255,87,124,65,255,86,124,65,255,86,124,65,255,90,128,67,255,90,128,67,255,91,129,68,255,90,128,67,255,88,125,65,255,87,124,65,255,88,125,66,255,86,124,65,255,88,125,65,255,88,125,65,255,88,125,65,255,86,124,65,255,86,124,65,255,87,125,65,255,87,124,65,255,87,124,65,255,90,128,68,255,92,129,68,255,87,124,65,255,87,124,65,255,88,125,66,255,86,124,65,255,86,124,65,255,88,125,66,255,86,124,65,255,86,124,65,255,88,125,65,255,88,125,65,255,88,125,65,255,86,124,65,255,87,124,65,255,88,125,66,255,85,123,64,255,87,124,65,255,85,123,64,255,86,124,65,255,88,125,65,255,88,125,65,255,86,124,65,255,87,124,65,255,88,125,65,255,88,125,65,255,88,125,65,255,88,125,66,255,87,124,65,255,88,125,65,255,86,124,65,255,86,124,65,255,88,125,65,255,86,123,65,255,86,124,65,255,87,124,65,255,91,128,68,255,91,128,68,255,92,130,69,255,92,129,68,255,86,124,65,255,88,125,66,255,90,128,68,255,91,128,68,255,88,125,65,255,87,124,65,255,88,125,66,255,88,125,66,255,87,125,65,255,86,124,65,255,89,125,66,255,88,125,65,255,92,129,68,255,84,123,64,255,92,129,68,255,91,129,68,255,92,129,68,255,92,130,68,255,93,130,69,255,91,129,68,255,88,125,65,255,87,124,65,255,89,125,66,255,86,124,65,255,87,125,65,255,89,125,66,255,88,125,65,255,86,124,65,255,91,129,68,255,92,130,69,255,92,130,68,255,86,124,65,255,90,128,68,255,92,129,68,255,86,124,65,255,87,124,65,255,88,125,65,255,80,119,61,255,86,124,65,255,87,124,65,255,88,125,65,255,87,124,65,255,86,124,65,255,86,123,65,255,86,124,65,255,87,124,65,255,88,125,66,255,88,125,65,255,88,125,65,255,87,124,65,255,88,125,65,255,88,125,66,255,88,125,66,255,86,123,64,255,86,123,65,255,86,124,65,255,87,124,65,255,88,125,65,255,85,123,64,255,87,124,65,255,86,123,64,255,87,124,65,255,87,124,65,255,86,124,65,255,85,123,64,255,86,124,65,255,87,124,65,255,87,124,65,255,86,123,65,255,88,125,65,255,88,125,65,255,87,125,65,255,86,124,65,255,88,125,65,255,90,128,68,255,91,129,68,255,86,124,65,255,86,124,65,255,87,125,65,255,90,128,67,255,85,123,64,255,87,125,65,255,91,129,68,255,90,128,67,255,92,129,68,255,90,128,67,255,90,128,68,255,90,128,68,255,92,129,68,255,90,128,68,255,91,129,68,255,90,128,67,255,90,128,68,255,89,128,67,255,90,128,68,255,90,128,68,255,91,129,68,255,91,129,68,255,90,128,68,255,91,129,68,255,89,127,67,255,89,127,67,255,91,129,68,255,91,129,68,255,90,128,67,255,90,128,67,255,90,128,68,255,91,129,68,255,91,129,68,255,89,127,67,255,90,128,67,255,89,128,67,255,90,128,68,255,89,128,67,255,89,127,67,255,89,127,67,255,91,129,68,255,90,128,68,255,91,129,68,255,91,129,68,255,90,128,67,255,89,128,67,255,91,129,68,255,90,128,68,255,91,129,68,255,91,129,68,255,90,128,68,255,90,128,68,255,90,128,67,255,91,129,68,255,90,128,67,255,90,129,68,255,90,128,68,255,88,127,67,255,89,128,67,255,90,129,68,255,91,129,68,255,90,129,68,255,90,128,68,255,89,127,67,255,90,128,68,255,89,127,67,255,90,128,68,255,84,124,64,255,88,127,67,255,90,129,68,255,90,128,68,255,89,128,67,255,88,127,67,255,89,128,67,255,89,128,67,255,90,128,68,255,90,128,68,255,88,127,67,255,88,127,67,255,90,129,68,255,81,121,63,255,89,128,67,255,88,127,67,255,88,127,67,255,89,127,67,255,90,128,68,255,88,127,67,255,90,128,68,255,89,127,67,255,88,127,67,255,89,127,67,255,89,128,67,255,90,129,68,255,88,127,67,255,88,127,67,255,88,127,67,255,88,127,67,255,88,126,67,255,87,126,67,255,81,121,63,255,87,126,67,255,90,128,68,255,89,127,67,255,89,127,67,255,88,127,67,255,89,127,67,255,88,127,67,255,88,127,67,255,88,127,67,255,89,128,67,255,90,128,68,255,89,128,67,255,89,127,67,255,87,126,67,255,89,128,67,255,89,127,67,255,87,126,67,255,88,127,67,255,87,126,67,255,88,127,67,255,90,128,68,255,88,127,67,255,88,127,67,255,89,128,67,255,88,127,67,255,88,127,67,255,88,127,67,255,89,127,67,255,88,127,67,255,88,127,67,255,88,127,67,255,88,127,67,255,88,127,67,255,89,127,67,255,88,127,67,255,87,126,67,255,87,126,66,255,88,127,67,255,89,128,67,255,88,127,67,255,88,127,67,255,88,127,67,255,88,127,67,255,88,126,67,255,88,127,67,255,88,127,67,255,88,127,67,255,89,128,67,255,88,127,67,255,89,128,67,255,88,127,67,255,89,127,67,255,88,127,67,255,88,127,67,255,89,128,67,255,88,127,67,255,88,127,67,255,90,128,68,255,88,127,67,255,89,128,67,255,89,128,67,255,90,128,68,255,89,127,67,255,91,129,68,255,89,127,67,255,89,128,67,255,88,127,67,255,91,129,68,255,88,127,67,255,89,128,67,255,90,128,68,255,90,128,68,255,88,127,67,255,89,128,67,255,90,128,68,255,89,127,67,255,90,128,67,255,90,128,67,255,90,128,67,255,91,129,68,255,91,129,68,255,90,128,68,255,90,128,68,255,91,129,68,255,91,129,68,255,90,128,68,255,90,128,68,255,90,128,68,255,90,128,68,255,90,128,68,255,89,127,67,255,91,129,68,255,91,129,68,255,86,123,65,255,86,124,65,255,86,124,65,255,92,129,68,255,85,123,64,255,86,124,65,255,86,123,64,255,90,128,67,255,85,123,64,255,88,125,65,255,81,119,61,255,91,129,68,255,79,118,60,255,87,124,65,255,86,124,65,255,87,124,65,255,92,130,68,255,92,129,68,255,91,129,68,255,88,125,65,255,93,130,69,255,91,128,68,255,92,129,68,255,88,125,65,255,91,128,68,255,92,129,68,255,91,129,68,255,88,125,66,255,88,125,65,255,93,130,69,255,91,129,68,255,91,128,68,255,91,128,68,255,92,129,68,255,93,130,69,255,85,124,65,255,92,129,68,255,93,130,69,255,92,129,68,255,92,129,68,255,91,128,68,255,93,130,69,255,91,128,68,255,92,129,68,255,92,129,68,255,91,129,68,255,92,129,68,255,92,129,68,255,91,129,68,255,93,130,69,255,91,129,68,255,91,129,68,255,92,129,68,255,91,128,68,255,91,129,68,255,92,129,68,255,91,128,68,255,92,129,68,255,91,128,68,255,91,128,68,255,91,128,68,255,91,129,68,255,86,124,65,255,92,129,68,255,92,130,68,255,87,124,65,255,87,124,65,255,90,128,68,255,88,125,65,255,88,125,66,255,86,124,65,255,88,125,65,255,88,125,66,255,88,125,65,255,88,125,65,255,88,125,65,255,88,125,65,255,88,125,65,255,86,123,65,255,88,125,65,255,86,124,65,255,86,123,65,255,92,129,68,255,87,124,65,255,87,124,65,255,86,124,65,255,91,129,68,255,86,124,65,255,81,119,61,255,91,129,68,255,90,128,68,255,87,125,65,255,90,128,68,255,90,128,67,255,85,124,65,255,90,128,68,255,91,129,68,255,91,129,68,255,90,128,68,255,90,128,68,255,91,129,68,255,89,128,67,255,91,129,68,255,90,128,67,255,90,128,67,255,90,128,68,255,91,129,68,255,91,129,68,255,90,128,68,255,91,129,68,255,90,128,68,255,90,128,67,255,89,128,67,255,90,128,68,255,91,129,68,255,90,128,68,255,90,128,68,255,90,128,68,255,91,129,68,255,91,129,68,255,90,128,67,255,91,129,68,255,89,127,67,255,91,129,68,255,91,129,68,255,90,128,67,255,89,127,67,255,89,127,67,255,90,128,68,255,91,129,68,255,68,116,63,255,90,129,68,255,89,127,67,255,89,128,67,255,70,117,64,255,91,129,68,255,91,129,68,255,85,127,68,255,57,107,58,255,86,128,68,255,77,123,67,255,56,107,58,255,84,134,80,255,74,119,65,255,93,129,67,255,98,133,70,255,98,133,70,255,73,119,65,255,98,132,70,255,99,134,71,255,97,132,70,255,75,120,65,255,97,132,70,255,106,139,74,255,97,132,70,255,74,119,65,255,98,133,70,255,98,133,70,255,98,133,70,255,92,128,67,255,97,132,70,255,95,131,69,255,95,131,69,255,97,133,70,255,97,133,70,255,95,131,69,255,97,133,70,255,98,133,70,255,97,132,70,255,96,131,69,255,96,131,69,255,96,132,70,255,96,132,70,255,96,132,69,255,96,132,70,255,85,121,63,255,91,126,66,255,84,120,63,255,94,130,69,255,92,127,67,255,90,126,66,255,91,127,67,255,94,130,69,255,92,127,67,255,92,127,67,255,91,127,66,255,95,132,69,255,91,126,66,255,91,127,66,255,90,127,66,255,97,132,70,255,94,130,69,255,95,132,69,255,102,137,73,255,102,137,73,255,96,132,70,255,94,130,69,255,96,132,69,255,95,132,69,255,94,130,69,255,95,131,69,255,94,131,69,255,94,130,69,255,95,131,69,255,95,132,69,255,93,130,69,255,94,130,69,255,94,131,69,255,96,132,70,255,96,132,69,255,94,131,69,255,94,130,69,255,94,131,69,255,96,132,70,255,96,132,70,255,94,130,69,255,95,131,69,255,100,136,72,255,93,130,69,255,96,132,69,255,94,131,69,255,96,132,70,255,94,130,69,255,96,132,69,255,102,137,73,255,96,132,70,255,94,130,69,255,94,130,69,255,96,132,70,255,96,132,70,255,102,137,73,255,95,131,69,255,94,130,69,255,96,132,70,255,96,132,70,255,94,130,69,255,96,132,69,255,96,132,70,255,94,130,69,255,87,125,65,255,96,132,70,255,95,131,69,255,96,132,70,255,94,130,69,255,95,131,69,255,101,137,73,255,95,131,69,255,94,130,69,255,96,132,70,255,101,136,72,255,95,132,69,255,96,132,70,255,96,132,70,255,88,126,66,255,94,130,69,255,94,130,69,255,96,132,70,255,95,131,69,255,93,130,69,255,93,130,69,255,94,130,69,255,101,137,73,255,93,130,69,255,94,130,69,255,95,131,69,255,94,131,69,255,94,130,69,255,93,130,69,255,94,130,69,255,96,132,70,255,94,130,69,255,94,130,69,255,93,130,69,255,93,130,69,255,94,130,69,255,96,132,70,255,93,130,69,255,96,132,70,255,95,131,69,255,95,131,69,255,95,131,69,255,95,132,69,255,100,136,72,255,96,132,69,255,94,130,69,255,94,130,69,255,96,132,70,255,94,130,69,255,93,130,69,255,94,131,69,255,93,130,69,255,93,130,69,255,93,130,69,255,94,130,69,255,94,130,69,255,96,132,70,255,94,131,69,255,93,130,69,255,95,131,69,255,96,132,70,255,93,130,69,255,94,131,69,255,93,130,68,255,92,129,68,255,94,131,69,255,101,136,72,255,93,130,69,255,94,131,69,255,94,130,69,255,92,129,68,255,93,130,69,255,93,129,68,255,93,130,69,255,93,129,68,255,95,132,69,255,95,132,69,255,93,130,69,255,94,130,69,255,94,130,69,255,92,129,68,255,93,130,68,255,94,130,69,255,93,130,69,255,93,130,68,255,94,131,69,255,93,130,69,255,93,130,69,255,95,132,69,255,92,129,68,255,94,130,69,255,94,131,69,255,94,131,69,255,94,131,69,255,94,131,69,255,94,130,69,255,95,132,69,255,93,130,69,255,95,132,69,255,95,132,69,255,94,131,69,255,95,132,69,255,95,132,69,255,92,129,68,255,95,132,69,255,94,131,69,255,94,130,69,255,94,131,69,255,93,130,69,255,93,130,69,255,94,131,69,255,95,132,69,255,95,132,69,255,94,130,69,255,95,132,69,255,94,130,69,255,93,130,69,255,94,131,69,255,94,131,69,255,94,130,69,255,95,132,69,255,94,131,69,255,94,130,69,255,95,131,69,255,93,130,69,255,93,130,69,255,94,130,69,255,95,132,69,255,93,130,69,255,94,131,69,255,93,130,69,255,93,130,69,255,94,130,69,255,93,129,68,255,94,130,69,255,95,131,69,255,95,132,69,255,101,136,72,255,95,131,69,255,92,129,68,255,93,130,69,255,93,130,69,255,94,131,69,255,92,129,68,255,93,130,69,255,93,130,69,255,94,130,69,255,94,130,69,255,94,130,69,255,93,130,69,255,93,129,68,255,94,130,69,255,93,130,69,255,95,132,69,255,93,130,69,255,92,129,68,255,89,126,66,255,94,131,69,255,94,130,69,255,93,130,69,255,94,130,69,255,92,129,68,255,94,131,69,255,92,129,68,255,93,130,69,255,94,131,69,255,94,130,69,255,92,129,68,255,93,130,69,255,93,130,69,255,93,130,69,255,94,130,69,255,93,130,69,255,93,130,68,255,93,130,69,255,92,129,68,255,94,131,69,255,93,130,69,255,93,130,69,255,91,129,68,255,94,130,69,255,92,129,68,255,91,129,68,255,93,130,69,255,93,130,69,255,92,129,68,255,92,129,68,255,91,129,68,255,93,130,69,255,92,130,69,255,91,129,68,255,92,129,68,255,91,128,68,255,92,130,68,255,91,129,68,255,93,130,69,255,92,129,68,255,91,129,68,255,92,129,68,255,90,128,68,255,91,129,68,255,91,129,68,255,91,129,68,255,88,125,66,255,93,130,69,255,93,130,69,255,88,125,65,255,88,125,66,255,91,129,68,255,93,130,69,255,88,125,65,255,88,125,65,255,87,124,65,255,86,124,65,255,87,124,65,255,88,125,65,255,86,124,65,255,86,124,65,255,88,125,65,255,85,123,64,255,87,124,65,255,85,123,64,255,90,128,67,255,91,129,68,255,87,125,65,255,87,124,65,255,88,125,66,255,86,124,65,255,86,124,65,255,88,125,65,255,86,124,65,255,91,129,68,255,90,128,67,255,90,128,68,255,91,129,68,255,90,128,67,255,91,128,68,255,90,128,68,255,91,129,68,255,90,128,67,255,86,124,65,255,87,124,65,255,86,124,65,255,87,124,65,255,91,129,68,255,91,129,68,255,92,129,68,255,90,128,67,255,90,128,68,255,91,129,68,255,90,128,68,255,90,128,67,255,90,128,67,255,89,127,67,255,89,128,67,255,89,127,67,255,86,124,65,255,87,124,65,255,86,123,65,255,86,124,65,255,90,128,67,255,90,128,68,255,86,124,65,255,85,123,64,255,91,129,68,255,90,128,68,255,90,128,68,255,92,129,68,255,91,129,68,255,89,128,67,255,91,129,68,255,92,129,68,255,88,125,66,255,86,124,65,255,88,125,65,255,92,129,68,255,88,125,65,255,88,125,65,255,88,125,65,255,87,125,65,255,88,125,66,255,88,125,66,255,88,125,65,255,88,125,66,255,91,129,68,255,88,125,65,255,88,125,65,255,86,123,65,255,92,129,68,255,91,129,68,255,93,130,69,255,93,130,69,255,91,128,68,255,93,130,69,255,91,128,68,255,92,129,68,255,92,129,68,255,92,129,68,255,92,130,69,255,91,129,68,255,86,124,65,255,93,130,69,255,92,130,69,255,91,129,68,255,91,129,68,255,93,130,69,255,92,129,68,255,92,129,68,255,92,130,69,255,92,129,68,255,92,129,68,255,93,130,69,255,93,130,69,255,93,130,69,255,94,130,69,255,94,130,69,255,92,129,68,255,92,129,68,255,91,129,68,255,94,131,69,255,92,129,68,255,94,131,68,255,94,130,69,255,92,129,68,255,93,130,69,255,92,129,68,255,93,130,69,255,94,130,69,255,93,130,69,255,93,130,69,255,94,131,69,255,94,130,69,255,92,129,68,255,92,129,68,255,93,130,69,255,94,131,69,255,93,130,69,255,100,136,72,255,93,129,68,255,94,131,69,255,94,130,69,255,93,130,69,255,92,129,68,255,93,130,69,255,93,130,69,255,94,131,69,255,88,125,66,255,92,129,68,255,93,130,69,255,93,130,69,255,95,132,69,255,94,131,69,255,93,130,69,255,94,130,69,255,92,129,68,255,92,129,68,255,92,129,68,255,93,130,68,255,99,135,72,255,92,129,68,255,94,130,69,255,94,131,69,255,93,130,69,255,100,136,72,255,93,130,69,255,93,129,68,255,94,130,69,255,93,130,69,255,100,136,72,255,94,131,69,255,93,130,69,255,92,129,68,255,93,130,68,255,93,130,69,255,100,136,72,255,92,129,68,255,93,130,69,255,93,130,69,255,93,130,69,255,99,135,72,255,93,130,69,255,92,129,68,255,94,131,69,255,94,130,69,255,94,130,69,255,94,130,69,255,94,131,69,255,94,130,69,255,99,135,72,255,94,130,69,255,93,130,69,255,94,130,69,255,93,130,69,255,93,130,68,255,93,130,69,255,93,130,69,255,93,130,69,255,86,124,65,255,93,129,68,255,94,131,69,255,94,131,69,255,94,130,69,255,95,131,69,255,92,129,68,255,93,130,69,255,94,131,69,255,94,130,69,255,93,130,69,255,92,129,68,255,92,129,68,255,92,129,68,255,100,136,72,255,93,130,69,255,93,130,69,255,94,130,69,255,93,130,69,255,92,129,68,255,93,130,69,255,88,126,66,255,94,130,69,255,87,125,65,255,94,131,69,255,94,131,69,255,93,129,68,255,92,129,68,255,94,130,69,255,93,130,69,255,94,130,69,255,93,129,68,255,94,131,69,255,101,137,73,255,100,136,72,255,94,130,69,255,95,131,69,255,95,132,69,255,94,130,69,255,93,130,69,255,101,137,73,255,95,132,69,255,94,130,69,255,95,132,69,255,93,130,69,255,93,130,69,255,94,131,69,255,93,130,68,255,93,130,69,255,92,129,68,255,93,130,69,255,95,132,69,255,94,130,69,255,95,132,69,255,93,130,69,255,93,129,68,255,93,130,69,255,93,130,69,255,95,132,69,255,93,130,69,255,94,130,69,255,95,132,69,255,95,131,69,255,93,130,69,255,93,130,69,255,92,129,68,255,93,129,68,255,94,131,69,255,94,130,69,255,94,130,69,255,93,130,69,255,94,130,69,255,102,137,73,255,94,131,69,255,96,132,70,255,93,130,69,255,96,132,70,255,94,130,69,255,94,130,69,255,93,130,69,255,94,131,69,255,93,130,69,255,94,130,69,255,95,131,69,255,94,130,69,255,94,130,69,255,95,131,69,255,96,132,70,255,95,132,69,255,94,130,69,255,96,132,70,255,95,132,69,255,94,130,69,255,93,130,69,255,95,131,69,255,93,130,69,255,94,131,69,255,93,130,69,255,94,131,69,255,94,130,69,255,90,126,66,255,90,126,66,255,92,127,67,255,96,132,70,255,96,132,69,255,88,125,66,255,92,127,67,255,94,130,69,255,94,130,69,255,96,132,69,255,96,132,70,255,95,132,69,255,96,132,70,255,94,131,69,255,94,130,69,255,92,127,67,255,98,133,70,255,92,127,67,255,91,126,66,255,92,127,67,255,92,127,67,255,92,127,67,255,92,128,67,255,95,131,69,255,91,126,66,255,90,126,66,255,91,126,66,255,96,132,70,255,94,130,69,255,94,130,69,255,95,131,69,255,85,121,63,255,91,126,66,255,92,127,67,255,90,126,66,255,91,127,67,255,92,127,67,255,92,127,67,255,91,127,67,255,92,128,67,255,91,126,66,255,91,126,66,255,91,126,66,255,90,126,66,255,92,127,67,255,90,126,66,255,94,130,69,255,92,127,67,255,92,127,67,255,96,132,70,255,101,136,72,255,90,126,66,255,94,130,69,255,94,130,69,255,94,130,69,255,97,132,70,255,94,131,69,255,95,131,69,255,93,130,69,255,96,132,70,255,96,132,69,255,95,131,69,255,93,130,69,255,94,130,69,255,102,137,73,255,86,124,65,255,93,129,68,255,96,132,70,255,93,130,69,255,86,125,65,255,93,129,68,255,94,130,69,255,93,129,68,255,93,129,68,255,93,130,69,255,95,132,69,255,94,130,69,255,93,130,69,255,92,129,68,255,93,130,68,255,93,130,69,255,93,130,69,255,92,129,68,255,93,130,69,255,92,129,68,255,93,130,69,255,91,129,68,255,92,129,68,255,93,130,69,255,93,130,69,255,92,129,68,255,93,130,69,255,93,130,69,255,92,129,68,255,93,130,69,255,93,130,69,255,93,130,69,255,93,130,69,255,87,124,65,255,93,130,69,255,90,128,68,255,88,125,66,255,88,125,65,255,92,129,68,255,90,128,68,255,88,125,65,255,87,124,65,255,92,129,68,255,86,124,65,255,87,124,65,255,91,129,68,255,86,123,65,255,87,125,65,255,91,129,68,255,92,130,68,255,86,124,65,255,90,128,67,255,91,129,68,255,90,128,68,255,90,128,68,255,89,127,67,255,90,128,68,255,91,129,68,255,90,128,67,255,90,128,68,255,90,128,68,255,89,127,67,255,91,129,68,255,90,128,67,255,90,128,68,255,91,129,68,255,90,128,67,255,91,129,68,255,89,127,67,255,91,129,68,255,91,129,68,255,90,128,68,255,91,129,68,255,89,127,67,255,90,128,67,255,91,129,68,255,91,129,68,255,91,129,68,255,90,128,67,255,91,129,68,255,90,128,68,255,90,128,68,255,89,128,67,255,90,128,67,255,91,129,68,255,91,129,68,255,91,129,68,255,91,129,68,255,91,129,68,255,91,129,68,255,91,129,68,255,91,129,68,255,91,129,68,255,91,129,68,255,90,128,67,255,91,129,68,255,90,128,67,255,90,128,68,255,91,128,68,255,90,128,67,255,91,129,68,255,89,127,67,255,90,128,68,255,90,128,68,255,90,128,67,255,90,128,67,255,90,128,68,255,90,128,67,255,90,128,67,255,91,129,68,255,92,129,68,255,86,124,65,255,87,124,65,255,86,124,65,255,91,129,68,255,90,128,68,255,90,128,68,255,90,128,67,255,92,129,68,255,90,128,67,255,90,128,68,255,90,128,68,255,91,129,68,255,89,128,67,255,91,129,68,255,89,127,67,255,87,124,65,255,86,124,65,255,88,125,65,255,85,123,64,255,86,124,65,255,88,125,65,255,88,125,65,255,88,125,65,255,91,129,68,255,91,129,68,255,90,128,67,255,87,124,65,255,90,128,67,255,90,128,67,255,90,128,68,255,91,129,68,255,86,123,65,255,86,124,65,255,88,125,65,255,88,125,65,255,88,125,65,255,88,125,65,255,88,125,65,255,87,125,65,255,88,125,65,255,79,118,60,255,88,125,65,255,86,124,65,255,91,129,68,255,92,129,68,255,86,123,65,255,81,119,61,255,88,125,65,255,87,124,65,255,88,125,66,255,87,124,65,255,88,125,65,255,87,124,65,255,86,123,65,255,88,125,65,255,88,125,65,255,86,124,65,255,86,124,65,255,85,123,64,255,88,125,65,255,87,125,65,255,88,125,65,255,86,124,65,255,87,124,65,255,86,123,64,255,86,124,65,255,88,125,65,255,88,125,66,255,86,124,65,255,88,125,65,255,86,124,65,255,86,124,65,255,88,125,65,255,86,123,65,255,88,125,65,255,86,124,65,255,91,129,68,255,91,128,68,255,84,123,64,255,86,124,65,255,87,124,65,255,85,123,64,255,86,124,65,255,88,125,65,255,86,124,65,255,90,128,68,255,90,128,68,255,92,129,68,255,90,128,67,255,90,128,67,255,85,124,65,255,91,129,68,255,91,128,68,255,91,129,68,255,90,128,67,255,91,129,68,255,91,129,68,255,90,128,67,255,91,129,68,255,91,129,68,255,91,129,68,255,90,128,68,255,90,128,68,255,90,128,67,255,91,129,68,255,90,128,68,255,91,129,68,255,89,128,67,255,83,122,64,255,89,127,67,255,90,128,68,255,91,128,68,255,92,129,68,255,89,127,67,255,91,129,68,255,89,127,67,255,91,129,68,255,91,129,68,255,89,127,67,255,90,128,67,255,90,128,67,255,89,128,67,255,89,127,67,255,90,128,68,255,89,127,67,255,90,128,68,255,90,128,68,255,90,128,68,255,91,129,68,255,91,129,68,255,89,127,67,255,91,129,68,255,89,128,67,255,89,127,67,255,90,128,68,255,91,129,68,255,90,128,67,255,89,128,67,255,89,128,67,255,90,128,67,255,90,129,68,255,90,128,68,255,88,127,67,255,89,127,67,255,90,128,68,255,90,129,68,255,89,128,67,255,90,128,68,255,88,127,67,255,90,129,68,255,82,121,63,255,89,128,67,255,90,128,68,255,89,128,67,255,89,127,67,255,90,128,68,255,88,127,67,255,88,127,67,255,89,128,67,255,90,128,68,255,90,128,67,255,88,127,67,255,88,127,67,255,89,127,67,255,90,129,68,255,89,128,67,255,88,127,67,255,90,128,68,255,89,127,67,255,89,127,67,255,89,128,67,255,88,127,67,255,90,128,68,255,88,127,67,255,89,127,67,255,88,127,67,255,89,127,67,255,88,127,67,255,88,127,67,255,88,127,67,255,89,128,67,255,90,128,68,255,88,127,67,255,90,128,68,255,90,128,68,255,89,128,67,255,89,128,67,255,83,123,64,255,90,128,68,255,88,127,67,255,81,121,63,255,89,128,67,255,89,128,67,255,88,127,67,255,90,128,68,255,89,128,67,255,88,127,67,255,88,127,67,255,89,127,67,255,88,127,67,255,89,128,67,255,88,127,67,255,89,127,67,255,89,128,68,255,88,127,67,255,89,127,67,255,88,127,67,255,89,128,67,255,90,128,68,255,89,128,67,255,89,128,67,255,88,127,67,255,88,127,67,255,88,127,67,255,88,127,67,255,88,127,67,255,89,127,67,255,87,126,67,255,89,128,67,255,87,126,67,255,89,127,67,255,88,127,67,255,90,128,68,255,88,127,67,255,89,128,67,255,88,127,67,255,89,128,67,255,87,126,67,255,88,127,67,255,88,127,67,255,89,128,67,255,87,126,67,255,88,127,67,255,88,127,67,255,87,126,67,255,88,127,67,255,89,127,67,255,89,128,67,255,89,128,67,255,89,127,67,255,89,127,67,255,90,128,68,255,88,127,67,255,89,128,67,255,89,128,67,255,88,127,67,255,89,127,67,255,82,122,63,255,90,128,68,255,89,128,67,255,89,127,67,255,90,128,68,255,88,127,67,255,90,128,68,255,88,127,67,255,89,128,67,255,88,127,67,255,89,127,67,255,89,127,67,255,88,127,67,255,88,127,67,255,89,128,67,255,88,127,67,255,90,128,68,255,90,128,68,255,89,127,67,255,89,127,67,255,90,128,68,255,88,127,67,255,88,127,67,255,84,123,64,255,84,123,64,255,90,128,68,255,88,127,67,255,90,128,68,255,89,128,67,255,88,127,67,255,90,128,68,255,91,129,68,255,89,128,67,255,90,128,68,255,90,128,68,255,89,128,67,255,88,127,67,255,88,127,67,255,89,127,67,255,90,128,68,255,89,127,67,255,90,128,68,255,90,128,67,255,90,128,68,255,91,129,68,255,89,128,67,255,91,129,68,255,91,129,68,255,91,129,68,255,91,129,68,255,91,129,68,255,90,128,67,255,89,127,67,255,89,127,67,255,89,128,67,255,90,128,67,255,90,128,67,255,92,130,68,255,88,125,65,255,86,124,65,255,90,128,68,255,90,128,68,255,88,125,65,255,85,123,64,255,90,128,67,255,91,128,68,255,90,128,67,255,88,125,65,255,90,128,67,255,90,128,67,255,91,129,68,255,86,124,65,255,87,124,65,255,88,125,65,255,86,124,65,255,92,129,68,255,86,124,65,255,88,125,66,255,87,124,65,255,88,125,65,255,86,124,65,255,87,124,65,255,86,124,65,255,86,124,65,255,86,124,65,255,88,125,65,255,88,125,65,255,88,125,65,255,85,124,65,255,91,128,68,255,93,130,69,255,91,128,68,255,91,129,68,255,91,129,68,255,91,129,68,255,92,129,68,255,88,125,65,255,89,125,66,255,88,125,65,255,88,125,66,255,88,125,66,255,88,125,65,255,89,125,66,255,87,124,65,255,84,123,64,255,91,128,68,255,86,124,65,255,88,125,66,255,86,124,65,255,87,124,65,255,87,124,65,255,86,124,65,255,86,124,65,255,88,125,65,255,88,125,66,255,88,125,65,255,86,124,65,255,88,125,65,255,86,124,65,255,86,124,65,255,88,125,65,255,86,123,65,255,86,124,65,255,86,124,65,255,87,125,65,255,86,124,65,255,85,123,64,255,92,129,68,255,85,123,64,255,81,119,61,255,91,129,68,255,91,129,68,255,87,125,65,255,92,129,68,255,90,128,67,255,91,128,68,255,90,128,68,255,91,129,68,255,90,128,67,255,91,129,68,255,90,128,67,255,92,129,68,255,90,128,67,255,91,129,68,255,91,129,68,255,91,129,68,255,90,128,67,255,90,128,67,255,89,128,67,255,89,128,67,255,90,128,68,255,89,127,67,255,89,127,67,255,91,129,68,255,91,129,68,255,91,129,68,255,90,128,68,255,89,127,67,255,89,127,67,255,89,128,67,255,91,129,68,255,90,128,68,255,89,127,67,255,89,127,67,255,90,128,68,255,89,128,67,255,89,128,67,255,90,128,68,255,91,129,68,255,90,128,68,255,89,127,67,255,85,127,68,255,90,128,67,255,90,128,67,255,89,127,67,255,77,123,66,255,90,129,68,255,90,129,68,255,90,128,68,255,68,116,63,255,90,128,67,255,90,128,68,255,89,127,67,255,69,117,63,255,73,119,65,255,98,133,70,255,97,132,70,255,98,133,70,255,73,118,65,255,97,132,70,255,98,133,70,255,97,132,70,255,74,119,65,255,99,133,71,255,98,133,70,255,96,132,69,255,74,119,65,255,99,134,71,255,97,132,70,255,98,133,70,255,96,131,69,255,97,133,70,255,97,133,70,255,96,132,69,255,96,132,69,255,98,133,70,255,97,133,70,255,94,130,69,255,98,133,70,255,96,132,69,255,96,131,69,255,97,132,70,255,96,132,69,255,89,126,66,255,96,132,69,255,99,133,70,255,91,126,66,255,90,126,66,255,96,132,69,255,96,132,70,255,92,127,67,255,97,132,69,255,94,130,69,255,94,130,69,255,92,127,67,255,92,127,67,255,96,132,70,255,96,132,70,255,92,127,67,255,92,128,67,255,96,132,69,255,96,132,70,255,94,130,69,255,95,131,69,255,95,132,69,255,96,132,70,255,96,132,70,255,94,130,69,255,94,130,69,255,94,130,69,255,94,131,69,255,93,130,69,255,96,132,70,255,95,131,69,255,96,132,69,255,95,131,69,255,93,130,69,255,94,130,69,255,94,130,69,255,94,130,69,255,101,136,72,255,94,131,69,255,96,132,70,255,94,130,69,255,96,132,70,255,96,132,69,255,96,132,70,255,96,132,70,255,95,132,69,255,94,130,69,255,94,130,69,255,94,131,69,255,96,132,70,255,94,130,69,255,94,130,69,255,96,132,70,255,95,132,69,255,94,130,69,255,96,132,70,255,94,130,69,255,96,132,70,255,88,125,65,255,94,130,69,255,94,131,69,255,96,132,70,255,95,131,69,255,94,130,69,255,96,132,69,255,96,132,70,255,96,132,69,255,96,132,70,255,96,132,70,255,95,131,69,255,94,130,69,255,94,130,69,255,95,131,69,255,95,131,69,255,96,132,70,255,96,132,70,255,94,131,69,255,95,131,69,255,96,132,70,255,90,127,66,255,94,130,69,255,96,132,69,255,90,126,66,255,94,130,69,255,96,132,70,255,96,132,70,255,93,130,69,255,96,132,69,255,95,131,69,255,96,132,70,255,95,131,69,255,94,130,69,255,97,133,70,255,95,131,69,255,95,131,69,255,84,121,63,255,91,127,67,255,91,127,66,255,92,127,67,255,88,125,65,255,96,132,70,255,96,132,70,255,94,131,69,255,95,132,69,255,96,132,69,255,96,132,70,255,94,130,69,255,94,130,69,255,96,132,70,255,96,132,70,255,102,137,73,255,96,132,70,255,102,137,73,255,96,132,70,255,95,131,69,255,89,126,66,255,94,131,69,255,93,130,69,255,95,132,69,255,94,131,69,255,87,125,65,255,95,131,69,255,94,130,69,255,94,130,69,255,94,131,69,255,94,130,69,255,94,131,69,255,94,130,69,255,96,132,70,255,93,130,69,255,96,132,69,255,96,132,70,255,95,132,69,255,94,130,69,255,94,131,69,255,94,130,69,255,93,130,69,255,95,132,69,255,95,132,69,255,94,130,69,255,93,130,69,255,95,131,69,255,100,136,72,255,94,131,69,255,93,130,69,255,94,130,69,255,93,130,69,255,101,136,73,255,94,131,69,255,88,125,65,255,94,130,69,255,95,132,69,255,95,132,69,255,93,130,69,255,94,131,69,255,94,130,69,255,94,131,69,255,95,131,69,255,94,131,69,255,93,130,69,255,93,130,69,255,94,130,69,255,94,130,69,255,93,130,69,255,93,130,69,255,94,130,69,255,94,131,69,255,93,130,69,255,95,132,69,255,94,130,69,255,95,132,69,255,95,131,69,255,94,130,69,255,94,131,69,255,94,130,69,255,94,131,69,255,94,131,69,255,95,132,69,255,94,130,69,255,93,130,69,255,93,130,69,255,94,130,68,255,100,135,72,255,95,132,69,255,93,130,69,255,93,130,69,255,93,130,69,255,93,130,69,255,93,130,69,255,93,130,69,255,93,129,68,255,95,131,69,255,94,130,69,255,93,129,68,255,93,130,69,255,94,130,69,255,95,132,69,255,94,130,69,255,94,130,69,255,94,130,69,255,94,131,69,255,94,130,69,255,93,130,69,255,93,130,69,255,94,131,69,255,95,132,69,255,94,131,69,255,95,132,69,255,93,130,69,255,94,130,69,255,94,131,69,255,93,130,69,255,93,129,68,255,93,130,69,255,94,131,69,255,93,130,69,255,94,130,69,255,93,130,69,255,94,131,69,255,94,130,69,255,93,130,69,255,100,136,72,255,93,130,68,255,94,130,69,255,93,130,69,255,92,129,68,255,88,125,66,255,93,130,69,255,92,129,68,255,91,129,68,255,93,130,69,255,93,130,69,255,93,130,69,255,93,130,69,255,93,130,69,255,100,136,72,255,92,129,68,255,93,130,69,255,93,130,69,255,92,129,68,255,92,129,68,255,93,130,69,255,91,129,68,255,93,130,69,255,91,129,68,255,91,129,68,255,93,130,69,255,92,129,68,255,92,129,68,255,93,130,69,255,91,129,68,255,91,128,68,255,91,129,68,255,92,129,68,255,86,124,65,255,93,130,69,255,91,129,68,255,90,128,68,255,86,124,65,255,91,128,68,255,88,125,65,255,87,124,65,255,88,125,65,255,88,125,65,255,86,123,65,255,87,124,65,255,92,129,68,255,87,125,65,255,86,124,65,255,90,128,67,255,91,128,68,255,87,124,65,255,90,128,68,255,90,128,67,255,89,127,67,255,90,128,67,255,89,128,67,255,91,128,68,255,90,128,68,255,91,129,68,255,91,129,68,255,90,128,68,255,90,128,67,255,91,129,68,255,89,128,67,255,90,128,67,255,91,129,68,255,91,129,68,255,89,128,67,255,83,123,64,255,90,128,68,255,91,129,68,255,90,128,67,255,90,128,68,255,90,128,68,255,84,123,64,255,91,129,68,255,90,128,68,255,89,127,67,255,89,127,67,255,90,128,68,255,88,127,67,255,90,128,68,255,89,127,67,255,89,127,67,255,89,128,67,255,90,128,68,255,89,127,67,255,90,129,68,255,89,127,67,255,91,129,68,255,90,128,68,255,89,128,67,255,89,128,67,255,90,128,68,255,89,128,67,255,89,127,67,255,89,128,67,255,90,128,68,255,90,128,68,255,90,128,68,255,89,128,67,255,89,128,67,255,91,129,68,255,90,128,68,255,90,128,68,255,90,128,67,255,90,128,68,255,90,129,68,255,84,123,64,255,89,128,67,255,89,128,67,255,89,128,67,255,91,129,68,255,90,128,68,255,89,128,67,255,90,128,68,255,90,129,68,255,90,128,68,255,91,129,68,255,90,128,67,255,87,124,65,255,88,125,65,255,89,127,67,255,91,129,68,255,92,129,68,255,88,125,65,255,90,128,68,255,90,128,68,255,92,129,68,255,86,124,65,255,91,129,68,255,89,128,67,255,91,128,68,255,90,128,68,255,87,124,65,255,91,129,68,255,92,129,68,255,92,129,68,255,88,125,65,255,85,124,65,255,92,130,69,255,91,129,68,255,86,123,65,255,88,125,65,255,92,129,68,255,93,130,69,255,85,123,64,255,80,118,61,255,92,129,68,255,92,130,69,255,93,130,69,255,93,130,69,255,94,131,69,255,93,130,69,255,91,129,68,255,93,130,69,255,93,130,69,255,88,125,65,255,92,129,68,255,85,124,65,255,93,130,69,255,93,130,69,255,93,130,69,255,91,129,68,255,92,129,68,255,93,130,69,255,93,130,69,255,94,130,69,255,101,137,73,255,94,130,69,255,86,124,65,255,94,131,69,255,95,132,69,255,93,130,69,255,93,130,69,255,94,131,69,255,94,130,69,255,94,131,69,255,93,130,69,255,93,130,69,255,94,130,69,255,95,132,69,255,100,136,72,255,93,130,69,255,99,135,72,255,94,131,69,255,93,130,69,255,93,129,68,255,93,130,69,255,93,130,69,255,93,130,69,255,93,129,68,255,94,130,69,255,93,130,69,255,93,129,68,255,94,130,69,255,93,130,69,255,93,130,69,255,92,129,68,255,93,130,69,255,95,131,69,255,95,132,69,255,95,132,69,255,94,131,69,255,95,132,69,255,92,129,68,255,95,132,69,255,93,129,68,255,100,136,72,255,94,131,69,255,94,131,69,255,94,131,69,255,93,129,68,255,93,130,69,255],"diagnostics":{"requested":110,"queued":null,"dispatched":18,"completed":18,"published":17,"latestPublications":7,"intermediatePublications":10,"staleDiscarded":1,"discarded":1,"coalesced":92,"failures":0,"resets":0,"workerStarts":1,"retries":0,"snapshots":18,"maxQueued":1,"maxInFlight":1,"latestRequestedGeneration":110,"latestPublishedGeneration":110,"latestRasterGeneration":110,"completedWorkerEpoch":0,"completedRasterRevision":18,"publishedWorkerEpoch":0,"publishedRasterRevision":18,"installedWorkerEpoch":0,"installedRasterRevision":18,"uploadSkippedSameRevision":0,"validRaster":true,"emergencyMode":false,"requestMs":0.6000000238418579,"publishMs":53.19999998807907,"maxRequestMs":0.10000002384185791,"maxPublishMs":6.199999988079071,"lastWorkerMs":88.89999997615814,"maxWorkerMs":414.19999998807907,"requestSamplesMs":[0,0.10000002384185791,0,0,0.10000002384185791,0,0,0,0,0,0.10000002384185791,0,0,0,0,0,0,0,0,0,0,0,0,0,0,0,0,0,0,0,0,0,0,0,0,0,0,0,0,0,0,0,0,0,0,0,0,0,0,0,0,0,0,0,0,0,0,0,0,0,0,0,0,0,0,0,0,0,0,0,0,0,0,0,0,0,0,0.09999996423721313,0,0,0,0,0,0,0,0,0,0,0,0,0,0,0,0,0,0,0.10000002384185791,0,0,0.09999996423721313,0,0,0,0,0,0,0,0,0,0],"publishSamplesMs":[6.199999988079071,2.5,2.699999988079071,5.199999988079071,2.399999976158142,2.600000023841858,4.800000011920929,3,2.399999976158142,2.5,2,3.199999988079071,3.800000011920929,2.199999988079071,2.600000023841858,2.5,2.600000023841858],"fallback":"none","failure":null,"generation":110,"inFlight":null,"epoch":0,"stopped":false},"validPublications":1},"final":{"latestRequestedGeneration":110,"latestPublishedGeneration":110,"latestPublications":7,"intermediatePublications":10,"staleDiscarded":1,"validRaster":true,"emergencyMode":false,"completedWorkerEpoch":0,"completedRasterRevision":18,"publishedWorkerEpoch":0,"publishedRasterRevision":18,"installedWorkerEpoch":0,"installedRasterRevision":18,"uploadSkippedSameRevision":0,"queued":null,"inFlight":null,"stopped":false,"failures":0,"retries":0,"workerStarts":1,"snapshots":18,"dispatched":18,"coalesced":92,"requestSamplesMs":[0,0.10000002384185791,0,0,0.10000002384185791,0,0,0,0,0,0.10000002384185791,0,0,0,0,0,0,0,0,0,0,0,0,0,0,0,0,0,0,0,0,0,0,0,0,0,0,0,0,0,0,0,0,0,0,0,0,0,0,0,0,0,0,0,0,0,0,0,0,0,0,0,0,0,0,0,0,0,0,0,0,0,0,0,0,0,0,0.09999996423721313,0,0,0,0,0,0,0,0,0,0,0,0,0,0,0,0,0,0,0.10000002384185791,0,0,0.09999996423721313,0,0,0,0,0,0,0,0,0,0],"publishSamplesMs":[6.199999988079071,2.5,2.699999988079071,5.199999988079071,2.399999976158142,2.600000023841858,4.800000011920929,3,2.399999976158142,2.5,2,3.199999988079071,3.800000011920929,2.199999988079071,2.600000023841858,2.5,2.600000023841858],"maxRequestMs":0.10000002384185791,"maxPublishMs":6.199999988079071},"semantics":{"activeDiffersFromBaseline":true,"expiredEqualsBaseline":true,"consecutiveTickFade":true,"independentValidPublications":true}}]

F2_RESPONSIVENESS [{"renderer":"canvas","name":"enqueue","samplesMs":[0.10000002384185791,0.10000002384185791,0.09999996423721313,0,0,0.10000002384185791,0,0,0,0,0,0.10000002384185791],"targetMs":16.7,"hardMaximumMs":50,"maxMs":0.10000002384185791},{"renderer":"canvas","name":"strategic-zoom-threshold","samplesMs":[0,0,0,0,0,0,0.09999996423721313,0.10000002384185791,0,0,0,0],"targetMs":16.7,"hardMaximumMs":50,"maxMs":0.10000002384185791},{"renderer":"canvas","name":"operational-zoom-threshold","samplesMs":[0,0,0,0.09999996423721313,0.09999996423721313,0.09999996423721313,0,0,0,0.10000002384185791,0,0.09999996423721313],"targetMs":16.7,"hardMaximumMs":50,"maxMs":0.10000002384185791},{"renderer":"canvas","name":"hover-enter","samplesMs":[0,0.09999996423721313,0,0.09999996423721313,0,0,0,0,0.09999996423721313,0,0,0],"targetMs":16.7,"hardMaximumMs":50,"maxMs":0.09999996423721313},{"renderer":"canvas","name":"hover-plateau","samplesMs":[0,0,0,0,0.10000002384185791,0,0,0.09999996423721313,0,0,0.10000002384185791,0],"targetMs":16.7,"hardMaximumMs":50,"maxMs":0.10000002384185791},{"renderer":"canvas","name":"hover-leave","samplesMs":[0,0.09999996423721313,0.10000002384185791,0,0,0,0,0,0,0,0,0],"targetMs":16.7,"hardMaximumMs":50,"maxMs":0.10000002384185791},{"renderer":"canvas","name":"pick-enter","samplesMs":[0.19999998807907104,0.10000002384185791,0.10000002384185791,0,0.09999996423721313,0.10000002384185791,0.10000002384185791,0,0.09999996423721313,0,0,0.19999998807907104],"targetMs":16.7,"hardMaximumMs":50,"maxMs":0.19999998807907104},{"renderer":"canvas","name":"pick-cancel","samplesMs":[0.09999996423721313,0.09999996423721313,0,0,0,0.10000002384185791,0.10000002384185791,0,0,0.09999996423721313,0,0],"targetMs":16.7,"hardMaximumMs":50,"maxMs":0.10000002384185791},{"renderer":"canvas","name":"paused-escape","samplesMs":[0.19999998807907104,0.10000002384185791,0,0.19999998807907104,0.09999996423721313,0.09999996423721313,0.10000002384185791,0.10000002384185791,0.09999996423721313,0.09999996423721313,0,0.19999998807907104],"targetMs":16.7,"hardMaximumMs":50,"maxMs":0.19999998807907104},{"renderer":"pixi","name":"enqueue","samplesMs":[0,0.10000002384185791,0,0,0,0,0,0,0,0.09999996423721313,0,0],"targetMs":16.7,"hardMaximumMs":50,"maxMs":0.10000002384185791},{"renderer":"pixi","name":"strategic-zoom-threshold","samplesMs":[0.10000002384185791,0,0.09999996423721313,0.09999996423721313,0.10000002384185791,0,0,0,0,0,0,0.10000002384185791],"targetMs":16.7,"hardMaximumMs":50,"maxMs":0.10000002384185791},{"renderer":"pixi","name":"operational-zoom-threshold","samplesMs":[0,0,0,0.09999996423721313,0,0,0,0,0.10000002384185791,0,0,0.09999996423721313],"targetMs":16.7,"hardMaximumMs":50,"maxMs":0.10000002384185791},{"renderer":"pixi","name":"hover-enter","samplesMs":[0,0,0,0.10000002384185791,0,0,0,0.09999996423721313,0,0,0,0.10000002384185791],"targetMs":16.7,"hardMaximumMs":50,"maxMs":0.10000002384185791},{"renderer":"pixi","name":"hover-plateau","samplesMs":[0,0,0.10000002384185791,0,0,0,0,0,0.10000002384185791,0.09999996423721313,0,0],"targetMs":16.7,"hardMaximumMs":50,"maxMs":0.10000002384185791},{"renderer":"pixi","name":"hover-leave","samplesMs":[0,0.09999996423721313,0,0,0,0,0,0.10000002384185791,0.09999996423721313,0.10000002384185791,0,0.09999996423721313],"targetMs":16.7,"hardMaximumMs":50,"maxMs":0.10000002384185791},{"renderer":"pixi","name":"pick-enter","samplesMs":[0.19999998807907104,0,0,0.19999998807907104,0.10000002384185791,0.10000002384185791,0.09999996423721313,0.09999996423721313,0.09999996423721313,0.09999996423721313,0,0.10000002384185791],"targetMs":16.7,"hardMaximumMs":50,"maxMs":0.19999998807907104},{"renderer":"pixi","name":"pick-cancel","samplesMs":[0,0,0,0,0,0.09999996423721313,0,0,0.10000002384185791,0,0,0],"targetMs":16.7,"hardMaximumMs":50,"maxMs":0.10000002384185791},{"renderer":"pixi","name":"paused-escape","samplesMs":[0.10000002384185791,0.09999996423721313,0.19999998807907104,0.19999998807907104,0.20000004768371582,0.09999996423721313,0.19999998807907104,0.09999996423721313,0.19999998807907104,0.09999996423721313,0.10000002384185791,0.09999996423721313],"targetMs":16.7,"hardMaximumMs":50,"maxMs":0.20000004768371582}]


(node:60156) Warning: The 'NO_COLOR' env is ignored due to the 'FORCE_COLOR' env being set.
(Use `node --trace-warnings ...` to show where the warning was created)

[340/1362] [firefox-desktop] › tests\browser\audio.spec.js:3:1 › approved audio decodes and situation / Radio controls survive mute and reload
[341/1362] [firefox-desktop] › tests\browser\audio.spec.js:42:1 › pausing during a pending score download cannot start late playback
[342/1362] [firefox-desktop] › tests\browser\build-contract.spec.js:4:1 › source and built module applications load every chunk and preserve the canonical simulation
[343/1362] [firefox-desktop] › tests\browser\canvas.spec.js:93:1 › launches a fixed-seed match, renders the map, and supports camera zoom
[344/1362] [firefox-desktop] › tests\browser\canvas.spec.js:135:1 › all map buttons launch useful maps and match the strategic/close visual matrix
[345/1362] [firefox-desktop] › tests\browser\canvas.spec.js:162:1 › major modes launch individually and expose their defining state
[346/1362] [firefox-desktop] › tests\browser\canvas.spec.js:197:1 › real pointer targeting and context interaction use the expected tile
[347/1362] [firefox-desktop] › tests\browser\canvas.spec.js:241:1 › Billionaire allied aid sends gold and troops independently
[348/1362] [firefox-desktop] › tests\browser\canvas.spec.js:273:1 › dense late-game fixture exposes strategic visual layers
[349/1362] [firefox-desktop] › tests\browser\canvas.spec.js:292:1 › loads and plays the historical replay fixture in the browser
[350/1362] [firefox-desktop] › tests\browser\canvas.spec.js:314:1 › 8x watch stops and finalizes exactly at the replay target
[351/1362] [firefox-desktop] › tests\browser\canvas.spec.js:326:1 › resume catch-up suspends once on checkpoint divergence and Continue reaches exact live target
[352/1362] [firefox-desktop] › tests\browser\canvas.spec.js:352:1 › Stop replay resets a diverged resume and a subsequent ordinary resume succeeds
[353/1362] [firefox-desktop] › tests\browser\canvas.spec.js:371:1 › browser replay payload includes strong final evidence for a short save
[354/1362] [firefox-desktop] › tests\browser\canvas.spec.js:386:1 › a save from the pause menu resumes with verified final evidence
[355/1362] [firefox-desktop] › tests\browser\canvas.spec.js:402:1 › credits replay reset clears setup scratch before rebuilding the match
[356/1362] [firefox-desktop] › tests\browser\canvas.spec.js:411:1 › rejects malformed and unsupported replay commands before configuration
[357/1362] [firefox-desktop] › tests\browser\canvas.spec.js:433:1 › invalid replay settings leave start state usable and allow a successful retry
[358/1362] [firefox-desktop] › tests\browser\canvas.spec.js:455:1 › invalid start configuration reports the error without hiding the start card
[359/1362] [firefox-desktop] › tests\browser\canvas.spec.js:472:1 › start and settings cards avoid horizontal overflow on desktop and mobile
[360/1362] [firefox-desktop] › tests\browser\canvas.spec.js:491:1 › resizes without document overflow and keeps the Canvas usable
[361/1362] [firefox-desktop] › tests\browser\canvas.spec.js:518:1 › fixed-seed simulation has the same canonical digest in Chromium, Firefox, and WebKit
[362/1362] [firefox-desktop] › tests\browser\canvas.spec.js:568:1 › real Canvas rendering is pure and irregular render cadence cannot change simulation
[363/1362] [firefox-desktop] › tests\browser\classic-combat-effects.spec.js:2:1 › combat effects have distinct stages, restore Canvas state and respect lifecycle/visibility
[364/1362] [firefox-desktop] › tests\browser\classic-map-edge.spec.js:2:1 › classic terrain preserves all four map edges across cache pans and worker output
[365/1362] [firefox-desktop] › tests\browser\classic-motion.spec.js:2:1 › classic motion covers roster, guards fog/offscreen/reduced motion and leaves state unchanged
[366/1362] [firefox-desktop] › tests\browser\classic-sam-runtime.spec.js:2:1 › runtime SAM preserves aim during reload, supports every bearing and freezes when paused
[367/1362] [firefox-desktop] › tests\browser\classic-silo-sequence.spec.js:2:1 › silo starts closed, opens before elevation, holds before ignition and closes after flight
[368/1362] [firefox-desktop] › tests\browser\classic-tree-coverage.spec.js:2:1 › large close-up terrain draws trees through the bottom of the view and reuses its cache
[369/1362] [firefox-desktop] › tests\browser\desktop-scale.spec.js:98:1 › keeps Canvas, layout, targeting, and camera stable across desktop display scales
[370/1362] [firefox-desktop] › tests\browser\desktop-scale.spec.js:139:1 › keeps Pixi raster and Canvas overlay aligned across desktop display scales
[371/1362] [firefox-desktop] › tests\browser\desktop-scale.spec.js:163:1 › keeps Pixi structure sprites aligned to Canvas CSS-pixel coordinates across desktop display scales
[372/1362] [firefox-desktop] › tests\browser\desktop-scale.spec.js:177:1 › uses rasterized scaled-texture fringe for edge culling and ordered overlap at every DPR
[373/1362] [firefox-desktop] › tests\browser\desktop-scale.spec.js:214:1 › matches Canvas alphabetic-baseline label semantics and overlapping level/queue/arc pixels at every DPR
[374/1362] [firefox-desktop] › tests\browser\desktop-scale.spec.js:232:1 › keeps Pixi naval logistics hulls, routes, wakes, labels, cargo, and boarding aligned at every DPR
[375/1362] [firefox-desktop] › tests\browser\desktop-scale.spec.js:243:1 › distinguishes merchant miter corners and boarding butt/round endpoints at every DPR
[376/1362] [firefox-desktop] › tests\browser\deterministic-math.spec.js:2:1 › portable simulation math matches the historical runtime bit for bit
[377/1362] [firefox-desktop] › tests\browser\help-guide.spec.js:5:1 › field guide stays readable on desktop and mobile, with working reference disclosures
[378/1362] [firefox-desktop] › tests\browser\help-guide.spec.js:30:1 › app guide shares current About and resets the reading position on tab changes
[379/1362] [firefox-desktop] › tests\browser\help-roster.spec.js:3:1 › in-game guide loads every current unit portrait and practical usage note
[380/1362] [firefox-desktop] › tests\browser\help-roster.spec.js:21:1 › packaged website guide is self-contained and readable at narrow widths
[381/1362] [firefox-desktop] › tests\browser\phase-g-all-units.spec.js:15:1 › all shipped unit families expose isolated Unit Direction 02 candidates without canonical state
[382/1362] [firefox-desktop] › tests\browser\phase-g-projectiles.spec.js:11:1 › all nine shipped projectile rows expose isolated production-render candidates
[383/1362] [firefox-desktop] › tests\browser\phase-g-radar-sam.spec.js:23:1 › Phase G radar and SAM dishes use bounded Pixi overlays with deterministic state-safe motion
[384/1362] [firefox-desktop] › tests\browser\phase-g-radar-sam.spec.js:54:1 › Phase G Canvas fallback shares moving and reduced-motion dish policy
[385/1362] [firefox-desktop] › tests\browser\phase-g-radar-sam.spec.js:66:40 › Phase G medium-quality Pixi keeps bounded readable dishes without texture churn
[386/1362] [firefox-desktop] › tests\browser\phase-g-radar-sam.spec.js:66:40 › Phase G low-quality Pixi keeps bounded readable dishes without texture churn
[387/1362] [firefox-desktop] › tests\browser\phase-g-radar-sam.spec.js:77:1 › Phase G evidence identifies the approved Unit Direction 02 source
[388/1362] [firefox-desktop] › tests\browser\pixi-aircraft.spec.js:26:1 › Pixi owns the exact aircraft block with interpolation-ready coordinates and Canvas handoff
[389/1362] [firefox-desktop] › tests\browser\pixi-aircraft.spec.js:32:1 › synthetic malformed stepped bomber rejects Pixi but direct Canvas fallback remains legacy-safe
[390/1362] [firefox-desktop] › tests\browser\pixi-aircraft.spec.js:36:1 › isolated real Pixi Graphics rasterize every aircraft primitive at DPR 1, 1.5, and 2
[391/1362] [firefox-desktop] › tests\browser\pixi-aircraft.spec.js:47:1 › aircraft stays above missiles and real Air-list hover drives the patrol highlight
[392/1362] [firefox-desktop] › tests\browser\pixi-aircraft.spec.js:52:1 › aircraft resource failures withdraw all aircraft, directly Canvas-paint, and retry cleanly
[393/1362] [firefox-desktop] › tests\browser\pixi-aircraft.spec.js:63:4 › aircraft entry cap rejects without truncation, uses uncapped Canvas, and recovers
[394/1362] [firefox-desktop] › tests\browser\pixi-aircraft.spec.js:63:4 › aircraft primitive cap rejects without truncation, uses uncapped Canvas, and recovers
[395/1362] [firefox-desktop] › tests\browser\pixi-aircraft.spec.js:63:4 › aircraft segment cap rejects without truncation, uses uncapped Canvas, and recovers
[396/1362] [firefox-desktop] › tests\browser\pixi-aircraft.spec.js:63:4 › aircraft container cap rejects without truncation, uses uncapped Canvas, and recovers
[397/1362] [firefox-desktop] › tests\browser\pixi-aircraft.spec.js:63:4 › aircraft Graphics cap rejects without truncation, uses uncapped Canvas, and recovers
[398/1362] [firefox-desktop] › tests\browser\pixi-aircraft.spec.js:68:1 › stable positive aircraft IDs survive reorder/remove/re-add and reject duplicate or missing IDs
[399/1362] [firefox-desktop] › tests\browser\pixi-aircraft.spec.js:72:1 › aircraft ownership requires every prerequisite through missiles
[400/1362] [firefox-desktop] › tests\browser\pixi-aircraft.spec.js:76:1 › aircraft container and Graphics constructor failures leave no phantom resources
[401/1362] [firefox-desktop] › tests\browser\pixi-aircraft.spec.js:80:1 › fatal final submission replays aircraft once with omission-sensitive primitives
[402/1362] [firefox-desktop] › tests\browser\pixi-aircraft.spec.js:84:1 › active aircraft resources recreate after BFCache loss and clean up on context loss
[403/1362] [firefox-desktop] › tests\browser\pixi-aircraft.spec.js:88:1 › 1800-frame type/state/color/HP/heading/pull/patrol/fog/cull/reorder churn plateaus
[404/1362] [firefox-desktop] › tests\browser\pixi-atlas.spec.js:4:1 › synthetic Canvas atlas creates real Pixi subtextures at DPR 1, 1.5, and 2 and tears down
[405/1362] [firefox-desktop] › tests\browser\pixi-atlas.spec.js:14:1 › atlas loading failures are categorized, atomic, and choose Canvas fallback
[406/1362] [firefox-desktop] › tests\browser\pixi-atlas.spec.js:35:1 › atlas references prevent eviction and released atlases evict in LRU order
[407/1362] [firefox-desktop] › tests\browser\pixi-atlas.spec.js:44:1 › concurrent atlas commits recheck duplicate, atlas, byte, and aggregate frame caps in completion order
[408/1362] [firefox-desktop] › tests\browser\pixi-atlas.spec.js:71:1 › failed staged replacement and destroy-during-load preserve publication atomically
[409/1362] [firefox-desktop] › tests\browser\pixi-floating-text.spec.js:14:1 › Pixi owns exactly floating text after support and preserves formulas, style, order, and handoff
[410/1362] [firefox-desktop] › tests\browser\pixi-floating-text.spec.js:16:1 › actual Pixi raster matches direct Canvas at DPR 1, 1.5, and 2 including mid-fade and subpixels
[411/1362] [firefox-desktop] › tests\browser\pixi-floating-text.spec.js:18:150 › floating-text-after-raster withdraws every floater and paints uncapped Canvas
[412/1362] [firefox-desktop] › tests\browser\pixi-floating-text.spec.js:18:150 › floating-text-final-append withdraws every floater and paints uncapped Canvas
[413/1362] [firefox-desktop] › tests\browser\pixi-floating-text.spec.js:20:276 › production renderPass floating-text-final-append keeps support below and Canvas effects above without double-age
[414/1362] [firefox-desktop] › tests\browser\pixi-floating-text.spec.js:20:276 › production renderPass floating-text-update keeps support below and Canvas effects above without double-age
[415/1362] [firefox-desktop] › tests\browser\pixi-floating-text.spec.js:20:276 › production renderPass final-render keeps support below and Canvas effects above without double-age
[416/1362] [firefox-desktop] › tests\browser\pixi-floating-text.spec.js:22:444 › floating text entry-cap rejects without truncation
[417/1362] [firefox-desktop] › tests\browser\pixi-floating-text.spec.js:22:444 › floating text label-cap rejects without truncation
[418/1362] [firefox-desktop] › tests\browser\pixi-floating-text.spec.js:22:444 › floating text char-cap rejects without truncation
[419/1362] [firefox-desktop] › tests\browser\pixi-floating-text.spec.js:22:444 › floating text container-cap rejects without truncation
[420/1362] [firefox-desktop] › tests\browser\pixi-floating-text.spec.js:22:444 › floating text sprite-cap rejects without truncation
[421/1362] [firefox-desktop] › tests\browser\pixi-floating-text.spec.js:22:444 › floating text texture-cap rejects without truncation
[422/1362] [firefox-desktop] › tests\browser\pixi-floating-text.spec.js:22:444 › floating text source-byte-cap rejects without truncation
[423/1362] [firefox-desktop] › tests\browser\pixi-floating-text.spec.js:24:1 › WeakMap occurrence identity survives reorder, removal, text changes, and restore
[424/1362] [firefox-desktop] › tests\browser\pixi-floating-text.spec.js:26:1 › real event adapter cash floater is created unchanged and presented by Pixi
[425/1362] [firefox-desktop] › tests\browser\pixi-floating-text.spec.js:28:1 › floating text ownership requires support actors and reset recovery is clean
[426/1362] [firefox-desktop] › tests\browser\pixi-floating-text.spec.js:30:1 › 1800-frame age/text/color/cull/pan churn plateaus within submission ceilings
[427/1362] [firefox-desktop] › tests\browser\pixi-global-effects.spec.js:31:1 › Pixi owns the exact independently inventoried seven-category block and all legacy wreck classes
[428/1362] [firefox-desktop] › tests\browser\pixi-global-effects.spec.js:33:1 › every production drawPrimitive matches direct Canvas at DPR 1, 1.5, and 2
[429/1362] [firefox-desktop] › tests\browser\pixi-global-effects.spec.js:35:465 › global effects category-cap rejects the complete block without truncation
[430/1362] [firefox-desktop] › tests\browser\pixi-global-effects.spec.js:35:465 › global effects entry-cap rejects the complete block without truncation
[431/1362] [firefox-desktop] › tests\browser\pixi-global-effects.spec.js:35:465 › global effects trail-point-cap rejects the complete block without truncation
[432/1362] [firefox-desktop] › tests\browser\pixi-global-effects.spec.js:35:465 › global effects primitive-cap rejects the complete block without truncation
[433/1362] [firefox-desktop] › tests\browser\pixi-global-effects.spec.js:35:465 › global effects segment-cap rejects the complete block without truncation
[434/1362] [firefox-desktop] › tests\browser\pixi-global-effects.spec.js:35:465 › global effects container-cap rejects the complete block without truncation
[435/1362] [firefox-desktop] › tests\browser\pixi-global-effects.spec.js:35:465 › global effects graphics-cap rejects the complete block without truncation
[436/1362] [firefox-desktop] › tests\browser\pixi-global-effects.spec.js:37:162 › global-effects-graphics-after-paint withdraws every category and recovers
[437/1362] [firefox-desktop] › tests\browser\pixi-global-effects.spec.js:37:162 › global-effects-final-append withdraws every category and recovers
[438/1362] [firefox-desktop] › tests\browser\pixi-global-effects.spec.js:39:279 › production renderPass global-effects-final-append keeps floaters below and nation labels above without double age
[439/1362] [firefox-desktop] › tests\browser\pixi-global-effects.spec.js:39:279 › production renderPass global-effects-update keeps floaters below and nation labels above without double age
[440/1362] [firefox-desktop] › tests\browser\pixi-global-effects.spec.js:39:279 › production renderPass final-render keeps floaters below and nation labels above without double age
[441/1362] [firefox-desktop] › tests\browser\pixi-global-effects.spec.js:41:1 › WeakMap occurrence identity survives reorder, removal, and restore
[442/1362] [firefox-desktop] › tests\browser\pixi-global-effects.spec.js:43:1 › production renderPass retains one legacy fog decision for air-wreck smoke and replay
[443/1362] [firefox-desktop] › tests\browser\pixi-global-effects.spec.js:45:1 › real effect adapters feed all feasible categories without simulation mutation
[444/1362] [firefox-desktop] › tests\browser\pixi-global-effects.spec.js:47:1 › global effects ownership requires floating text and reset recovery is clean
[445/1362] [firefox-desktop] › tests\browser\pixi-global-effects.spec.js:49:1 › 1800-frame all-category color/cull/pan/quality/motion churn plateaus within submission ceilings
[446/1362] [firefox-desktop] › tests\browser\pixi-interaction-overlays.spec.js:8:1 › Pixi owns the complete ordered final interaction block without input or authority mutation
[447/1362] [firefox-desktop] › tests\browser\pixi-interaction-overlays.spec.js:12:82 › E17 pick condition retains exact bounded inventory
[448/1362] [firefox-desktop] › tests\browser\pixi-interaction-overlays.spec.js:12:82 › E17 box condition retains exact bounded inventory
[449/1362] [firefox-desktop] › tests\browser\pixi-interaction-overlays.spec.js:12:82 › E17 dashed condition retains exact bounded inventory
[450/1362] [firefox-desktop] › tests\browser\pixi-interaction-overlays.spec.js:12:82 › E17 draft condition retains exact bounded inventory
[451/1362] [firefox-desktop] › tests\browser\pixi-interaction-overlays.spec.js:12:82 › E17 paused condition retains exact bounded inventory
[452/1362] [firefox-desktop] › tests\browser\pixi-interaction-overlays.spec.js:12:82 › E17 valid condition retains exact bounded inventory
[453/1362] [firefox-desktop] › tests\browser\pixi-interaction-overlays.spec.js:12:82 › E17 invalid condition retains exact bounded inventory
[454/1362] [firefox-desktop] › tests\browser\pixi-interaction-overlays.spec.js:16:121 › E17 Entry cap rejects without truncation and direct Canvas paints
[455/1362] [firefox-desktop] › tests\browser\pixi-interaction-overlays.spec.js:16:121 › E17 Primitive cap rejects without truncation and direct Canvas paints
[456/1362] [firefox-desktop] › tests\browser\pixi-interaction-overlays.spec.js:16:121 › E17 Segment cap rejects without truncation and direct Canvas paints
[457/1362] [firefox-desktop] › tests\browser\pixi-interaction-overlays.spec.js:16:121 › E17 Label cap rejects without truncation and direct Canvas paints
[458/1362] [firefox-desktop] › tests\browser\pixi-interaction-overlays.spec.js:16:121 › E17 Char cap rejects without truncation and direct Canvas paints
[459/1362] [firefox-desktop] › tests\browser\pixi-interaction-overlays.spec.js:16:121 › E17 Container cap rejects without truncation and direct Canvas paints
[460/1362] [firefox-desktop] › tests\browser\pixi-interaction-overlays.spec.js:16:121 › E17 Graphics cap rejects without truncation and direct Canvas paints
[461/1362] [firefox-desktop] › tests\browser\pixi-interaction-overlays.spec.js:16:121 › E17 Sprite cap rejects without truncation and direct Canvas paints
[462/1362] [firefox-desktop] › tests\browser\pixi-interaction-overlays.spec.js:16:121 › E17 Texture cap rejects without truncation and direct Canvas paints
[463/1362] [firefox-desktop] › tests\browser\pixi-interaction-overlays.spec.js:16:121 › E17 SourceByte cap rejects without truncation and direct Canvas paints
[464/1362] [firefox-desktop] › tests\browser\pixi-interaction-overlays.spec.js:20:126 › recoverable interaction-overlays-source withdraws E17, paints direct Canvas, and recovers cleanly
[465/1362] [firefox-desktop] › tests\browser\pixi-interaction-overlays.spec.js:20:126 › recoverable interaction-overlays-after-paint withdraws E17, paints direct Canvas, and recovers cleanly
[466/1362] [firefox-desktop] › tests\browser\pixi-interaction-overlays.spec.js:20:126 › recoverable interaction-overlays-final-append withdraws E17, paints direct Canvas, and recovers cleanly
[467/1362] [firefox-desktop] › tests\browser\pixi-interaction-overlays.spec.js:24:1 › fatal final submission performs one nonadvancing full Canvas replay from frozen E17 input
[468/1362] [firefox-desktop] › tests\browser\pixi-interaction-overlays.spec.js:28:1 › E17 viewport inventory remains bounded on mobile and reduced motion
[469/1362] [firefox-desktop] › tests\browser\pixi-interaction-overlays.spec.js:32:1 › actual E17 Pixi primitives and labels match same-browser Canvas across DPR and device engines
[470/1362] [firefox-desktop] › tests\browser\pixi-interaction-overlays.spec.js:36:1 › each E17 visual has independent production-frame raster evidence
[471/1362] [firefox-desktop] › tests\browser\pixi-interaction-overlays.spec.js:40:1 › E17 lighter composite has parity and unsupported composite uses direct Canvas fallback
[472/1362] [firefox-desktop] › tests\browser\pixi-interaction-overlays.spec.js:44:1 › E17-active real desktop pointer targeting, pick, drag selection, pan, zoom, resize, and context action stay Canvas-bound
[473/1362] [firefox-desktop] › tests\browser\pixi-interaction-overlays.spec.js:48:1 › E17-active touch pointers target, tap, pan, pinch zoom, and remain aligned after mobile resize
[474/1362] [firefox-desktop] › tests\browser\pixi-interaction-overlays.spec.js:52:194 › interaction-overlays-container constructor failure leaves no E17 phantom resources and retries
[475/1362] [firefox-desktop] › tests\browser\pixi-interaction-overlays.spec.js:52:194 › interaction-overlays-graphics constructor failure leaves no E17 phantom resources and retries
[476/1362] [firefox-desktop] › tests\browser\pixi-interaction-overlays.spec.js:52:194 › interaction-overlays-sprite constructor failure leaves no E17 phantom resources and retries
[477/1362] [firefox-desktop] › tests\browser\pixi-interaction-overlays.spec.js:56:1 › fatal E17 update performs one Canvas replay and destroys every active resource
[478/1362] [firefox-desktop] › tests\browser\pixi-interaction-overlays.spec.js:60:1 › active E17 resources survive BFCache recreation and DPR resize, then clear on context loss
[479/1362] [firefox-desktop] › tests\browser\pixi-interaction-overlays.spec.js:64:1 › 1800-frame pointer, drag, build, pick, pause, and resize-style churn stays bounded
[480/1362] [firefox-desktop] › tests\browser\pixi-interaction-overlays.spec.js:68:1 › reset releases every E17 source and restores normal ownership
[481/1362] [firefox-desktop] › tests\browser\pixi-map-labels.spec.js:15:1 › Pixi owns only draft and garrison labels with stable order and cached raster sources
[482/1362] [firefox-desktop] › tests\browser\pixi-map-labels.spec.js:22:1 › actual isolated label sprites rasterize at DPR 1, 1.5, and 2
[483/1362] [firefox-desktop] › tests\browser\pixi-map-labels.spec.js:28:1 › map-label failures withdraw the whole block, paint direct Canvas, and recover
[484/1362] [firefox-desktop] › tests\browser\pixi-map-labels.spec.js:32:1 › production renderPass label failure composites real Canvas labels and support actor above retained Pixi aircraft
[485/1362] [firefox-desktop] › tests\browser\pixi-map-labels.spec.js:44:4 › map-label entry cap rejects without truncation and uses uncapped Canvas
[486/1362] [firefox-desktop] › tests\browser\pixi-map-labels.spec.js:44:4 › map-label label cap rejects without truncation and uses uncapped Canvas
[487/1362] [firefox-desktop] › tests\browser\pixi-map-labels.spec.js:44:4 › map-label char cap rejects without truncation and uses uncapped Canvas
[488/1362] [firefox-desktop] › tests\browser\pixi-map-labels.spec.js:44:4 › map-label container cap rejects without truncation and uses uncapped Canvas
[489/1362] [firefox-desktop] › tests\browser\pixi-map-labels.spec.js:44:4 › map-label sprite cap rejects without truncation and uses uncapped Canvas
[490/1362] [firefox-desktop] › tests\browser\pixi-map-labels.spec.js:44:4 › map-label texture cap rejects without truncation and uses uncapped Canvas
[491/1362] [firefox-desktop] › tests\browser\pixi-map-labels.spec.js:44:4 › map-label source-byte cap rejects without truncation and uses uncapped Canvas
[492/1362] [firefox-desktop] › tests\browser\pixi-map-labels.spec.js:48:1 › stable semantic keys survive reorder/remove and prerequisites recover
[493/1362] [firefox-desktop] › tests\browser\pixi-map-labels.spec.js:52:1 › text changes evict only zero-reference cached textures and reset/BFCache recreate cleanly
[494/1362] [firefox-desktop] › tests\browser\pixi-map-labels.spec.js:57:1 › continuous draft fade replaces old alpha rasters while stable garrison textures are reused
[495/1362] [firefox-desktop] › tests\browser\pixi-map-labels.spec.js:62:1 › 1800-frame text/owner/count/draft/cull/pan/DPR-stable churn stays bounded
[496/1362] [firefox-desktop] › tests\browser\pixi-missiles.spec.js:19:1 › Pixi owns normal and cruise missiles in exact array and primitive order
[497/1362] [firefox-desktop] › tests\browser\pixi-missiles.spec.js:25:1 › isolated real Pixi Graphics rasterize every E8 semantic at DPR 1, 1.5, and 2
[498/1362] [firefox-desktop] › tests\browser\pixi-missiles.spec.js:30:1 › an intentional overlap keeps a real projectile pixel below the later missile body
[499/1362] [firefox-desktop] › tests\browser\pixi-missiles.spec.js:34:1 › missile failures withdraw the whole layer, Canvas-paint it, and recover without ghosts
[500/1362] [firefox-desktop] › tests\browser\pixi-missiles.spec.js:44:4 › missile entry cap falls back to complete uncapped Canvas and recovers
[501/1362] [firefox-desktop] › tests\browser\pixi-missiles.spec.js:44:4 › missile trail cap falls back to complete uncapped Canvas and recovers
[502/1362] [firefox-desktop] › tests\browser\pixi-missiles.spec.js:44:4 › missile primitive cap falls back to complete uncapped Canvas and recovers
[503/1362] [firefox-desktop] › tests\browser\pixi-missiles.spec.js:44:4 › missile segment cap falls back to complete uncapped Canvas and recovers
[504/1362] [firefox-desktop] › tests\browser\pixi-missiles.spec.js:50:1 › missile container and Graphics constructor failures leave no phantom slots and retry
[505/1362] [firefox-desktop] › tests\browser\pixi-missiles.spec.js:54:1 › missile ownership requires the complete E4-E7 prerequisite chain
[506/1362] [firefox-desktop] › tests\browser\pixi-missiles.spec.js:58:1 › fatal final submit replays missiles once on Canvas with omission-sensitive primitive evidence
[507/1362] [firefox-desktop] › tests\browser\pixi-missiles.spec.js:62:1 › reduced motion keeps the legacy missile warning pulse on the supplied frame timestamp
[508/1362] [firefox-desktop] › tests\browser\pixi-missiles.spec.js:66:1 › WeakMap identities survive reorder and removal without changing source state
[509/1362] [firefox-desktop] › tests\browser\pixi-missiles.spec.js:70:1 › active missile resources recreate after BFCache loss and clean up on context loss
[510/1362] [firefox-desktop] › tests\browser\pixi-missiles.spec.js:74:1 › 1800-frame age, type, owner, fog, cull, reorder, and create-remove churn plateaus
[511/1362] [firefox-desktop] › tests\browser\pixi-nation-overlays.spec.js:10:1 › production Pixi owns nation overlays after effects and leaves marker layers on Canvas
[512/1362] [firefox-desktop] › tests\browser\pixi-nation-overlays.spec.js:15:516 › nation overlay entry-cap rejects the whole layer
[513/1362] [firefox-desktop] › tests\browser\pixi-nation-overlays.spec.js:15:516 › nation overlay label-cap rejects the whole layer
[514/1362] [firefox-desktop] › tests\browser\pixi-nation-overlays.spec.js:15:516 › nation overlay char-cap rejects the whole layer
[515/1362] [firefox-desktop] › tests\browser\pixi-nation-overlays.spec.js:15:516 › nation overlay primitive-cap rejects the whole layer
[516/1362] [firefox-desktop] › tests\browser\pixi-nation-overlays.spec.js:15:516 › nation overlay container-cap rejects the whole layer
[517/1362] [firefox-desktop] › tests\browser\pixi-nation-overlays.spec.js:15:516 › nation overlay sprite-cap rejects the whole layer
[518/1362] [firefox-desktop] › tests\browser\pixi-nation-overlays.spec.js:15:516 › nation overlay texture-cap rejects the whole layer
[519/1362] [firefox-desktop] › tests\browser\pixi-nation-overlays.spec.js:15:516 › nation overlay source-byte-cap rejects the whole layer
[520/1362] [firefox-desktop] › tests\browser\pixi-nation-overlays.spec.js:19:1 › nation overlay segment cap rejects geometry inventory
[521/1362] [firefox-desktop] › tests\browser\pixi-nation-overlays.spec.js:23:1 › recoverable final append withdraws all overlays and recovers without stale textures
[522/1362] [firefox-desktop] › tests\browser\pixi-nation-overlays.spec.js:27:1 › fatal nation update falls back with one nonadvancing Canvas replay
[523/1362] [firefox-desktop] › tests\browser\pixi-nation-overlays.spec.js:31:93 › production nation-overlays-final-append keeps effects below, labels exclusive, and opening marker above
[524/1362] [firefox-desktop] › tests\browser\pixi-nation-overlays.spec.js:31:93 › production nation-overlays-update keeps effects below, labels exclusive, and opening marker above
[525/1362] [firefox-desktop] › tests\browser\pixi-nation-overlays.spec.js:31:93 › production final-render keeps effects below, labels exclusive, and opening marker above
[526/1362] [firefox-desktop] › tests\browser\pixi-nation-overlays.spec.js:35:1 › independent inventory matches direct legacy Canvas pixels without clipped icon sources
[527/1362] [firefox-desktop] › tests\browser\pixi-nation-overlays.spec.js:41:1 › 1800 changing frames churn all visual inputs while pools and source cache stay bounded
[528/1362] [firefox-desktop] › tests\browser\pixi-naval-logistics.spec.js:24:1 › Pixi owns the bounded naval-logistics prefix in exact legacy order with targeted pixels
[529/1362] [firefox-desktop] › tests\browser\pixi-naval-logistics.spec.js:47:1 › boarding cap and Canvas handoff follow earlier visible wakes before viewport culling
[530/1362] [firefox-desktop] › tests\browser\pixi-naval-logistics.spec.js:56:1 › naval cap failure is atomic, leaves structures owned, and recovers next valid frame
[531/1362] [firefox-desktop] › tests\browser\pixi-naval-logistics.spec.js:64:1 › invalid paint and every pooled fail-after-mutation path fall back in-frame without dirty idle state or recovery ghosts
[532/1362] [firefox-desktop] › tests\browser\pixi-naval-logistics.spec.js:90:1 › WeakMap source identity survives reorder, removal, and compaction without index cross-wiring
[533/1362] [firefox-desktop] › tests\browser\pixi-naval-logistics.spec.js:97:1 › reset withdraws naval ownership when structures are unowned and a normal render restores it
[534/1362] [firefox-desktop] › tests\browser\pixi-naval-logistics.spec.js:106:251 › naval container-resource constructor failure leaves no phantom slot and recovers
[535/1362] [firefox-desktop] › tests\browser\pixi-naval-logistics.spec.js:106:251 › naval graphics-resource constructor failure leaves no phantom slot and recovers
[536/1362] [firefox-desktop] › tests\browser\pixi-naval-logistics.spec.js:106:251 › naval label-resource constructor failure leaves no phantom slot and recovers
[537/1362] [firefox-desktop] › tests\browser\pixi-naval-logistics.spec.js:115:1 › naval fixture remains CSS-pixel aligned at DPR 1, 1.5, and 2
[538/1362] [firefox-desktop] › tests\browser\pixi-naval-logistics.spec.js:125:1 › naval active and idle resources release across BFCache recreation and context loss
[539/1362] [firefox-desktop] › tests\browser\pixi-naval-logistics.spec.js:139:1 › 1800-frame naval create/remove/reorder/state/visibility churn plateaus within frame budgets
[540/1362] [firefox-desktop] › tests\browser\pixi-notifications.spec.js:8:1 › Pixi owns ordered notification overlays after annotations without authority mutation
[541/1362] [firefox-desktop] › tests\browser\pixi-notifications.spec.js:12:1 › credits use the exclusive E16 viewport layer without advancing authority or audio
[542/1362] [firefox-desktop] › tests\browser\pixi-notifications.spec.js:16:1 › notification viewport raster is DPR-aware and exactly source-byte bounded
[543/1362] [firefox-desktop] › tests\browser\pixi-notifications.spec.js:20:1 › actual Pixi notification pixels match direct Canvas at DPR 1, 1.5, and 2
[544/1362] [firefox-desktop] › tests\browser\pixi-notifications.spec.js:24:45 › credits camera chronology normal uses frame-start world camera and one late advancement
[545/1362] [firefox-desktop] › tests\browser\pixi-notifications.spec.js:24:45 › credits camera chronology final-render uses frame-start world camera and one late advancement
[546/1362] [firefox-desktop] › tests\browser\pixi-notifications.spec.js:28:1 › default Canvas keeps the same first and subsequent credits camera chronology
[547/1362] [firefox-desktop] › tests\browser\pixi-notifications.spec.js:32:1 › notification anchoring remains bounded on mobile and under reduced motion
[548/1362] [firefox-desktop] › tests\browser\pixi-notifications.spec.js:36:412 › notification entry-cap falls back without truncation
[549/1362] [firefox-desktop] › tests\browser\pixi-notifications.spec.js:36:412 › notification label-cap falls back without truncation
[550/1362] [firefox-desktop] › tests\browser\pixi-notifications.spec.js:36:412 › notification char-cap falls back without truncation
[551/1362] [firefox-desktop] › tests\browser\pixi-notifications.spec.js:36:412 › notification primitive-cap falls back without truncation
[552/1362] [firefox-desktop] › tests\browser\pixi-notifications.spec.js:36:412 › notification segment-cap falls back without truncation
[553/1362] [firefox-desktop] › tests\browser\pixi-notifications.spec.js:36:412 › notification container-cap falls back without truncation
[554/1362] [firefox-desktop] › tests\browser\pixi-notifications.spec.js:36:412 › notification graphics-cap falls back without truncation
[555/1362] [firefox-desktop] › tests\browser\pixi-notifications.spec.js:36:412 › notification sprite-cap falls back without truncation
[556/1362] [firefox-desktop] › tests\browser\pixi-notifications.spec.js:36:412 › notification texture-cap falls back without truncation
[557/1362] [firefox-desktop] › tests\browser\pixi-notifications.spec.js:36:412 › notification source-byte-cap falls back without truncation
[558/1362] [firefox-desktop] › tests\browser\pixi-notifications.spec.js:40:1 › notification final append withdraws E16 and recovers next frame
[559/1362] [firefox-desktop] › tests\browser\pixi-notifications.spec.js:44:1 › queued age-zero badge advances, sounds, counts, and displays in the same frame
[560/1362] [firefox-desktop] › tests\browser\pixi-notifications.spec.js:48:1 › badge final lifetime frame paints once and is absent from the following inventory
[561/1362] [firefox-desktop] › tests\browser\pixi-notifications.spec.js:52:40 › final-render replays the prepared badge once without re-age or re-audio
[562/1362] [firefox-desktop] › tests\browser\pixi-notifications.spec.js:56:1 › every E16 offscreen stage fails notification-only, cleans up, and recovers
[563/1362] [firefox-desktop] › tests\browser\pixi-notifications.spec.js:61:1 › destination-dependent and unknown composites bypass allocation and preserve direct Canvas results
[564/1362] [firefox-desktop] › tests\browser\pixi-notifications.spec.js:65:61 › notification Entry cap preflight leaves the offscreen raster untouched
[565/1362] [firefox-desktop] › tests\browser\pixi-notifications.spec.js:65:61 › notification Char cap preflight leaves the offscreen raster untouched
[566/1362] [firefox-desktop] › tests\browser\pixi-notifications.spec.js:65:61 › notification Primitive cap preflight leaves the offscreen raster untouched
[567/1362] [firefox-desktop] › tests\browser\pixi-notifications.spec.js:65:61 › notification SourceByte cap preflight leaves the offscreen raster untouched
[568/1362] [firefox-desktop] › tests\browser\pixi-notifications.spec.js:69:1 › default Canvas notification path never allocates the Pixi offscreen raster
[569/1362] [firefox-desktop] › tests\browser\pixi-notifications.spec.js:73:1 › notification viewport source releases on reset and BFCache suspend, then recreates normally
[570/1362] [firefox-desktop] › tests\browser\pixi-notifications.spec.js:77:1 › 1800-frame notification churn remains bounded and meets submission ceilings
[571/1362] [firefox-desktop] › tests\browser\pixi-projectiles.spec.js:34:1 › Pixi owns every E7 variant in exact category and primitive order
[572/1362] [firefox-desktop] › tests\browser\pixi-projectiles.spec.js:40:1 › isolated Pixi Graphics rasterize every E7 primitive and preserve the separate intentional overlap order fixture
[573/1362] [firefox-desktop] › tests\browser\pixi-projectiles.spec.js:49:1 › projectile failures withdraw the complete layer and recover without live-slot ghosts
[574/1362] [firefox-desktop] › tests\browser\pixi-projectiles.spec.js:54:1 › fatal final submission replays the complete frame on Canvas without another RAF or presentation advance
[575/1362] [firefox-desktop] › tests\browser\pixi-projectiles.spec.js:61:1 › fatal world-layer update failure uses the same bounded full-frame Canvas replay
[576/1362] [firefox-desktop] › tests\browser\pixi-projectiles.spec.js:66:1 › visual-shot presentation ages exactly once and expires on the sixth displayed frame
[577/1362] [firefox-desktop] › tests\browser\pixi-projectiles.spec.js:70:1 › Pixi failure falls back without double-aging visual shots
[578/1362] [firefox-desktop] › tests\browser\pixi-projectiles.spec.js:74:1 › projectile ownership requires the complete E4-E6 prerequisite chain
[579/1362] [firefox-desktop] › tests\browser\pixi-projectiles.spec.js:78:1 › projectile fixture remains CSS-pixel aligned at DPR 1, 1.5, and 2
[580/1362] [firefox-desktop] › tests\browser\pixi-projectiles.spec.js:82:1 › 1800-frame variant, trail, fog, cull, reorder, and create-remove churn plateaus
[581/1362] [firefox-desktop] › tests\browser\pixi-structures.spec.js:71:1 › Pixi owns every complete visible structure with stable tile alignment and bounded reuse
[582/1362] [firefox-desktop] › tests\browser\pixi-structures.spec.js:118:120 › atomic Canvas fallback represents every base when the sprite-cap is exhausted
[583/1362] [firefox-desktop] › tests\browser\pixi-structures.spec.js:118:120 › atomic Canvas fallback represents every base when the texture-cap is exhausted
[584/1362] [firefox-desktop] › tests\browser\pixi-structures.spec.js:139:1 › structure completion, pop, texture replacement, destruction, eviction, invalid source, and reset use real resource identity
[585/1362] [firefox-desktop] › tests\browser\pixi-structures.spec.js:177:1 › overlapping structures remain in one Pixi-owned legacy-ordered scene graph
[586/1362] [firefox-desktop] › tests\browser\pixi-structures.spec.js:200:1 › fog-hidden active missile focus remains Pixi-owned and painted
[587/1362] [firefox-desktop] › tests\browser\pixi-structures.spec.js:213:1 › missile focus uses explicit route phase in Canvas and Pixi at two times with and without supply context
[588/1362] [firefox-desktop] › tests\browser\pixi-structures.spec.js:230:1 › Canvas fallback geometry ignores poisoned prior stroke state and restores defaults
[589/1362] [firefox-desktop] › tests\browser\pixi-structures.spec.js:239:1 › build, queue, pop, level, suppression, linked, and cooldown marks remain Pixi-owned
[590/1362] [firefox-desktop] › tests\browser\pixi-structures.spec.js:270:1 › a visible pre-base range keeps its ordered entry when the base sprite is offscreen
[591/1362] [firefox-desktop] › tests\browser\pixi-structures.spec.js:284:127 › pre-structure primitive-cap atomically restores Canvas pre-layers and bases
[592/1362] [firefox-desktop] › tests\browser\pixi-structures.spec.js:284:127 › pre-structure segment-cap atomically restores Canvas pre-layers and bases
[593/1362] [firefox-desktop] › tests\browser\pixi-structures.spec.js:298:117 › text-cap atomically restores the complete Canvas structure scene and recovers
[594/1362] [firefox-desktop] › tests\browser\pixi-structures.spec.js:298:117 › text-resource atomically restores the complete Canvas structure scene and recovers
[595/1362] [firefox-desktop] › tests\browser\pixi-structures.spec.js:314:1 › countdown labels use bounded explicit textures and do not enter the Pixi Text cache
[596/1362] [firefox-desktop] › tests\browser\pixi-structures.spec.js:330:4 › cap-one sprite-resource constructor failure leaves no phantom pool slot and recovers
[597/1362] [firefox-desktop] › tests\browser\pixi-structures.spec.js:330:4 › cap-one graphics-resource constructor failure leaves no phantom pool slot and recovers
[598/1362] [firefox-desktop] › tests\browser\pixi-structures.spec.js:330:4 › cap-one text-resource constructor failure leaves no phantom pool slot and recovers
[599/1362] [firefox-desktop] › tests\browser\pixi-structures.spec.js:343:1 › structure pooled resources discard tainted paint failures and recover without stale children
[600/1362] [firefox-desktop] › tests\browser\pixi-structures.spec.js:361:1 › segment cap accepts the exact generated count and rejects one less before drawing
[601/1362] [firefox-desktop] › tests\browser\pixi-structures.spec.js:379:1 › 60-frame paused dense-fixture microbenchmark stays bounded with visible and culled structure scenes
[602/1362] [firefox-desktop] › tests\browser\pixi-structures.spec.js:402:1 › 1800-frame dev Pixi structure state churn keeps every owned resource bounded
[603/1362] [firefox-desktop] › tests\browser\pixi-structures.spec.js:422:1 › quality tiers reduce route segments without hiding gameplay meaning
[604/1362] [firefox-desktop] › tests\browser\pixi-structures.spec.js:449:1 › reduced motion freezes pre-structure pulse and route movement while retaining all semantics
[605/1362] [firefox-desktop] › tests\browser\pixi-structures.spec.js:462:1 › complete Pixi structure ownership obeys effective motion policy without changing canonical state
[606/1362] [firefox-desktop] › tests\browser\pixi-structures.spec.js:484:1 › dense structure resources recreate after BFCache loss and cleanly hand ownership to Canvas on context loss
[607/1362] [firefox-desktop] › tests\browser\pixi-structures.spec.js:511:1 › Pixi structure layer smokes every map and major mode
[608/1362] [firefox-desktop] › tests\browser\pixi-support-actors.spec.js:24:1 › Pixi owns the exact support block after labels and hands state to floating text
[609/1362] [firefox-desktop] › tests\browser\pixi-support-actors.spec.js:30:1 › real isolated Pixi Graphics paint every support primitive at DPR 1, 1.5, and 2
[610/1362] [firefox-desktop] › tests\browser\pixi-support-actors.spec.js:38:1 › support resource failures withdraw all categories, direct Canvas paint, and recover
[611/1362] [firefox-desktop] › tests\browser\pixi-support-actors.spec.js:48:4 › production renderPass support-actor-graphics-after-paint proves isolated support operations and later floating text
[612/1362] [firefox-desktop] › tests\browser\pixi-support-actors.spec.js:48:4 › production renderPass support-actor-final-append proves isolated support operations and later floating text
[613/1362] [firefox-desktop] › tests\browser\pixi-support-actors.spec.js:48:4 › production renderPass support-actor-update proves isolated support operations and later floating text
[614/1362] [firefox-desktop] › tests\browser\pixi-support-actors.spec.js:48:4 › production renderPass final-render proves isolated support operations and later floating text
[615/1362] [firefox-desktop] › tests\browser\pixi-support-actors.spec.js:57:1 › support container and Graphics constructor failures leave no phantom resources
[616/1362] [firefox-desktop] › tests\browser\pixi-support-actors.spec.js:66:4 › support entry-cap rejects without truncation
[617/1362] [firefox-desktop] › tests\browser\pixi-support-actors.spec.js:66:4 › support trail-point-cap rejects without truncation
[618/1362] [firefox-desktop] › tests\browser\pixi-support-actors.spec.js:66:4 › support primitive-cap rejects without truncation
[619/1362] [firefox-desktop] › tests\browser\pixi-support-actors.spec.js:66:4 › support segment-cap rejects without truncation
[620/1362] [firefox-desktop] › tests\browser\pixi-support-actors.spec.js:66:4 › support container-cap rejects without truncation
[621/1362] [firefox-desktop] › tests\browser\pixi-support-actors.spec.js:66:4 › support graphics-cap rejects without truncation
[622/1362] [firefox-desktop] › tests\browser\pixi-support-actors.spec.js:68:1 › WeakMap occurrence identity survives reorder, removal, and restore
[623/1362] [firefox-desktop] › tests\browser\pixi-support-actors.spec.js:70:1 › support ownership requires map labels and reset recovery is clean
[624/1362] [firefox-desktop] › tests\browser\pixi-support-actors.spec.js:72:1 › 1800-frame support state/type/color/progress/trail/fog/cull/reorder churn plateaus
[625/1362] [firefox-desktop] › tests\browser\pixi-warships.spec.js:22:1 › Pixi owns every warship class and attached status visual in exact entry order
[626/1362] [firefox-desktop] › tests\browser\pixi-warships.spec.js:32:1 › warship caps advance chronologically through visible array order
[627/1362] [firefox-desktop] › tests\browser\pixi-warships.spec.js:46:1 › duplicate IDs and injected resource failures withdraw all warships but preserve naval ownership and recover
[628/1362] [firefox-desktop] › tests\browser\pixi-warships.spec.js:52:1 › constructor failures leave no phantom warship slots and stable IDs survive reorder, remove, and re-add
[629/1362] [firefox-desktop] › tests\browser\pixi-warships.spec.js:65:1 › warship ownership requires complete structures and naval logistics
[630/1362] [firefox-desktop] › tests\browser\pixi-warships.spec.js:69:1 › warship fixture remains CSS-pixel aligned at DPR 1, 1.5, and 2
[631/1362] [firefox-desktop] › tests\browser\pixi-warships.spec.js:73:1 › damaged leaned recoil HP pips match the legacy Canvas footprint at every DPR
[632/1362] [firefox-desktop] › tests\browser\pixi-warships.spec.js:80:1 › distinguishes inherited butt and round dash and cruiser-detail endpoints at every DPR
[633/1362] [firefox-desktop] › tests\browser\pixi-warships.spec.js:91:1 › 1800-frame class, color, state, selection, fire, HP, wake, cull, and reorder churn plateaus
[634/1362] [firefox-desktop] › tests\browser\pixi-world-annotations.spec.js:10:1 › production Pixi owns the exact annotation block after nation overlays
[635/1362] [firefox-desktop] › tests\browser\pixi-world-annotations.spec.js:14:449 › world annotation entry-cap rejects without truncation
[636/1362] [firefox-desktop] › tests\browser\pixi-world-annotations.spec.js:14:449 › world annotation member-cap rejects without truncation
[637/1362] [firefox-desktop] › tests\browser\pixi-world-annotations.spec.js:14:449 › world annotation primitive-cap rejects without truncation
[638/1362] [firefox-desktop] › tests\browser\pixi-world-annotations.spec.js:14:449 › world annotation segment-cap rejects without truncation
[639/1362] [firefox-desktop] › tests\browser\pixi-world-annotations.spec.js:14:449 › world annotation label-cap rejects without truncation
[640/1362] [firefox-desktop] › tests\browser\pixi-world-annotations.spec.js:14:449 › world annotation char-cap rejects without truncation
[641/1362] [firefox-desktop] › tests\browser\pixi-world-annotations.spec.js:14:449 › world annotation container-cap rejects without truncation
[642/1362] [firefox-desktop] › tests\browser\pixi-world-annotations.spec.js:14:449 › world annotation graphics-cap rejects without truncation
[643/1362] [firefox-desktop] › tests\browser\pixi-world-annotations.spec.js:14:449 › world annotation sprite-cap rejects without truncation
[644/1362] [firefox-desktop] › tests\browser\pixi-world-annotations.spec.js:14:449 › world annotation texture-cap rejects without truncation
[645/1362] [firefox-desktop] › tests\browser\pixi-world-annotations.spec.js:14:449 › world annotation source-byte-cap rejects without truncation
[646/1362] [firefox-desktop] › tests\browser\pixi-world-annotations.spec.js:18:1 › recoverable annotation final append withdraws all resources and retries
[647/1362] [firefox-desktop] › tests\browser\pixi-world-annotations.spec.js:22:1 › stable frames reuse textures and returning variants stay cached within policy
[648/1362] [firefox-desktop] › tests\browser\pixi-world-annotations.spec.js:26:1 › failed post-raster transaction balances references and destroys only new resources
[649/1362] [firefox-desktop] › tests\browser\pixi-world-annotations.spec.js:30:1 › texture cap pressure evicts least-recently-used zero-reference variants
[650/1362] [firefox-desktop] › tests\browser\pixi-world-annotations.spec.js:34:1 › source-byte pressure evicts zero-reference variants before allocating
[651/1362] [firefox-desktop] › tests\browser\pixi-world-annotations.spec.js:38:1 › DPR changes allocate once and reuse the returning DPR variant
[652/1362] [firefox-desktop] › tests\browser\pixi-world-annotations.spec.js:42:1 › reset and context teardown destroy every cached annotation texture once
[653/1362] [firefox-desktop] › tests\browser\pixi-world-annotations.spec.js:46:1 › fatal annotation update performs one nonadvancing full Canvas replay
[654/1362] [firefox-desktop] › tests\browser\pixi-world-annotations.spec.js:50:1 › opening, regions, owned SAM network, and labels match direct Canvas pixels
[655/1362] [firefox-desktop] › tests\browser\pixi-world-annotations.spec.js:54:1 › opening, region, enemy, fog-filtered, no-network, and zoom variants retain actual pixel parity
[656/1362] [firefox-desktop] › tests\browser\pixi-world-annotations.spec.js:58:1 › 1800-frame stable many-region plateaus and real annotation churn stays bounded
[657/1362] [firefox-desktop] › tests\browser\platform.spec.js:3:1 › local and WordPress adapters own platform boundaries
[658/1362] [firefox-desktop] › tests\browser\relay-websocket.spec.js:66:1 › real localhost relay coordinates isolated browser engines, recovery, desync, and wire bounds
[659/1362] [firefox-desktop] › tests\browser\renderer-foundation.spec.js:52:1 › Canvas and Pixi hybrid preserve state, input, camera, and bounded raster lifecycle
[660/1362] [firefox-desktop] › tests\browser\renderer-foundation.spec.js:161:1 › source Pixi smoke preserves raster, input alignment, and canonical parity
[661/1362] [firefox-desktop] › tests\browser\renderer-foundation.spec.js:190:42 › canvas survives repeated persisted page lifecycle with one RAF and viewport lifecycle
[662/1362] [firefox-desktop] › tests\browser\renderer-foundation.spec.js:190:42 › pixi survives repeated persisted page lifecycle with one RAF and viewport lifecycle
[663/1362] [firefox-desktop] › tests\browser\renderer-foundation.spec.js:230:1 › real WebGL context loss falls back without changing simulation state
[664/1362] [firefox-desktop] › tests\browser\renderer-foundation.spec.js:251:1 › Pixi initialization failure and unsupported names fall back without restarting simulation
[665/1362] [firefox-desktop] › tests\browser\score-retry.spec.js:3:58 › score expired response preserves the correct retry policy
[666/1362] [firefox-desktop] › tests\browser\score-retry.spec.js:3:58 › score invalid response preserves the correct retry policy
[667/1362] [firefox-desktop] › tests\browser\score-retry.spec.js:3:58 › score signature response preserves the correct retry policy
[668/1362] [firefox-desktop] › tests\browser\silo-flight-handoff.spec.js:2:1 › silo uses one artwork projectile at the flight handoff
[669/1362] [firefox-desktop] › tests\browser\startup.spec.js:5:1 › startup communicates loading and prevents input until the game is ready
[670/1362] [firefox-desktop] › tests\browser\startup.spec.js:40:1 › failed startup offers a working retry without exposing inactive controls
[671/1362] [firefox-desktop] › tests\browser\terrain-raster.spec.js:14:1 › F2 shares 4x deterministic bytes and recomposes only across the camera detail threshold
[672/1362] [firefox-desktop] › tests\browser\terrain-raster.spec.js:41:1 › F2 source bytes ignore DPR, quality, renderer and reduced-motion policy
[673/1362] [firefox-desktop] › tests\browser\terrain-raster.spec.js:52:1 › cold worker failure paints bounded emergency terrain and reset clears old map pixels immediately
[674/1362] [firefox-desktop] › tests\browser\terrain-raster.spec.js:62:1 › production publisher installs discarded-B cache-hit C and skips only its installed revision
[675/1362] [firefox-desktop] › tests\browser\terrain-raster.spec.js:69:1 › paused pick-area highlight clears immediately on Escape and mode cancellation
[676/1362] [firefox-desktop] › tests\browser\terrain-raster.spec.js:79:1 › F2 Canvas-high and Pixi-linear terrain-only framebuffers retain geometry and bounded sampling parity
[677/1362] [firefox-desktop] › tests\browser\terrain-raster.spec.js:94:1 › F2 authoritative coast and topology input probes remain exact under smoothed presentation
[678/1362] [firefox-desktop] › tests\browser\terrain-raster.spec.js:104:1 › F2 sustained 10Hz suppression converges and named synchronous interactions stay responsive

(node:29340) Warning: The 'NO_COLOR' env is ignored due to the 'FORCE_COLOR' env being set.
(Use `node --trace-warnings ...` to show where the warning was created)

[679/1362] [webkit-desktop] › tests\browser\audio.spec.js:3:1 › approved audio decodes and situation / Radio controls survive mute and reload
[680/1362] [webkit-desktop] › tests\browser\audio.spec.js:42:1 › pausing during a pending score download cannot start late playback
[681/1362] [webkit-desktop] › tests\browser\build-contract.spec.js:4:1 › source and built module applications load every chunk and preserve the canonical simulation
[682/1362] [webkit-desktop] › tests\browser\canvas.spec.js:93:1 › launches a fixed-seed match, renders the map, and supports camera zoom
[683/1362] [webkit-desktop] › tests\browser\canvas.spec.js:135:1 › all map buttons launch useful maps and match the strategic/close visual matrix
[684/1362] [webkit-desktop] › tests\browser\canvas.spec.js:162:1 › major modes launch individually and expose their defining state
[685/1362] [webkit-desktop] › tests\browser\canvas.spec.js:197:1 › real pointer targeting and context interaction use the expected tile
[686/1362] [webkit-desktop] › tests\browser\canvas.spec.js:241:1 › Billionaire allied aid sends gold and troops independently
[687/1362] [webkit-desktop] › tests\browser\canvas.spec.js:273:1 › dense late-game fixture exposes strategic visual layers
[688/1362] [webkit-desktop] › tests\browser\canvas.spec.js:292:1 › loads and plays the historical replay fixture in the browser
[689/1362] [webkit-desktop] › tests\browser\canvas.spec.js:314:1 › 8x watch stops and finalizes exactly at the replay target
[690/1362] [webkit-desktop] › tests\browser\canvas.spec.js:326:1 › resume catch-up suspends once on checkpoint divergence and Continue reaches exact live target
[691/1362] [webkit-desktop] › tests\browser\canvas.spec.js:352:1 › Stop replay resets a diverged resume and a subsequent ordinary resume succeeds
[692/1362] [webkit-desktop] › tests\browser\canvas.spec.js:371:1 › browser replay payload includes strong final evidence for a short save
[693/1362] [webkit-desktop] › tests\browser\canvas.spec.js:386:1 › a save from the pause menu resumes with verified final evidence
[694/1362] [webkit-desktop] › tests\browser\canvas.spec.js:402:1 › credits replay reset clears setup scratch before rebuilding the match
[695/1362] [webkit-desktop] › tests\browser\canvas.spec.js:411:1 › rejects malformed and unsupported replay commands before configuration
[696/1362] [webkit-desktop] › tests\browser\canvas.spec.js:433:1 › invalid replay settings leave start state usable and allow a successful retry
[697/1362] [webkit-desktop] › tests\browser\canvas.spec.js:455:1 › invalid start configuration reports the error without hiding the start card
[698/1362] [webkit-desktop] › tests\browser\canvas.spec.js:472:1 › start and settings cards avoid horizontal overflow on desktop and mobile
[699/1362] [webkit-desktop] › tests\browser\canvas.spec.js:491:1 › resizes without document overflow and keeps the Canvas usable
[700/1362] [webkit-desktop] › tests\browser\canvas.spec.js:518:1 › fixed-seed simulation has the same canonical digest in Chromium, Firefox, and WebKit
[701/1362] [webkit-desktop] › tests\browser\canvas.spec.js:568:1 › real Canvas rendering is pure and irregular render cadence cannot change simulation
[702/1362] [webkit-desktop] › tests\browser\classic-combat-effects.spec.js:2:1 › combat effects have distinct stages, restore Canvas state and respect lifecycle/visibility
[703/1362] [webkit-desktop] › tests\browser\classic-map-edge.spec.js:2:1 › classic terrain preserves all four map edges across cache pans and worker output
[704/1362] [webkit-desktop] › tests\browser\classic-motion.spec.js:2:1 › classic motion covers roster, guards fog/offscreen/reduced motion and leaves state unchanged
[705/1362] [webkit-desktop] › tests\browser\classic-sam-runtime.spec.js:2:1 › runtime SAM preserves aim during reload, supports every bearing and freezes when paused
[706/1362] [webkit-desktop] › tests\browser\classic-silo-sequence.spec.js:2:1 › silo starts closed, opens before elevation, holds before ignition and closes after flight
[707/1362] [webkit-desktop] › tests\browser\classic-tree-coverage.spec.js:2:1 › large close-up terrain draws trees through the bottom of the view and reuses its cache
[708/1362] [webkit-desktop] › tests\browser\desktop-scale.spec.js:98:1 › keeps Canvas, layout, targeting, and camera stable across desktop display scales
[709/1362] [webkit-desktop] › tests\browser\desktop-scale.spec.js:139:1 › keeps Pixi raster and Canvas overlay aligned across desktop display scales
[710/1362] [webkit-desktop] › tests\browser\desktop-scale.spec.js:163:1 › keeps Pixi structure sprites aligned to Canvas CSS-pixel coordinates across desktop display scales
[711/1362] [webkit-desktop] › tests\browser\desktop-scale.spec.js:177:1 › uses rasterized scaled-texture fringe for edge culling and ordered overlap at every DPR
[712/1362] [webkit-desktop] › tests\browser\desktop-scale.spec.js:214:1 › matches Canvas alphabetic-baseline label semantics and overlapping level/queue/arc pixels at every DPR
[713/1362] [webkit-desktop] › tests\browser\desktop-scale.spec.js:232:1 › keeps Pixi naval logistics hulls, routes, wakes, labels, cargo, and boarding aligned at every DPR
[714/1362] [webkit-desktop] › tests\browser\desktop-scale.spec.js:243:1 › distinguishes merchant miter corners and boarding butt/round endpoints at every DPR
[715/1362] [webkit-desktop] › tests\browser\deterministic-math.spec.js:2:1 › portable simulation math matches the historical runtime bit for bit
[716/1362] [webkit-desktop] › tests\browser\help-guide.spec.js:5:1 › field guide stays readable on desktop and mobile, with working reference disclosures
[717/1362] [webkit-desktop] › tests\browser\help-guide.spec.js:30:1 › app guide shares current About and resets the reading position on tab changes
[718/1362] [webkit-desktop] › tests\browser\help-roster.spec.js:3:1 › in-game guide loads every current unit portrait and practical usage note
[719/1362] [webkit-desktop] › tests\browser\help-roster.spec.js:21:1 › packaged website guide is self-contained and readable at narrow widths
[720/1362] [webkit-desktop] › tests\browser\phase-g-all-units.spec.js:15:1 › all shipped unit families expose isolated Unit Direction 02 candidates without canonical state
[721/1362] [webkit-desktop] › tests\browser\phase-g-projectiles.spec.js:11:1 › all nine shipped projectile rows expose isolated production-render candidates
[722/1362] [webkit-desktop] › tests\browser\phase-g-radar-sam.spec.js:23:1 › Phase G radar and SAM dishes use bounded Pixi overlays with deterministic state-safe motion
[723/1362] [webkit-desktop] › tests\browser\phase-g-radar-sam.spec.js:54:1 › Phase G Canvas fallback shares moving and reduced-motion dish policy
[724/1362] [webkit-desktop] › tests\browser\phase-g-radar-sam.spec.js:66:40 › Phase G medium-quality Pixi keeps bounded readable dishes without texture churn
[725/1362] [webkit-desktop] › tests\browser\phase-g-radar-sam.spec.js:66:40 › Phase G low-quality Pixi keeps bounded readable dishes without texture churn
[726/1362] [webkit-desktop] › tests\browser\phase-g-radar-sam.spec.js:77:1 › Phase G evidence identifies the approved Unit Direction 02 source
[727/1362] [webkit-desktop] › tests\browser\pixi-aircraft.spec.js:26:1 › Pixi owns the exact aircraft block with interpolation-ready coordinates and Canvas handoff
[728/1362] [webkit-desktop] › tests\browser\pixi-aircraft.spec.js:32:1 › synthetic malformed stepped bomber rejects Pixi but direct Canvas fallback remains legacy-safe
[729/1362] [webkit-desktop] › tests\browser\pixi-aircraft.spec.js:36:1 › isolated real Pixi Graphics rasterize every aircraft primitive at DPR 1, 1.5, and 2
[730/1362] [webkit-desktop] › tests\browser\pixi-aircraft.spec.js:47:1 › aircraft stays above missiles and real Air-list hover drives the patrol highlight
[731/1362] [webkit-desktop] › tests\browser\pixi-aircraft.spec.js:52:1 › aircraft resource failures withdraw all aircraft, directly Canvas-paint, and retry cleanly
[732/1362] [webkit-desktop] › tests\browser\pixi-aircraft.spec.js:63:4 › aircraft entry cap rejects without truncation, uses uncapped Canvas, and recovers
[733/1362] [webkit-desktop] › tests\browser\pixi-aircraft.spec.js:63:4 › aircraft primitive cap rejects without truncation, uses uncapped Canvas, and recovers
[734/1362] [webkit-desktop] › tests\browser\pixi-aircraft.spec.js:63:4 › aircraft segment cap rejects without truncation, uses uncapped Canvas, and recovers
[735/1362] [webkit-desktop] › tests\browser\pixi-aircraft.spec.js:63:4 › aircraft container cap rejects without truncation, uses uncapped Canvas, and recovers
[736/1362] [webkit-desktop] › tests\browser\pixi-aircraft.spec.js:63:4 › aircraft Graphics cap rejects without truncation, uses uncapped Canvas, and recovers
[737/1362] [webkit-desktop] › tests\browser\pixi-aircraft.spec.js:68:1 › stable positive aircraft IDs survive reorder/remove/re-add and reject duplicate or missing IDs
[738/1362] [webkit-desktop] › tests\browser\pixi-aircraft.spec.js:72:1 › aircraft ownership requires every prerequisite through missiles
[739/1362] [webkit-desktop] › tests\browser\pixi-aircraft.spec.js:76:1 › aircraft container and Graphics constructor failures leave no phantom resources
[740/1362] [webkit-desktop] › tests\browser\pixi-aircraft.spec.js:80:1 › fatal final submission replays aircraft once with omission-sensitive primitives
[741/1362] [webkit-desktop] › tests\browser\pixi-aircraft.spec.js:84:1 › active aircraft resources recreate after BFCache loss and clean up on context loss
[742/1362] [webkit-desktop] › tests\browser\pixi-aircraft.spec.js:88:1 › 1800-frame type/state/color/HP/heading/pull/patrol/fog/cull/reorder churn plateaus
[743/1362] [webkit-desktop] › tests\browser\pixi-atlas.spec.js:4:1 › synthetic Canvas atlas creates real Pixi subtextures at DPR 1, 1.5, and 2 and tears down
[744/1362] [webkit-desktop] › tests\browser\pixi-atlas.spec.js:14:1 › atlas loading failures are categorized, atomic, and choose Canvas fallback
[745/1362] [webkit-desktop] › tests\browser\pixi-atlas.spec.js:35:1 › atlas references prevent eviction and released atlases evict in LRU order
[746/1362] [webkit-desktop] › tests\browser\pixi-atlas.spec.js:44:1 › concurrent atlas commits recheck duplicate, atlas, byte, and aggregate frame caps in completion order
[747/1362] [webkit-desktop] › tests\browser\pixi-atlas.spec.js:71:1 › failed staged replacement and destroy-during-load preserve publication atomically
[748/1362] [webkit-desktop] › tests\browser\pixi-floating-text.spec.js:14:1 › Pixi owns exactly floating text after support and preserves formulas, style, order, and handoff
[749/1362] [webkit-desktop] › tests\browser\pixi-floating-text.spec.js:16:1 › actual Pixi raster matches direct Canvas at DPR 1, 1.5, and 2 including mid-fade and subpixels
[750/1362] [webkit-desktop] › tests\browser\pixi-floating-text.spec.js:18:150 › floating-text-after-raster withdraws every floater and paints uncapped Canvas
[751/1362] [webkit-desktop] › tests\browser\pixi-floating-text.spec.js:18:150 › floating-text-final-append withdraws every floater and paints uncapped Canvas
[752/1362] [webkit-desktop] › tests\browser\pixi-floating-text.spec.js:20:276 › production renderPass floating-text-final-append keeps support below and Canvas effects above without double-age
[753/1362] [webkit-desktop] › tests\browser\pixi-floating-text.spec.js:20:276 › production renderPass floating-text-update keeps support below and Canvas effects above without double-age
[754/1362] [webkit-desktop] › tests\browser\pixi-floating-text.spec.js:20:276 › production renderPass final-render keeps support below and Canvas effects above without double-age
[755/1362] [webkit-desktop] › tests\browser\pixi-floating-text.spec.js:22:444 › floating text entry-cap rejects without truncation
[756/1362] [webkit-desktop] › tests\browser\pixi-floating-text.spec.js:22:444 › floating text label-cap rejects without truncation
[757/1362] [webkit-desktop] › tests\browser\pixi-floating-text.spec.js:22:444 › floating text char-cap rejects without truncation
[758/1362] [webkit-desktop] › tests\browser\pixi-floating-text.spec.js:22:444 › floating text container-cap rejects without truncation
[759/1362] [webkit-desktop] › tests\browser\pixi-floating-text.spec.js:22:444 › floating text sprite-cap rejects without truncation
[760/1362] [webkit-desktop] › tests\browser\pixi-floating-text.spec.js:22:444 › floating text texture-cap rejects without truncation
[761/1362] [webkit-desktop] › tests\browser\pixi-floating-text.spec.js:22:444 › floating text source-byte-cap rejects without truncation
[762/1362] [webkit-desktop] › tests\browser\pixi-floating-text.spec.js:24:1 › WeakMap occurrence identity survives reorder, removal, text changes, and restore
[763/1362] [webkit-desktop] › tests\browser\pixi-floating-text.spec.js:26:1 › real event adapter cash floater is created unchanged and presented by Pixi
[764/1362] [webkit-desktop] › tests\browser\pixi-floating-text.spec.js:28:1 › floating text ownership requires support actors and reset recovery is clean
[765/1362] [webkit-desktop] › tests\browser\pixi-floating-text.spec.js:30:1 › 1800-frame age/text/color/cull/pan churn plateaus within submission ceilings
[766/1362] [webkit-desktop] › tests\browser\pixi-global-effects.spec.js:31:1 › Pixi owns the exact independently inventoried seven-category block and all legacy wreck classes
[767/1362] [webkit-desktop] › tests\browser\pixi-global-effects.spec.js:33:1 › every production drawPrimitive matches direct Canvas at DPR 1, 1.5, and 2
[768/1362] [webkit-desktop] › tests\browser\pixi-global-effects.spec.js:35:465 › global effects category-cap rejects the complete block without truncation
[769/1362] [webkit-desktop] › tests\browser\pixi-global-effects.spec.js:35:465 › global effects entry-cap rejects the complete block without truncation
[770/1362] [webkit-desktop] › tests\browser\pixi-global-effects.spec.js:35:465 › global effects trail-point-cap rejects the complete block without truncation
[771/1362] [webkit-desktop] › tests\browser\pixi-global-effects.spec.js:35:465 › global effects primitive-cap rejects the complete block without truncation
[772/1362] [webkit-desktop] › tests\browser\pixi-global-effects.spec.js:35:465 › global effects segment-cap rejects the complete block without truncation
[773/1362] [webkit-desktop] › tests\browser\pixi-global-effects.spec.js:35:465 › global effects container-cap rejects the complete block without truncation
[774/1362] [webkit-desktop] › tests\browser\pixi-global-effects.spec.js:35:465 › global effects graphics-cap rejects the complete block without truncation
[775/1362] [webkit-desktop] › tests\browser\pixi-global-effects.spec.js:37:162 › global-effects-graphics-after-paint withdraws every category and recovers
[776/1362] [webkit-desktop] › tests\browser\pixi-global-effects.spec.js:37:162 › global-effects-final-append withdraws every category and recovers
[777/1362] [webkit-desktop] › tests\browser\pixi-global-effects.spec.js:39:279 › production renderPass global-effects-final-append keeps floaters below and nation labels above without double age
[778/1362] [webkit-desktop] › tests\browser\pixi-global-effects.spec.js:39:279 › production renderPass global-effects-update keeps floaters below and nation labels above without double age
[779/1362] [webkit-desktop] › tests\browser\pixi-global-effects.spec.js:39:279 › production renderPass final-render keeps floaters below and nation labels above without double age
[780/1362] [webkit-desktop] › tests\browser\pixi-global-effects.spec.js:41:1 › WeakMap occurrence identity survives reorder, removal, and restore
[781/1362] [webkit-desktop] › tests\browser\pixi-global-effects.spec.js:43:1 › production renderPass retains one legacy fog decision for air-wreck smoke and replay
[782/1362] [webkit-desktop] › tests\browser\pixi-global-effects.spec.js:45:1 › real effect adapters feed all feasible categories without simulation mutation
[783/1362] [webkit-desktop] › tests\browser\pixi-global-effects.spec.js:47:1 › global effects ownership requires floating text and reset recovery is clean
[784/1362] [webkit-desktop] › tests\browser\pixi-global-effects.spec.js:49:1 › 1800-frame all-category color/cull/pan/quality/motion churn plateaus within submission ceilings
[785/1362] [webkit-desktop] › tests\browser\pixi-interaction-overlays.spec.js:8:1 › Pixi owns the complete ordered final interaction block without input or authority mutation
[786/1362] [webkit-desktop] › tests\browser\pixi-interaction-overlays.spec.js:12:82 › E17 pick condition retains exact bounded inventory
[787/1362] [webkit-desktop] › tests\browser\pixi-interaction-overlays.spec.js:12:82 › E17 box condition retains exact bounded inventory
[788/1362] [webkit-desktop] › tests\browser\pixi-interaction-overlays.spec.js:12:82 › E17 dashed condition retains exact bounded inventory
[789/1362] [webkit-desktop] › tests\browser\pixi-interaction-overlays.spec.js:12:82 › E17 draft condition retains exact bounded inventory
[790/1362] [webkit-desktop] › tests\browser\pixi-interaction-overlays.spec.js:12:82 › E17 paused condition retains exact bounded inventory
[791/1362] [webkit-desktop] › tests\browser\pixi-interaction-overlays.spec.js:12:82 › E17 valid condition retains exact bounded inventory
[792/1362] [webkit-desktop] › tests\browser\pixi-interaction-overlays.spec.js:12:82 › E17 invalid condition retains exact bounded inventory
[793/1362] [webkit-desktop] › tests\browser\pixi-interaction-overlays.spec.js:16:121 › E17 Entry cap rejects without truncation and direct Canvas paints
[794/1362] [webkit-desktop] › tests\browser\pixi-interaction-overlays.spec.js:16:121 › E17 Primitive cap rejects without truncation and direct Canvas paints
[795/1362] [webkit-desktop] › tests\browser\pixi-interaction-overlays.spec.js:16:121 › E17 Segment cap rejects without truncation and direct Canvas paints
[796/1362] [webkit-desktop] › tests\browser\pixi-interaction-overlays.spec.js:16:121 › E17 Label cap rejects without truncation and direct Canvas paints
[797/1362] [webkit-desktop] › tests\browser\pixi-interaction-overlays.spec.js:16:121 › E17 Char cap rejects without truncation and direct Canvas paints
[798/1362] [webkit-desktop] › tests\browser\pixi-interaction-overlays.spec.js:16:121 › E17 Container cap rejects without truncation and direct Canvas paints
[799/1362] [webkit-desktop] › tests\browser\pixi-interaction-overlays.spec.js:16:121 › E17 Graphics cap rejects without truncation and direct Canvas paints
[800/1362] [webkit-desktop] › tests\browser\pixi-interaction-overlays.spec.js:16:121 › E17 Sprite cap rejects without truncation and direct Canvas paints
[801/1362] [webkit-desktop] › tests\browser\pixi-interaction-overlays.spec.js:16:121 › E17 Texture cap rejects without truncation and direct Canvas paints
[802/1362] [webkit-desktop] › tests\browser\pixi-interaction-overlays.spec.js:16:121 › E17 SourceByte cap rejects without truncation and direct Canvas paints
[803/1362] [webkit-desktop] › tests\browser\pixi-interaction-overlays.spec.js:20:126 › recoverable interaction-overlays-source withdraws E17, paints direct Canvas, and recovers cleanly
[804/1362] [webkit-desktop] › tests\browser\pixi-interaction-overlays.spec.js:20:126 › recoverable interaction-overlays-after-paint withdraws E17, paints direct Canvas, and recovers cleanly
[805/1362] [webkit-desktop] › tests\browser\pixi-interaction-overlays.spec.js:20:126 › recoverable interaction-overlays-final-append withdraws E17, paints direct Canvas, and recovers cleanly
[806/1362] [webkit-desktop] › tests\browser\pixi-interaction-overlays.spec.js:24:1 › fatal final submission performs one nonadvancing full Canvas replay from frozen E17 input
[807/1362] [webkit-desktop] › tests\browser\pixi-interaction-overlays.spec.js:28:1 › E17 viewport inventory remains bounded on mobile and reduced motion
[808/1362] [webkit-desktop] › tests\browser\pixi-interaction-overlays.spec.js:32:1 › actual E17 Pixi primitives and labels match same-browser Canvas across DPR and device engines
[809/1362] [webkit-desktop] › tests\browser\pixi-interaction-overlays.spec.js:36:1 › each E17 visual has independent production-frame raster evidence
[810/1362] [webkit-desktop] › tests\browser\pixi-interaction-overlays.spec.js:40:1 › E17 lighter composite has parity and unsupported composite uses direct Canvas fallback
[811/1362] [webkit-desktop] › tests\browser\pixi-interaction-overlays.spec.js:44:1 › E17-active real desktop pointer targeting, pick, drag selection, pan, zoom, resize, and context action stay Canvas-bound
[812/1362] [webkit-desktop] › tests\browser\pixi-interaction-overlays.spec.js:48:1 › E17-active touch pointers target, tap, pan, pinch zoom, and remain aligned after mobile resize
[813/1362] [webkit-desktop] › tests\browser\pixi-interaction-overlays.spec.js:52:194 › interaction-overlays-container constructor failure leaves no E17 phantom resources and retries
[814/1362] [webkit-desktop] › tests\browser\pixi-interaction-overlays.spec.js:52:194 › interaction-overlays-graphics constructor failure leaves no E17 phantom resources and retries
[815/1362] [webkit-desktop] › tests\browser\pixi-interaction-overlays.spec.js:52:194 › interaction-overlays-sprite constructor failure leaves no E17 phantom resources and retries
[816/1362] [webkit-desktop] › tests\browser\pixi-interaction-overlays.spec.js:56:1 › fatal E17 update performs one Canvas replay and destroys every active resource
[817/1362] [webkit-desktop] › tests\browser\pixi-interaction-overlays.spec.js:60:1 › active E17 resources survive BFCache recreation and DPR resize, then clear on context loss
[818/1362] [webkit-desktop] › tests\browser\pixi-interaction-overlays.spec.js:64:1 › 1800-frame pointer, drag, build, pick, pause, and resize-style churn stays bounded
[819/1362] [webkit-desktop] › tests\browser\pixi-interaction-overlays.spec.js:68:1 › reset releases every E17 source and restores normal ownership
[820/1362] [webkit-desktop] › tests\browser\pixi-map-labels.spec.js:15:1 › Pixi owns only draft and garrison labels with stable order and cached raster sources
[821/1362] [webkit-desktop] › tests\browser\pixi-map-labels.spec.js:22:1 › actual isolated label sprites rasterize at DPR 1, 1.5, and 2
[822/1362] [webkit-desktop] › tests\browser\pixi-map-labels.spec.js:28:1 › map-label failures withdraw the whole block, paint direct Canvas, and recover
[823/1362] [webkit-desktop] › tests\browser\pixi-map-labels.spec.js:32:1 › production renderPass label failure composites real Canvas labels and support actor above retained Pixi aircraft
[824/1362] [webkit-desktop] › tests\browser\pixi-map-labels.spec.js:44:4 › map-label entry cap rejects without truncation and uses uncapped Canvas
[825/1362] [webkit-desktop] › tests\browser\pixi-map-labels.spec.js:44:4 › map-label label cap rejects without truncation and uses uncapped Canvas
[826/1362] [webkit-desktop] › tests\browser\pixi-map-labels.spec.js:44:4 › map-label char cap rejects without truncation and uses uncapped Canvas
[827/1362] [webkit-desktop] › tests\browser\pixi-map-labels.spec.js:44:4 › map-label container cap rejects without truncation and uses uncapped Canvas
[828/1362] [webkit-desktop] › tests\browser\pixi-map-labels.spec.js:44:4 › map-label sprite cap rejects without truncation and uses uncapped Canvas
[829/1362] [webkit-desktop] › tests\browser\pixi-map-labels.spec.js:44:4 › map-label texture cap rejects without truncation and uses uncapped Canvas
[830/1362] [webkit-desktop] › tests\browser\pixi-map-labels.spec.js:44:4 › map-label source-byte cap rejects without truncation and uses uncapped Canvas
[831/1362] [webkit-desktop] › tests\browser\pixi-map-labels.spec.js:48:1 › stable semantic keys survive reorder/remove and prerequisites recover
[832/1362] [webkit-desktop] › tests\browser\pixi-map-labels.spec.js:52:1 › text changes evict only zero-reference cached textures and reset/BFCache recreate cleanly
[833/1362] [webkit-desktop] › tests\browser\pixi-map-labels.spec.js:57:1 › continuous draft fade replaces old alpha rasters while stable garrison textures are reused
[834/1362] [webkit-desktop] › tests\browser\pixi-map-labels.spec.js:62:1 › 1800-frame text/owner/count/draft/cull/pan/DPR-stable churn stays bounded
[835/1362] [webkit-desktop] › tests\browser\pixi-missiles.spec.js:19:1 › Pixi owns normal and cruise missiles in exact array and primitive order
[836/1362] [webkit-desktop] › tests\browser\pixi-missiles.spec.js:25:1 › isolated real Pixi Graphics rasterize every E8 semantic at DPR 1, 1.5, and 2
[837/1362] [webkit-desktop] › tests\browser\pixi-missiles.spec.js:30:1 › an intentional overlap keeps a real projectile pixel below the later missile body
[838/1362] [webkit-desktop] › tests\browser\pixi-missiles.spec.js:34:1 › missile failures withdraw the whole layer, Canvas-paint it, and recover without ghosts
[839/1362] [webkit-desktop] › tests\browser\pixi-missiles.spec.js:44:4 › missile entry cap falls back to complete uncapped Canvas and recovers
[840/1362] [webkit-desktop] › tests\browser\pixi-missiles.spec.js:44:4 › missile trail cap falls back to complete uncapped Canvas and recovers
[841/1362] [webkit-desktop] › tests\browser\pixi-missiles.spec.js:44:4 › missile primitive cap falls back to complete uncapped Canvas and recovers
[842/1362] [webkit-desktop] › tests\browser\pixi-missiles.spec.js:44:4 › missile segment cap falls back to complete uncapped Canvas and recovers
[843/1362] [webkit-desktop] › tests\browser\pixi-missiles.spec.js:50:1 › missile container and Graphics constructor failures leave no phantom slots and retry
[844/1362] [webkit-desktop] › tests\browser\pixi-missiles.spec.js:54:1 › missile ownership requires the complete E4-E7 prerequisite chain
[845/1362] [webkit-desktop] › tests\browser\pixi-missiles.spec.js:58:1 › fatal final submit replays missiles once on Canvas with omission-sensitive primitive evidence
[846/1362] [webkit-desktop] › tests\browser\pixi-missiles.spec.js:62:1 › reduced motion keeps the legacy missile warning pulse on the supplied frame timestamp
[847/1362] [webkit-desktop] › tests\browser\pixi-missiles.spec.js:66:1 › WeakMap identities survive reorder and removal without changing source state
[848/1362] [webkit-desktop] › tests\browser\pixi-missiles.spec.js:70:1 › active missile resources recreate after BFCache loss and clean up on context loss
[849/1362] [webkit-desktop] › tests\browser\pixi-missiles.spec.js:74:1 › 1800-frame age, type, owner, fog, cull, reorder, and create-remove churn plateaus
[850/1362] [webkit-desktop] › tests\browser\pixi-nation-overlays.spec.js:10:1 › production Pixi owns nation overlays after effects and leaves marker layers on Canvas
[851/1362] [webkit-desktop] › tests\browser\pixi-nation-overlays.spec.js:15:516 › nation overlay entry-cap rejects the whole layer
[852/1362] [webkit-desktop] › tests\browser\pixi-nation-overlays.spec.js:15:516 › nation overlay label-cap rejects the whole layer
[853/1362] [webkit-desktop] › tests\browser\pixi-nation-overlays.spec.js:15:516 › nation overlay char-cap rejects the whole layer
[854/1362] [webkit-desktop] › tests\browser\pixi-nation-overlays.spec.js:15:516 › nation overlay primitive-cap rejects the whole layer
[855/1362] [webkit-desktop] › tests\browser\pixi-nation-overlays.spec.js:15:516 › nation overlay container-cap rejects the whole layer
[856/1362] [webkit-desktop] › tests\browser\pixi-nation-overlays.spec.js:15:516 › nation overlay sprite-cap rejects the whole layer
[857/1362] [webkit-desktop] › tests\browser\pixi-nation-overlays.spec.js:15:516 › nation overlay texture-cap rejects the whole layer
[858/1362] [webkit-desktop] › tests\browser\pixi-nation-overlays.spec.js:15:516 › nation overlay source-byte-cap rejects the whole layer
[859/1362] [webkit-desktop] › tests\browser\pixi-nation-overlays.spec.js:19:1 › nation overlay segment cap rejects geometry inventory
[860/1362] [webkit-desktop] › tests\browser\pixi-nation-overlays.spec.js:23:1 › recoverable final append withdraws all overlays and recovers without stale textures
[861/1362] [webkit-desktop] › tests\browser\pixi-nation-overlays.spec.js:27:1 › fatal nation update falls back with one nonadvancing Canvas replay
[862/1362] [webkit-desktop] › tests\browser\pixi-nation-overlays.spec.js:31:93 › production nation-overlays-final-append keeps effects below, labels exclusive, and opening marker above
[863/1362] [webkit-desktop] › tests\browser\pixi-nation-overlays.spec.js:31:93 › production nation-overlays-update keeps effects below, labels exclusive, and opening marker above
[864/1362] [webkit-desktop] › tests\browser\pixi-nation-overlays.spec.js:31:93 › production final-render keeps effects below, labels exclusive, and opening marker above
[865/1362] [webkit-desktop] › tests\browser\pixi-nation-overlays.spec.js:35:1 › independent inventory matches direct legacy Canvas pixels without clipped icon sources
[866/1362] [webkit-desktop] › tests\browser\pixi-nation-overlays.spec.js:41:1 › 1800 changing frames churn all visual inputs while pools and source cache stay bounded
[867/1362] [webkit-desktop] › tests\browser\pixi-naval-logistics.spec.js:24:1 › Pixi owns the bounded naval-logistics prefix in exact legacy order with targeted pixels
[868/1362] [webkit-desktop] › tests\browser\pixi-naval-logistics.spec.js:47:1 › boarding cap and Canvas handoff follow earlier visible wakes before viewport culling
[869/1362] [webkit-desktop] › tests\browser\pixi-naval-logistics.spec.js:56:1 › naval cap failure is atomic, leaves structures owned, and recovers next valid frame
[870/1362] [webkit-desktop] › tests\browser\pixi-naval-logistics.spec.js:64:1 › invalid paint and every pooled fail-after-mutation path fall back in-frame without dirty idle state or recovery ghosts
[871/1362] [webkit-desktop] › tests\browser\pixi-naval-logistics.spec.js:90:1 › WeakMap source identity survives reorder, removal, and compaction without index cross-wiring
[872/1362] [webkit-desktop] › tests\browser\pixi-naval-logistics.spec.js:97:1 › reset withdraws naval ownership when structures are unowned and a normal render restores it
[873/1362] [webkit-desktop] › tests\browser\pixi-naval-logistics.spec.js:106:251 › naval container-resource constructor failure leaves no phantom slot and recovers
[874/1362] [webkit-desktop] › tests\browser\pixi-naval-logistics.spec.js:106:251 › naval graphics-resource constructor failure leaves no phantom slot and recovers
[875/1362] [webkit-desktop] › tests\browser\pixi-naval-logistics.spec.js:106:251 › naval label-resource constructor failure leaves no phantom slot and recovers
[876/1362] [webkit-desktop] › tests\browser\pixi-naval-logistics.spec.js:115:1 › naval fixture remains CSS-pixel aligned at DPR 1, 1.5, and 2
[877/1362] [webkit-desktop] › tests\browser\pixi-naval-logistics.spec.js:125:1 › naval active and idle resources release across BFCache recreation and context loss
[878/1362] [webkit-desktop] › tests\browser\pixi-naval-logistics.spec.js:139:1 › 1800-frame naval create/remove/reorder/state/visibility churn plateaus within frame budgets
[879/1362] [webkit-desktop] › tests\browser\pixi-notifications.spec.js:8:1 › Pixi owns ordered notification overlays after annotations without authority mutation
[880/1362] [webkit-desktop] › tests\browser\pixi-notifications.spec.js:12:1 › credits use the exclusive E16 viewport layer without advancing authority or audio
[881/1362] [webkit-desktop] › tests\browser\pixi-notifications.spec.js:16:1 › notification viewport raster is DPR-aware and exactly source-byte bounded
[882/1362] [webkit-desktop] › tests\browser\pixi-notifications.spec.js:20:1 › actual Pixi notification pixels match direct Canvas at DPR 1, 1.5, and 2
[883/1362] [webkit-desktop] › tests\browser\pixi-notifications.spec.js:24:45 › credits camera chronology normal uses frame-start world camera and one late advancement
[884/1362] [webkit-desktop] › tests\browser\pixi-notifications.spec.js:24:45 › credits camera chronology final-render uses frame-start world camera and one late advancement
[885/1362] [webkit-desktop] › tests\browser\pixi-notifications.spec.js:28:1 › default Canvas keeps the same first and subsequent credits camera chronology
[886/1362] [webkit-desktop] › tests\browser\pixi-notifications.spec.js:32:1 › notification anchoring remains bounded on mobile and under reduced motion
[887/1362] [webkit-desktop] › tests\browser\pixi-notifications.spec.js:36:412 › notification entry-cap falls back without truncation
[888/1362] [webkit-desktop] › tests\browser\pixi-notifications.spec.js:36:412 › notification label-cap falls back without truncation
[889/1362] [webkit-desktop] › tests\browser\pixi-notifications.spec.js:36:412 › notification char-cap falls back without truncation
[890/1362] [webkit-desktop] › tests\browser\pixi-notifications.spec.js:36:412 › notification primitive-cap falls back without truncation
[891/1362] [webkit-desktop] › tests\browser\pixi-notifications.spec.js:36:412 › notification segment-cap falls back without truncation
[892/1362] [webkit-desktop] › tests\browser\pixi-notifications.spec.js:36:412 › notification container-cap falls back without truncation
[893/1362] [webkit-desktop] › tests\browser\pixi-notifications.spec.js:36:412 › notification graphics-cap falls back without truncation
[894/1362] [webkit-desktop] › tests\browser\pixi-notifications.spec.js:36:412 › notification sprite-cap falls back without truncation
[895/1362] [webkit-desktop] › tests\browser\pixi-notifications.spec.js:36:412 › notification texture-cap falls back without truncation
[896/1362] [webkit-desktop] › tests\browser\pixi-notifications.spec.js:36:412 › notification source-byte-cap falls back without truncation
[897/1362] [webkit-desktop] › tests\browser\pixi-notifications.spec.js:40:1 › notification final append withdraws E16 and recovers next frame
[898/1362] [webkit-desktop] › tests\browser\pixi-notifications.spec.js:44:1 › queued age-zero badge advances, sounds, counts, and displays in the same frame
[899/1362] [webkit-desktop] › tests\browser\pixi-notifications.spec.js:48:1 › badge final lifetime frame paints once and is absent from the following inventory
[900/1362] [webkit-desktop] › tests\browser\pixi-notifications.spec.js:52:40 › final-render replays the prepared badge once without re-age or re-audio
[901/1362] [webkit-desktop] › tests\browser\pixi-notifications.spec.js:56:1 › every E16 offscreen stage fails notification-only, cleans up, and recovers
[902/1362] [webkit-desktop] › tests\browser\pixi-notifications.spec.js:61:1 › destination-dependent and unknown composites bypass allocation and preserve direct Canvas results
[903/1362] [webkit-desktop] › tests\browser\pixi-notifications.spec.js:65:61 › notification Entry cap preflight leaves the offscreen raster untouched
[904/1362] [webkit-desktop] › tests\browser\pixi-notifications.spec.js:65:61 › notification Char cap preflight leaves the offscreen raster untouched
[905/1362] [webkit-desktop] › tests\browser\pixi-notifications.spec.js:65:61 › notification Primitive cap preflight leaves the offscreen raster untouched
[906/1362] [webkit-desktop] › tests\browser\pixi-notifications.spec.js:65:61 › notification SourceByte cap preflight leaves the offscreen raster untouched
[907/1362] [webkit-desktop] › tests\browser\pixi-notifications.spec.js:69:1 › default Canvas notification path never allocates the Pixi offscreen raster
[908/1362] [webkit-desktop] › tests\browser\pixi-notifications.spec.js:73:1 › notification viewport source releases on reset and BFCache suspend, then recreates normally
[909/1362] [webkit-desktop] › tests\browser\pixi-notifications.spec.js:77:1 › 1800-frame notification churn remains bounded and meets submission ceilings
[910/1362] [webkit-desktop] › tests\browser\pixi-projectiles.spec.js:34:1 › Pixi owns every E7 variant in exact category and primitive order
[911/1362] [webkit-desktop] › tests\browser\pixi-projectiles.spec.js:40:1 › isolated Pixi Graphics rasterize every E7 primitive and preserve the separate intentional overlap order fixture
[912/1362] [webkit-desktop] › tests\browser\pixi-projectiles.spec.js:49:1 › projectile failures withdraw the complete layer and recover without live-slot ghosts
[913/1362] [webkit-desktop] › tests\browser\pixi-projectiles.spec.js:54:1 › fatal final submission replays the complete frame on Canvas without another RAF or presentation advance
[914/1362] [webkit-desktop] › tests\browser\pixi-projectiles.spec.js:61:1 › fatal world-layer update failure uses the same bounded full-frame Canvas replay
[915/1362] [webkit-desktop] › tests\browser\pixi-projectiles.spec.js:66:1 › visual-shot presentation ages exactly once and expires on the sixth displayed frame
[916/1362] [webkit-desktop] › tests\browser\pixi-projectiles.spec.js:70:1 › Pixi failure falls back without double-aging visual shots
[917/1362] [webkit-desktop] › tests\browser\pixi-projectiles.spec.js:74:1 › projectile ownership requires the complete E4-E6 prerequisite chain
[918/1362] [webkit-desktop] › tests\browser\pixi-projectiles.spec.js:78:1 › projectile fixture remains CSS-pixel aligned at DPR 1, 1.5, and 2
[919/1362] [webkit-desktop] › tests\browser\pixi-projectiles.spec.js:82:1 › 1800-frame variant, trail, fog, cull, reorder, and create-remove churn plateaus
[920/1362] [webkit-desktop] › tests\browser\pixi-structures.spec.js:71:1 › Pixi owns every complete visible structure with stable tile alignment and bounded reuse
[921/1362] [webkit-desktop] › tests\browser\pixi-structures.spec.js:118:120 › atomic Canvas fallback represents every base when the sprite-cap is exhausted
[922/1362] [webkit-desktop] › tests\browser\pixi-structures.spec.js:118:120 › atomic Canvas fallback represents every base when the texture-cap is exhausted
[923/1362] [webkit-desktop] › tests\browser\pixi-structures.spec.js:139:1 › structure completion, pop, texture replacement, destruction, eviction, invalid source, and reset use real resource identity
[924/1362] [webkit-desktop] › tests\browser\pixi-structures.spec.js:177:1 › overlapping structures remain in one Pixi-owned legacy-ordered scene graph
[925/1362] [webkit-desktop] › tests\browser\pixi-structures.spec.js:200:1 › fog-hidden active missile focus remains Pixi-owned and painted
[926/1362] [webkit-desktop] › tests\browser\pixi-structures.spec.js:213:1 › missile focus uses explicit route phase in Canvas and Pixi at two times with and without supply context
[927/1362] [webkit-desktop] › tests\browser\pixi-structures.spec.js:230:1 › Canvas fallback geometry ignores poisoned prior stroke state and restores defaults
[928/1362] [webkit-desktop] › tests\browser\pixi-structures.spec.js:239:1 › build, queue, pop, level, suppression, linked, and cooldown marks remain Pixi-owned
[929/1362] [webkit-desktop] › tests\browser\pixi-structures.spec.js:270:1 › a visible pre-base range keeps its ordered entry when the base sprite is offscreen
[930/1362] [webkit-desktop] › tests\browser\pixi-structures.spec.js:284:127 › pre-structure primitive-cap atomically restores Canvas pre-layers and bases
[931/1362] [webkit-desktop] › tests\browser\pixi-structures.spec.js:284:127 › pre-structure segment-cap atomically restores Canvas pre-layers and bases
[932/1362] [webkit-desktop] › tests\browser\pixi-structures.spec.js:298:117 › text-cap atomically restores the complete Canvas structure scene and recovers
[933/1362] [webkit-desktop] › tests\browser\pixi-structures.spec.js:298:117 › text-resource atomically restores the complete Canvas structure scene and recovers
[934/1362] [webkit-desktop] › tests\browser\pixi-structures.spec.js:314:1 › countdown labels use bounded explicit textures and do not enter the Pixi Text cache
[935/1362] [webkit-desktop] › tests\browser\pixi-structures.spec.js:330:4 › cap-one sprite-resource constructor failure leaves no phantom pool slot and recovers
[936/1362] [webkit-desktop] › tests\browser\pixi-structures.spec.js:330:4 › cap-one graphics-resource constructor failure leaves no phantom pool slot and recovers
[937/1362] [webkit-desktop] › tests\browser\pixi-structures.spec.js:330:4 › cap-one text-resource constructor failure leaves no phantom pool slot and recovers
[938/1362] [webkit-desktop] › tests\browser\pixi-structures.spec.js:343:1 › structure pooled resources discard tainted paint failures and recover without stale children
[939/1362] [webkit-desktop] › tests\browser\pixi-structures.spec.js:361:1 › segment cap accepts the exact generated count and rejects one less before drawing
[940/1362] [webkit-desktop] › tests\browser\pixi-structures.spec.js:379:1 › 60-frame paused dense-fixture microbenchmark stays bounded with visible and culled structure scenes
[941/1362] [webkit-desktop] › tests\browser\pixi-structures.spec.js:402:1 › 1800-frame dev Pixi structure state churn keeps every owned resource bounded
[942/1362] [webkit-desktop] › tests\browser\pixi-structures.spec.js:422:1 › quality tiers reduce route segments without hiding gameplay meaning
[943/1362] [webkit-desktop] › tests\browser\pixi-structures.spec.js:449:1 › reduced motion freezes pre-structure pulse and route movement while retaining all semantics
[944/1362] [webkit-desktop] › tests\browser\pixi-structures.spec.js:462:1 › complete Pixi structure ownership obeys effective motion policy without changing canonical state
[945/1362] [webkit-desktop] › tests\browser\pixi-structures.spec.js:484:1 › dense structure resources recreate after BFCache loss and cleanly hand ownership to Canvas on context loss
[946/1362] [webkit-desktop] › tests\browser\pixi-structures.spec.js:511:1 › Pixi structure layer smokes every map and major mode
[947/1362] [webkit-desktop] › tests\browser\pixi-support-actors.spec.js:24:1 › Pixi owns the exact support block after labels and hands state to floating text
[948/1362] [webkit-desktop] › tests\browser\pixi-support-actors.spec.js:30:1 › real isolated Pixi Graphics paint every support primitive at DPR 1, 1.5, and 2
[949/1362] [webkit-desktop] › tests\browser\pixi-support-actors.spec.js:38:1 › support resource failures withdraw all categories, direct Canvas paint, and recover
[950/1362] [webkit-desktop] › tests\browser\pixi-support-actors.spec.js:48:4 › production renderPass support-actor-graphics-after-paint proves isolated support operations and later floating text
[951/1362] [webkit-desktop] › tests\browser\pixi-support-actors.spec.js:48:4 › production renderPass support-actor-final-append proves isolated support operations and later floating text
[952/1362] [webkit-desktop] › tests\browser\pixi-support-actors.spec.js:48:4 › production renderPass support-actor-update proves isolated support operations and later floating text
[953/1362] [webkit-desktop] › tests\browser\pixi-support-actors.spec.js:48:4 › production renderPass final-render proves isolated support operations and later floating text
[954/1362] [webkit-desktop] › tests\browser\pixi-support-actors.spec.js:57:1 › support container and Graphics constructor failures leave no phantom resources
[955/1362] [webkit-desktop] › tests\browser\pixi-support-actors.spec.js:66:4 › support entry-cap rejects without truncation
[956/1362] [webkit-desktop] › tests\browser\pixi-support-actors.spec.js:66:4 › support trail-point-cap rejects without truncation
[957/1362] [webkit-desktop] › tests\browser\pixi-support-actors.spec.js:66:4 › support primitive-cap rejects without truncation
[958/1362] [webkit-desktop] › tests\browser\pixi-support-actors.spec.js:66:4 › support segment-cap rejects without truncation
[959/1362] [webkit-desktop] › tests\browser\pixi-support-actors.spec.js:66:4 › support container-cap rejects without truncation
[960/1362] [webkit-desktop] › tests\browser\pixi-support-actors.spec.js:66:4 › support graphics-cap rejects without truncation
[961/1362] [webkit-desktop] › tests\browser\pixi-support-actors.spec.js:68:1 › WeakMap occurrence identity survives reorder, removal, and restore
[962/1362] [webkit-desktop] › tests\browser\pixi-support-actors.spec.js:70:1 › support ownership requires map labels and reset recovery is clean
[963/1362] [webkit-desktop] › tests\browser\pixi-support-actors.spec.js:72:1 › 1800-frame support state/type/color/progress/trail/fog/cull/reorder churn plateaus
[964/1362] [webkit-desktop] › tests\browser\pixi-warships.spec.js:22:1 › Pixi owns every warship class and attached status visual in exact entry order
[965/1362] [webkit-desktop] › tests\browser\pixi-warships.spec.js:32:1 › warship caps advance chronologically through visible array order
[966/1362] [webkit-desktop] › tests\browser\pixi-warships.spec.js:46:1 › duplicate IDs and injected resource failures withdraw all warships but preserve naval ownership and recover
[967/1362] [webkit-desktop] › tests\browser\pixi-warships.spec.js:52:1 › constructor failures leave no phantom warship slots and stable IDs survive reorder, remove, and re-add
[968/1362] [webkit-desktop] › tests\browser\pixi-warships.spec.js:65:1 › warship ownership requires complete structures and naval logistics
[969/1362] [webkit-desktop] › tests\browser\pixi-warships.spec.js:69:1 › warship fixture remains CSS-pixel aligned at DPR 1, 1.5, and 2
[970/1362] [webkit-desktop] › tests\browser\pixi-warships.spec.js:73:1 › damaged leaned recoil HP pips match the legacy Canvas footprint at every DPR
[971/1362] [webkit-desktop] › tests\browser\pixi-warships.spec.js:80:1 › distinguishes inherited butt and round dash and cruiser-detail endpoints at every DPR
[972/1362] [webkit-desktop] › tests\browser\pixi-warships.spec.js:91:1 › 1800-frame class, color, state, selection, fire, HP, wake, cull, and reorder churn plateaus
[973/1362] [webkit-desktop] › tests\browser\pixi-world-annotations.spec.js:10:1 › production Pixi owns the exact annotation block after nation overlays
[974/1362] [webkit-desktop] › tests\browser\pixi-world-annotations.spec.js:14:449 › world annotation entry-cap rejects without truncation
[975/1362] [webkit-desktop] › tests\browser\pixi-world-annotations.spec.js:14:449 › world annotation member-cap rejects without truncation
[976/1362] [webkit-desktop] › tests\browser\pixi-world-annotations.spec.js:14:449 › world annotation primitive-cap rejects without truncation
[977/1362] [webkit-desktop] › tests\browser\pixi-world-annotations.spec.js:14:449 › world annotation segment-cap rejects without truncation
[978/1362] [webkit-desktop] › tests\browser\pixi-world-annotations.spec.js:14:449 › world annotation label-cap rejects without truncation
[979/1362] [webkit-desktop] › tests\browser\pixi-world-annotations.spec.js:14:449 › world annotation char-cap rejects without truncation
[980/1362] [webkit-desktop] › tests\browser\pixi-world-annotations.spec.js:14:449 › world annotation container-cap rejects without truncation
[981/1362] [webkit-desktop] › tests\browser\pixi-world-annotations.spec.js:14:449 › world annotation graphics-cap rejects without truncation
[982/1362] [webkit-desktop] › tests\browser\pixi-world-annotations.spec.js:14:449 › world annotation sprite-cap rejects without truncation
[983/1362] [webkit-desktop] › tests\browser\pixi-world-annotations.spec.js:14:449 › world annotation texture-cap rejects without truncation
[984/1362] [webkit-desktop] › tests\browser\pixi-world-annotations.spec.js:14:449 › world annotation source-byte-cap rejects without truncation
[985/1362] [webkit-desktop] › tests\browser\pixi-world-annotations.spec.js:18:1 › recoverable annotation final append withdraws all resources and retries
[986/1362] [webkit-desktop] › tests\browser\pixi-world-annotations.spec.js:22:1 › stable frames reuse textures and returning variants stay cached within policy
[987/1362] [webkit-desktop] › tests\browser\pixi-world-annotations.spec.js:26:1 › failed post-raster transaction balances references and destroys only new resources
[988/1362] [webkit-desktop] › tests\browser\pixi-world-annotations.spec.js:30:1 › texture cap pressure evicts least-recently-used zero-reference variants
[989/1362] [webkit-desktop] › tests\browser\pixi-world-annotations.spec.js:34:1 › source-byte pressure evicts zero-reference variants before allocating
[990/1362] [webkit-desktop] › tests\browser\pixi-world-annotations.spec.js:38:1 › DPR changes allocate once and reuse the returning DPR variant
[991/1362] [webkit-desktop] › tests\browser\pixi-world-annotations.spec.js:42:1 › reset and context teardown destroy every cached annotation texture once
[992/1362] [webkit-desktop] › tests\browser\pixi-world-annotations.spec.js:46:1 › fatal annotation update performs one nonadvancing full Canvas replay
[993/1362] [webkit-desktop] › tests\browser\pixi-world-annotations.spec.js:50:1 › opening, regions, owned SAM network, and labels match direct Canvas pixels
[994/1362] [webkit-desktop] › tests\browser\pixi-world-annotations.spec.js:54:1 › opening, region, enemy, fog-filtered, no-network, and zoom variants retain actual pixel parity
[995/1362] [webkit-desktop] › tests\browser\pixi-world-annotations.spec.js:58:1 › 1800-frame stable many-region plateaus and real annotation churn stays bounded
[996/1362] [webkit-desktop] › tests\browser\platform.spec.js:3:1 › local and WordPress adapters own platform boundaries
[997/1362] [webkit-desktop] › tests\browser\relay-websocket.spec.js:66:1 › real localhost relay coordinates isolated browser engines, recovery, desync, and wire bounds
[998/1362] [webkit-desktop] › tests\browser\renderer-foundation.spec.js:52:1 › Canvas and Pixi hybrid preserve state, input, camera, and bounded raster lifecycle
[999/1362] [webkit-desktop] › tests\browser\renderer-foundation.spec.js:161:1 › source Pixi smoke preserves raster, input alignment, and canonical parity
[1000/1362] [webkit-desktop] › tests\browser\renderer-foundation.spec.js:190:42 › canvas survives repeated persisted page lifecycle with one RAF and viewport lifecycle
[1001/1362] [webkit-desktop] › tests\browser\renderer-foundation.spec.js:190:42 › pixi survives repeated persisted page lifecycle with one RAF and viewport lifecycle
[1002/1362] [webkit-desktop] › tests\browser\renderer-foundation.spec.js:230:1 › real WebGL context loss falls back without changing simulation state
[1003/1362] [webkit-desktop] › tests\browser\renderer-foundation.spec.js:251:1 › Pixi initialization failure and unsupported names fall back without restarting simulation
[1004/1362] [webkit-desktop] › tests\browser\score-retry.spec.js:3:58 › score expired response preserves the correct retry policy
[1005/1362] [webkit-desktop] › tests\browser\score-retry.spec.js:3:58 › score invalid response preserves the correct retry policy
[1006/1362] [webkit-desktop] › tests\browser\score-retry.spec.js:3:58 › score signature response preserves the correct retry policy
[1007/1362] [webkit-desktop] › tests\browser\silo-flight-handoff.spec.js:2:1 › silo uses one artwork projectile at the flight handoff
[1008/1362] [webkit-desktop] › tests\browser\startup.spec.js:5:1 › startup communicates loading and prevents input until the game is ready
[1009/1362] [webkit-desktop] › tests\browser\startup.spec.js:40:1 › failed startup offers a working retry without exposing inactive controls
[1010/1362] [webkit-desktop] › tests\browser\terrain-raster.spec.js:14:1 › F2 shares 4x deterministic bytes and recomposes only across the camera detail threshold
[1011/1362] [webkit-desktop] › tests\browser\terrain-raster.spec.js:41:1 › F2 source bytes ignore DPR, quality, renderer and reduced-motion policy
[1012/1362] [webkit-desktop] › tests\browser\terrain-raster.spec.js:52:1 › cold worker failure paints bounded emergency terrain and reset clears old map pixels immediately
[1013/1362] [webkit-desktop] › tests\browser\terrain-raster.spec.js:62:1 › production publisher installs discarded-B cache-hit C and skips only its installed revision
[1014/1362] [webkit-desktop] › tests\browser\terrain-raster.spec.js:69:1 › paused pick-area highlight clears immediately on Escape and mode cancellation
[1015/1362] [webkit-desktop] › tests\browser\terrain-raster.spec.js:79:1 › F2 Canvas-high and Pixi-linear terrain-only framebuffers retain geometry and bounded sampling parity
[1016/1362] [webkit-desktop] › tests\browser\terrain-raster.spec.js:94:1 › F2 authoritative coast and topology input probes remain exact under smoothed presentation
[1017/1362] [webkit-desktop] › tests\browser\terrain-raster.spec.js:104:1 › F2 sustained 10Hz suppression converges and named synchronous interactions stay responsive

(node:5396) Warning: The 'NO_COLOR' env is ignored due to the 'FORCE_COLOR' env being set.
(Use `node --trace-warnings ...` to show where the warning was created)

[1018/1362] [chromium-reduced-motion] › tests\browser\audio.spec.js:3:1 › approved audio decodes and situation / Radio controls survive mute and reload
[1019/1362] [chromium-reduced-motion] › tests\browser\audio.spec.js:42:1 › pausing during a pending score download cannot start late playback
[1020/1362] [chromium-reduced-motion] › tests\browser\build-contract.spec.js:4:1 › source and built module applications load every chunk and preserve the canonical simulation
[1021/1362] [chromium-reduced-motion] › tests\browser\canvas.spec.js:93:1 › launches a fixed-seed match, renders the map, and supports camera zoom
[1022/1362] [chromium-reduced-motion] › tests\browser\canvas.spec.js:135:1 › all map buttons launch useful maps and match the strategic/close visual matrix
[1023/1362] [chromium-reduced-motion] › tests\browser\canvas.spec.js:162:1 › major modes launch individually and expose their defining state
[1024/1362] [chromium-reduced-motion] › tests\browser\canvas.spec.js:197:1 › real pointer targeting and context interaction use the expected tile
[1025/1362] [chromium-reduced-motion] › tests\browser\canvas.spec.js:241:1 › Billionaire allied aid sends gold and troops independently
[1026/1362] [chromium-reduced-motion] › tests\browser\canvas.spec.js:273:1 › dense late-game fixture exposes strategic visual layers
[1027/1362] [chromium-reduced-motion] › tests\browser\canvas.spec.js:292:1 › loads and plays the historical replay fixture in the browser
[1028/1362] [chromium-reduced-motion] › tests\browser\canvas.spec.js:314:1 › 8x watch stops and finalizes exactly at the replay target
[1029/1362] [chromium-reduced-motion] › tests\browser\canvas.spec.js:326:1 › resume catch-up suspends once on checkpoint divergence and Continue reaches exact live target
[1030/1362] [chromium-reduced-motion] › tests\browser\canvas.spec.js:352:1 › Stop replay resets a diverged resume and a subsequent ordinary resume succeeds
[1031/1362] [chromium-reduced-motion] › tests\browser\canvas.spec.js:371:1 › browser replay payload includes strong final evidence for a short save
[1032/1362] [chromium-reduced-motion] › tests\browser\canvas.spec.js:386:1 › a save from the pause menu resumes with verified final evidence
[1033/1362] [chromium-reduced-motion] › tests\browser\canvas.spec.js:402:1 › credits replay reset clears setup scratch before rebuilding the match
[1034/1362] [chromium-reduced-motion] › tests\browser\canvas.spec.js:411:1 › rejects malformed and unsupported replay commands before configuration
[1035/1362] [chromium-reduced-motion] › tests\browser\canvas.spec.js:433:1 › invalid replay settings leave start state usable and allow a successful retry
[1036/1362] [chromium-reduced-motion] › tests\browser\canvas.spec.js:455:1 › invalid start configuration reports the error without hiding the start card
[1037/1362] [chromium-reduced-motion] › tests\browser\canvas.spec.js:472:1 › start and settings cards avoid horizontal overflow on desktop and mobile
[1038/1362] [chromium-reduced-motion] › tests\browser\canvas.spec.js:491:1 › resizes without document overflow and keeps the Canvas usable
[1039/1362] [chromium-reduced-motion] › tests\browser\canvas.spec.js:518:1 › fixed-seed simulation has the same canonical digest in Chromium, Firefox, and WebKit
[1040/1362] [chromium-reduced-motion] › tests\browser\canvas.spec.js:568:1 › real Canvas rendering is pure and irregular render cadence cannot change simulation
[1041/1362] [chromium-reduced-motion] › tests\browser\classic-combat-effects.spec.js:2:1 › combat effects have distinct stages, restore Canvas state and respect lifecycle/visibility
[1042/1362] [chromium-reduced-motion] › tests\browser\classic-map-edge.spec.js:2:1 › classic terrain preserves all four map edges across cache pans and worker output
[1043/1362] [chromium-reduced-motion] › tests\browser\classic-motion.spec.js:2:1 › classic motion covers roster, guards fog/offscreen/reduced motion and leaves state unchanged
[1044/1362] [chromium-reduced-motion] › tests\browser\classic-sam-runtime.spec.js:2:1 › runtime SAM preserves aim during reload, supports every bearing and freezes when paused
[1045/1362] [chromium-reduced-motion] › tests\browser\classic-silo-sequence.spec.js:2:1 › silo starts closed, opens before elevation, holds before ignition and closes after flight
[1046/1362] [chromium-reduced-motion] › tests\browser\classic-tree-coverage.spec.js:2:1 › large close-up terrain draws trees through the bottom of the view and reuses its cache
[1047/1362] [chromium-reduced-motion] › tests\browser\desktop-scale.spec.js:98:1 › keeps Canvas, layout, targeting, and camera stable across desktop display scales
[1048/1362] [chromium-reduced-motion] › tests\browser\desktop-scale.spec.js:139:1 › keeps Pixi raster and Canvas overlay aligned across desktop display scales
[1049/1362] [chromium-reduced-motion] › tests\browser\desktop-scale.spec.js:163:1 › keeps Pixi structure sprites aligned to Canvas CSS-pixel coordinates across desktop display scales
[1050/1362] [chromium-reduced-motion] › tests\browser\desktop-scale.spec.js:177:1 › uses rasterized scaled-texture fringe for edge culling and ordered overlap at every DPR
[1051/1362] [chromium-reduced-motion] › tests\browser\desktop-scale.spec.js:214:1 › matches Canvas alphabetic-baseline label semantics and overlapping level/queue/arc pixels at every DPR
[1052/1362] [chromium-reduced-motion] › tests\browser\desktop-scale.spec.js:232:1 › keeps Pixi naval logistics hulls, routes, wakes, labels, cargo, and boarding aligned at every DPR
[1053/1362] [chromium-reduced-motion] › tests\browser\desktop-scale.spec.js:243:1 › distinguishes merchant miter corners and boarding butt/round endpoints at every DPR
[1054/1362] [chromium-reduced-motion] › tests\browser\deterministic-math.spec.js:2:1 › portable simulation math matches the historical runtime bit for bit
[1055/1362] [chromium-reduced-motion] › tests\browser\help-guide.spec.js:5:1 › field guide stays readable on desktop and mobile, with working reference disclosures
[1056/1362] [chromium-reduced-motion] › tests\browser\help-guide.spec.js:30:1 › app guide shares current About and resets the reading position on tab changes
[1057/1362] [chromium-reduced-motion] › tests\browser\help-roster.spec.js:3:1 › in-game guide loads every current unit portrait and practical usage note
[1058/1362] [chromium-reduced-motion] › tests\browser\help-roster.spec.js:21:1 › packaged website guide is self-contained and readable at narrow widths
[1059/1362] [chromium-reduced-motion] › tests\browser\phase-g-all-units.spec.js:15:1 › all shipped unit families expose isolated Unit Direction 02 candidates without canonical state
[1060/1362] [chromium-reduced-motion] › tests\browser\phase-g-projectiles.spec.js:11:1 › all nine shipped projectile rows expose isolated production-render candidates
[1061/1362] [chromium-reduced-motion] › tests\browser\phase-g-radar-sam.spec.js:23:1 › Phase G radar and SAM dishes use bounded Pixi overlays with deterministic state-safe motion
[1062/1362] [chromium-reduced-motion] › tests\browser\phase-g-radar-sam.spec.js:54:1 › Phase G Canvas fallback shares moving and reduced-motion dish policy
[1063/1362] [chromium-reduced-motion] › tests\browser\phase-g-radar-sam.spec.js:66:40 › Phase G medium-quality Pixi keeps bounded readable dishes without texture churn
[1064/1362] [chromium-reduced-motion] › tests\browser\phase-g-radar-sam.spec.js:66:40 › Phase G low-quality Pixi keeps bounded readable dishes without texture churn
[1065/1362] [chromium-reduced-motion] › tests\browser\phase-g-radar-sam.spec.js:77:1 › Phase G evidence identifies the approved Unit Direction 02 source
[1066/1362] [chromium-reduced-motion] › tests\browser\pixi-aircraft.spec.js:26:1 › Pixi owns the exact aircraft block with interpolation-ready coordinates and Canvas handoff
[1067/1362] [chromium-reduced-motion] › tests\browser\pixi-aircraft.spec.js:32:1 › synthetic malformed stepped bomber rejects Pixi but direct Canvas fallback remains legacy-safe
[1068/1362] [chromium-reduced-motion] › tests\browser\pixi-aircraft.spec.js:36:1 › isolated real Pixi Graphics rasterize every aircraft primitive at DPR 1, 1.5, and 2
[1069/1362] [chromium-reduced-motion] › tests\browser\pixi-aircraft.spec.js:47:1 › aircraft stays above missiles and real Air-list hover drives the patrol highlight
[1070/1362] [chromium-reduced-motion] › tests\browser\pixi-aircraft.spec.js:52:1 › aircraft resource failures withdraw all aircraft, directly Canvas-paint, and retry cleanly
[1071/1362] [chromium-reduced-motion] › tests\browser\pixi-aircraft.spec.js:63:4 › aircraft entry cap rejects without truncation, uses uncapped Canvas, and recovers
[1072/1362] [chromium-reduced-motion] › tests\browser\pixi-aircraft.spec.js:63:4 › aircraft primitive cap rejects without truncation, uses uncapped Canvas, and recovers
[1073/1362] [chromium-reduced-motion] › tests\browser\pixi-aircraft.spec.js:63:4 › aircraft segment cap rejects without truncation, uses uncapped Canvas, and recovers
[1074/1362] [chromium-reduced-motion] › tests\browser\pixi-aircraft.spec.js:63:4 › aircraft container cap rejects without truncation, uses uncapped Canvas, and recovers
[1075/1362] [chromium-reduced-motion] › tests\browser\pixi-aircraft.spec.js:63:4 › aircraft Graphics cap rejects without truncation, uses uncapped Canvas, and recovers
[1076/1362] [chromium-reduced-motion] › tests\browser\pixi-aircraft.spec.js:68:1 › stable positive aircraft IDs survive reorder/remove/re-add and reject duplicate or missing IDs
[1077/1362] [chromium-reduced-motion] › tests\browser\pixi-aircraft.spec.js:72:1 › aircraft ownership requires every prerequisite through missiles
[1078/1362] [chromium-reduced-motion] › tests\browser\pixi-aircraft.spec.js:76:1 › aircraft container and Graphics constructor failures leave no phantom resources
[1079/1362] [chromium-reduced-motion] › tests\browser\pixi-aircraft.spec.js:80:1 › fatal final submission replays aircraft once with omission-sensitive primitives
[1080/1362] [chromium-reduced-motion] › tests\browser\pixi-aircraft.spec.js:84:1 › active aircraft resources recreate after BFCache loss and clean up on context loss
[1081/1362] [chromium-reduced-motion] › tests\browser\pixi-aircraft.spec.js:88:1 › 1800-frame type/state/color/HP/heading/pull/patrol/fog/cull/reorder churn plateaus
[1082/1362] [chromium-reduced-motion] › tests\browser\pixi-atlas.spec.js:4:1 › synthetic Canvas atlas creates real Pixi subtextures at DPR 1, 1.5, and 2 and tears down
[1083/1362] [chromium-reduced-motion] › tests\browser\pixi-atlas.spec.js:14:1 › atlas loading failures are categorized, atomic, and choose Canvas fallback
[1084/1362] [chromium-reduced-motion] › tests\browser\pixi-atlas.spec.js:35:1 › atlas references prevent eviction and released atlases evict in LRU order
[1085/1362] [chromium-reduced-motion] › tests\browser\pixi-atlas.spec.js:44:1 › concurrent atlas commits recheck duplicate, atlas, byte, and aggregate frame caps in completion order
[1086/1362] [chromium-reduced-motion] › tests\browser\pixi-atlas.spec.js:71:1 › failed staged replacement and destroy-during-load preserve publication atomically
[1087/1362] [chromium-reduced-motion] › tests\browser\pixi-floating-text.spec.js:14:1 › Pixi owns exactly floating text after support and preserves formulas, style, order, and handoff
[1088/1362] [chromium-reduced-motion] › tests\browser\pixi-floating-text.spec.js:16:1 › actual Pixi raster matches direct Canvas at DPR 1, 1.5, and 2 including mid-fade and subpixels
[1089/1362] [chromium-reduced-motion] › tests\browser\pixi-floating-text.spec.js:18:150 › floating-text-after-raster withdraws every floater and paints uncapped Canvas
[1090/1362] [chromium-reduced-motion] › tests\browser\pixi-floating-text.spec.js:18:150 › floating-text-final-append withdraws every floater and paints uncapped Canvas
[1091/1362] [chromium-reduced-motion] › tests\browser\pixi-floating-text.spec.js:20:276 › production renderPass floating-text-final-append keeps support below and Canvas effects above without double-age
[1092/1362] [chromium-reduced-motion] › tests\browser\pixi-floating-text.spec.js:20:276 › production renderPass floating-text-update keeps support below and Canvas effects above without double-age
[1093/1362] [chromium-reduced-motion] › tests\browser\pixi-floating-text.spec.js:20:276 › production renderPass final-render keeps support below and Canvas effects above without double-age
[1094/1362] [chromium-reduced-motion] › tests\browser\pixi-floating-text.spec.js:22:444 › floating text entry-cap rejects without truncation
[1095/1362] [chromium-reduced-motion] › tests\browser\pixi-floating-text.spec.js:22:444 › floating text label-cap rejects without truncation
[1096/1362] [chromium-reduced-motion] › tests\browser\pixi-floating-text.spec.js:22:444 › floating text char-cap rejects without truncation
[1097/1362] [chromium-reduced-motion] › tests\browser\pixi-floating-text.spec.js:22:444 › floating text container-cap rejects without truncation
[1098/1362] [chromium-reduced-motion] › tests\browser\pixi-floating-text.spec.js:22:444 › floating text sprite-cap rejects without truncation
[1099/1362] [chromium-reduced-motion] › tests\browser\pixi-floating-text.spec.js:22:444 › floating text texture-cap rejects without truncation
[1100/1362] [chromium-reduced-motion] › tests\browser\pixi-floating-text.spec.js:22:444 › floating text source-byte-cap rejects without truncation
[1101/1362] [chromium-reduced-motion] › tests\browser\pixi-floating-text.spec.js:24:1 › WeakMap occurrence identity survives reorder, removal, text changes, and restore
[1102/1362] [chromium-reduced-motion] › tests\browser\pixi-floating-text.spec.js:26:1 › real event adapter cash floater is created unchanged and presented by Pixi
[1103/1362] [chromium-reduced-motion] › tests\browser\pixi-floating-text.spec.js:28:1 › floating text ownership requires support actors and reset recovery is clean
[1104/1362] [chromium-reduced-motion] › tests\browser\pixi-floating-text.spec.js:30:1 › 1800-frame age/text/color/cull/pan churn plateaus within submission ceilings
[1105/1362] [chromium-reduced-motion] › tests\browser\pixi-global-effects.spec.js:31:1 › Pixi owns the exact independently inventoried seven-category block and all legacy wreck classes
[1106/1362] [chromium-reduced-motion] › tests\browser\pixi-global-effects.spec.js:33:1 › every production drawPrimitive matches direct Canvas at DPR 1, 1.5, and 2
[1107/1362] [chromium-reduced-motion] › tests\browser\pixi-global-effects.spec.js:35:465 › global effects category-cap rejects the complete block without truncation
[1108/1362] [chromium-reduced-motion] › tests\browser\pixi-global-effects.spec.js:35:465 › global effects entry-cap rejects the complete block without truncation
[1109/1362] [chromium-reduced-motion] › tests\browser\pixi-global-effects.spec.js:35:465 › global effects trail-point-cap rejects the complete block without truncation
[1110/1362] [chromium-reduced-motion] › tests\browser\pixi-global-effects.spec.js:35:465 › global effects primitive-cap rejects the complete block without truncation
[1111/1362] [chromium-reduced-motion] › tests\browser\pixi-global-effects.spec.js:35:465 › global effects segment-cap rejects the complete block without truncation
[1112/1362] [chromium-reduced-motion] › tests\browser\pixi-global-effects.spec.js:35:465 › global effects container-cap rejects the complete block without truncation
[1113/1362] [chromium-reduced-motion] › tests\browser\pixi-global-effects.spec.js:35:465 › global effects graphics-cap rejects the complete block without truncation
[1114/1362] [chromium-reduced-motion] › tests\browser\pixi-global-effects.spec.js:37:162 › global-effects-graphics-after-paint withdraws every category and recovers
[1115/1362] [chromium-reduced-motion] › tests\browser\pixi-global-effects.spec.js:37:162 › global-effects-final-append withdraws every category and recovers
[1116/1362] [chromium-reduced-motion] › tests\browser\pixi-global-effects.spec.js:39:279 › production renderPass global-effects-final-append keeps floaters below and nation labels above without double age
[1117/1362] [chromium-reduced-motion] › tests\browser\pixi-global-effects.spec.js:39:279 › production renderPass global-effects-update keeps floaters below and nation labels above without double age
[1118/1362] [chromium-reduced-motion] › tests\browser\pixi-global-effects.spec.js:39:279 › production renderPass final-render keeps floaters below and nation labels above without double age
[1119/1362] [chromium-reduced-motion] › tests\browser\pixi-global-effects.spec.js:41:1 › WeakMap occurrence identity survives reorder, removal, and restore
[1120/1362] [chromium-reduced-motion] › tests\browser\pixi-global-effects.spec.js:43:1 › production renderPass retains one legacy fog decision for air-wreck smoke and replay
[1121/1362] [chromium-reduced-motion] › tests\browser\pixi-global-effects.spec.js:45:1 › real effect adapters feed all feasible categories without simulation mutation
[1122/1362] [chromium-reduced-motion] › tests\browser\pixi-global-effects.spec.js:47:1 › global effects ownership requires floating text and reset recovery is clean
[1123/1362] [chromium-reduced-motion] › tests\browser\pixi-global-effects.spec.js:49:1 › 1800-frame all-category color/cull/pan/quality/motion churn plateaus within submission ceilings
[1124/1362] [chromium-reduced-motion] › tests\browser\pixi-interaction-overlays.spec.js:8:1 › Pixi owns the complete ordered final interaction block without input or authority mutation
[1125/1362] [chromium-reduced-motion] › tests\browser\pixi-interaction-overlays.spec.js:12:82 › E17 pick condition retains exact bounded inventory
[1126/1362] [chromium-reduced-motion] › tests\browser\pixi-interaction-overlays.spec.js:12:82 › E17 box condition retains exact bounded inventory
[1127/1362] [chromium-reduced-motion] › tests\browser\pixi-interaction-overlays.spec.js:12:82 › E17 dashed condition retains exact bounded inventory
[1128/1362] [chromium-reduced-motion] › tests\browser\pixi-interaction-overlays.spec.js:12:82 › E17 draft condition retains exact bounded inventory
[1129/1362] [chromium-reduced-motion] › tests\browser\pixi-interaction-overlays.spec.js:12:82 › E17 paused condition retains exact bounded inventory
[1130/1362] [chromium-reduced-motion] › tests\browser\pixi-interaction-overlays.spec.js:12:82 › E17 valid condition retains exact bounded inventory
[1131/1362] [chromium-reduced-motion] › tests\browser\pixi-interaction-overlays.spec.js:12:82 › E17 invalid condition retains exact bounded inventory
[1132/1362] [chromium-reduced-motion] › tests\browser\pixi-interaction-overlays.spec.js:16:121 › E17 Entry cap rejects without truncation and direct Canvas paints
[1133/1362] [chromium-reduced-motion] › tests\browser\pixi-interaction-overlays.spec.js:16:121 › E17 Primitive cap rejects without truncation and direct Canvas paints
[1134/1362] [chromium-reduced-motion] › tests\browser\pixi-interaction-overlays.spec.js:16:121 › E17 Segment cap rejects without truncation and direct Canvas paints
[1135/1362] [chromium-reduced-motion] › tests\browser\pixi-interaction-overlays.spec.js:16:121 › E17 Label cap rejects without truncation and direct Canvas paints
[1136/1362] [chromium-reduced-motion] › tests\browser\pixi-interaction-overlays.spec.js:16:121 › E17 Char cap rejects without truncation and direct Canvas paints
[1137/1362] [chromium-reduced-motion] › tests\browser\pixi-interaction-overlays.spec.js:16:121 › E17 Container cap rejects without truncation and direct Canvas paints
[1138/1362] [chromium-reduced-motion] › tests\browser\pixi-interaction-overlays.spec.js:16:121 › E17 Graphics cap rejects without truncation and direct Canvas paints
[1139/1362] [chromium-reduced-motion] › tests\browser\pixi-interaction-overlays.spec.js:16:121 › E17 Sprite cap rejects without truncation and direct Canvas paints
[1140/1362] [chromium-reduced-motion] › tests\browser\pixi-interaction-overlays.spec.js:16:121 › E17 Texture cap rejects without truncation and direct Canvas paints
[1141/1362] [chromium-reduced-motion] › tests\browser\pixi-interaction-overlays.spec.js:16:121 › E17 SourceByte cap rejects without truncation and direct Canvas paints
[1142/1362] [chromium-reduced-motion] › tests\browser\pixi-interaction-overlays.spec.js:20:126 › recoverable interaction-overlays-source withdraws E17, paints direct Canvas, and recovers cleanly
[1143/1362] [chromium-reduced-motion] › tests\browser\pixi-interaction-overlays.spec.js:20:126 › recoverable interaction-overlays-after-paint withdraws E17, paints direct Canvas, and recovers cleanly
[1144/1362] [chromium-reduced-motion] › tests\browser\pixi-interaction-overlays.spec.js:20:126 › recoverable interaction-overlays-final-append withdraws E17, paints direct Canvas, and recovers cleanly
[1145/1362] [chromium-reduced-motion] › tests\browser\pixi-interaction-overlays.spec.js:24:1 › fatal final submission performs one nonadvancing full Canvas replay from frozen E17 input
[1146/1362] [chromium-reduced-motion] › tests\browser\pixi-interaction-overlays.spec.js:28:1 › E17 viewport inventory remains bounded on mobile and reduced motion
[1147/1362] [chromium-reduced-motion] › tests\browser\pixi-interaction-overlays.spec.js:32:1 › actual E17 Pixi primitives and labels match same-browser Canvas across DPR and device engines
[1148/1362] [chromium-reduced-motion] › tests\browser\pixi-interaction-overlays.spec.js:36:1 › each E17 visual has independent production-frame raster evidence
[1149/1362] [chromium-reduced-motion] › tests\browser\pixi-interaction-overlays.spec.js:40:1 › E17 lighter composite has parity and unsupported composite uses direct Canvas fallback
[1150/1362] [chromium-reduced-motion] › tests\browser\pixi-interaction-overlays.spec.js:44:1 › E17-active real desktop pointer targeting, pick, drag selection, pan, zoom, resize, and context action stay Canvas-bound
[1151/1362] [chromium-reduced-motion] › tests\browser\pixi-interaction-overlays.spec.js:48:1 › E17-active touch pointers target, tap, pan, pinch zoom, and remain aligned after mobile resize
[1152/1362] [chromium-reduced-motion] › tests\browser\pixi-interaction-overlays.spec.js:52:194 › interaction-overlays-container constructor failure leaves no E17 phantom resources and retries
[1153/1362] [chromium-reduced-motion] › tests\browser\pixi-interaction-overlays.spec.js:52:194 › interaction-overlays-graphics constructor failure leaves no E17 phantom resources and retries
[1154/1362] [chromium-reduced-motion] › tests\browser\pixi-interaction-overlays.spec.js:52:194 › interaction-overlays-sprite constructor failure leaves no E17 phantom resources and retries
[1155/1362] [chromium-reduced-motion] › tests\browser\pixi-interaction-overlays.spec.js:56:1 › fatal E17 update performs one Canvas replay and destroys every active resource
[1156/1362] [chromium-reduced-motion] › tests\browser\pixi-interaction-overlays.spec.js:60:1 › active E17 resources survive BFCache recreation and DPR resize, then clear on context loss
[1157/1362] [chromium-reduced-motion] › tests\browser\pixi-interaction-overlays.spec.js:64:1 › 1800-frame pointer, drag, build, pick, pause, and resize-style churn stays bounded
[1158/1362] [chromium-reduced-motion] › tests\browser\pixi-interaction-overlays.spec.js:68:1 › reset releases every E17 source and restores normal ownership
[1159/1362] [chromium-reduced-motion] › tests\browser\pixi-map-labels.spec.js:15:1 › Pixi owns only draft and garrison labels with stable order and cached raster sources
[1160/1362] [chromium-reduced-motion] › tests\browser\pixi-map-labels.spec.js:22:1 › actual isolated label sprites rasterize at DPR 1, 1.5, and 2
[1161/1362] [chromium-reduced-motion] › tests\browser\pixi-map-labels.spec.js:28:1 › map-label failures withdraw the whole block, paint direct Canvas, and recover
[1162/1362] [chromium-reduced-motion] › tests\browser\pixi-map-labels.spec.js:32:1 › production renderPass label failure composites real Canvas labels and support actor above retained Pixi aircraft
[1163/1362] [chromium-reduced-motion] › tests\browser\pixi-map-labels.spec.js:44:4 › map-label entry cap rejects without truncation and uses uncapped Canvas
[1164/1362] [chromium-reduced-motion] › tests\browser\pixi-map-labels.spec.js:44:4 › map-label label cap rejects without truncation and uses uncapped Canvas
[1165/1362] [chromium-reduced-motion] › tests\browser\pixi-map-labels.spec.js:44:4 › map-label char cap rejects without truncation and uses uncapped Canvas
[1166/1362] [chromium-reduced-motion] › tests\browser\pixi-map-labels.spec.js:44:4 › map-label container cap rejects without truncation and uses uncapped Canvas
[1167/1362] [chromium-reduced-motion] › tests\browser\pixi-map-labels.spec.js:44:4 › map-label sprite cap rejects without truncation and uses uncapped Canvas
[1168/1362] [chromium-reduced-motion] › tests\browser\pixi-map-labels.spec.js:44:4 › map-label texture cap rejects without truncation and uses uncapped Canvas
[1169/1362] [chromium-reduced-motion] › tests\browser\pixi-map-labels.spec.js:44:4 › map-label source-byte cap rejects without truncation and uses uncapped Canvas
[1170/1362] [chromium-reduced-motion] › tests\browser\pixi-map-labels.spec.js:48:1 › stable semantic keys survive reorder/remove and prerequisites recover
[1171/1362] [chromium-reduced-motion] › tests\browser\pixi-map-labels.spec.js:52:1 › text changes evict only zero-reference cached textures and reset/BFCache recreate cleanly
[1172/1362] [chromium-reduced-motion] › tests\browser\pixi-map-labels.spec.js:57:1 › continuous draft fade replaces old alpha rasters while stable garrison textures are reused
[1173/1362] [chromium-reduced-motion] › tests\browser\pixi-map-labels.spec.js:62:1 › 1800-frame text/owner/count/draft/cull/pan/DPR-stable churn stays bounded
[1174/1362] [chromium-reduced-motion] › tests\browser\pixi-missiles.spec.js:19:1 › Pixi owns normal and cruise missiles in exact array and primitive order
[1175/1362] [chromium-reduced-motion] › tests\browser\pixi-missiles.spec.js:25:1 › isolated real Pixi Graphics rasterize every E8 semantic at DPR 1, 1.5, and 2
[1176/1362] [chromium-reduced-motion] › tests\browser\pixi-missiles.spec.js:30:1 › an intentional overlap keeps a real projectile pixel below the later missile body
[1177/1362] [chromium-reduced-motion] › tests\browser\pixi-missiles.spec.js:34:1 › missile failures withdraw the whole layer, Canvas-paint it, and recover without ghosts
[1178/1362] [chromium-reduced-motion] › tests\browser\pixi-missiles.spec.js:44:4 › missile entry cap falls back to complete uncapped Canvas and recovers
[1179/1362] [chromium-reduced-motion] › tests\browser\pixi-missiles.spec.js:44:4 › missile trail cap falls back to complete uncapped Canvas and recovers
[1180/1362] [chromium-reduced-motion] › tests\browser\pixi-missiles.spec.js:44:4 › missile primitive cap falls back to complete uncapped Canvas and recovers
[1181/1362] [chromium-reduced-motion] › tests\browser\pixi-missiles.spec.js:44:4 › missile segment cap falls back to complete uncapped Canvas and recovers
[1182/1362] [chromium-reduced-motion] › tests\browser\pixi-missiles.spec.js:50:1 › missile container and Graphics constructor failures leave no phantom slots and retry
[1183/1362] [chromium-reduced-motion] › tests\browser\pixi-missiles.spec.js:54:1 › missile ownership requires the complete E4-E7 prerequisite chain
[1184/1362] [chromium-reduced-motion] › tests\browser\pixi-missiles.spec.js:58:1 › fatal final submit replays missiles once on Canvas with omission-sensitive primitive evidence
[1185/1362] [chromium-reduced-motion] › tests\browser\pixi-missiles.spec.js:62:1 › reduced motion keeps the legacy missile warning pulse on the supplied frame timestamp
[1186/1362] [chromium-reduced-motion] › tests\browser\pixi-missiles.spec.js:66:1 › WeakMap identities survive reorder and removal without changing source state
[1187/1362] [chromium-reduced-motion] › tests\browser\pixi-missiles.spec.js:70:1 › active missile resources recreate after BFCache loss and clean up on context loss
[1188/1362] [chromium-reduced-motion] › tests\browser\pixi-missiles.spec.js:74:1 › 1800-frame age, type, owner, fog, cull, reorder, and create-remove churn plateaus
[1189/1362] [chromium-reduced-motion] › tests\browser\pixi-nation-overlays.spec.js:10:1 › production Pixi owns nation overlays after effects and leaves marker layers on Canvas
[1190/1362] [chromium-reduced-motion] › tests\browser\pixi-nation-overlays.spec.js:15:516 › nation overlay entry-cap rejects the whole layer
[1191/1362] [chromium-reduced-motion] › tests\browser\pixi-nation-overlays.spec.js:15:516 › nation overlay label-cap rejects the whole layer
[1192/1362] [chromium-reduced-motion] › tests\browser\pixi-nation-overlays.spec.js:15:516 › nation overlay char-cap rejects the whole layer
[1193/1362] [chromium-reduced-motion] › tests\browser\pixi-nation-overlays.spec.js:15:516 › nation overlay primitive-cap rejects the whole layer
[1194/1362] [chromium-reduced-motion] › tests\browser\pixi-nation-overlays.spec.js:15:516 › nation overlay container-cap rejects the whole layer
[1195/1362] [chromium-reduced-motion] › tests\browser\pixi-nation-overlays.spec.js:15:516 › nation overlay sprite-cap rejects the whole layer
[1196/1362] [chromium-reduced-motion] › tests\browser\pixi-nation-overlays.spec.js:15:516 › nation overlay texture-cap rejects the whole layer
[1197/1362] [chromium-reduced-motion] › tests\browser\pixi-nation-overlays.spec.js:15:516 › nation overlay source-byte-cap rejects the whole layer
[1198/1362] [chromium-reduced-motion] › tests\browser\pixi-nation-overlays.spec.js:19:1 › nation overlay segment cap rejects geometry inventory
[1199/1362] [chromium-reduced-motion] › tests\browser\pixi-nation-overlays.spec.js:23:1 › recoverable final append withdraws all overlays and recovers without stale textures
[1200/1362] [chromium-reduced-motion] › tests\browser\pixi-nation-overlays.spec.js:27:1 › fatal nation update falls back with one nonadvancing Canvas replay
[1201/1362] [chromium-reduced-motion] › tests\browser\pixi-nation-overlays.spec.js:31:93 › production nation-overlays-final-append keeps effects below, labels exclusive, and opening marker above
[1202/1362] [chromium-reduced-motion] › tests\browser\pixi-nation-overlays.spec.js:31:93 › production nation-overlays-update keeps effects below, labels exclusive, and opening marker above
[1203/1362] [chromium-reduced-motion] › tests\browser\pixi-nation-overlays.spec.js:31:93 › production final-render keeps effects below, labels exclusive, and opening marker above
[1204/1362] [chromium-reduced-motion] › tests\browser\pixi-nation-overlays.spec.js:35:1 › independent inventory matches direct legacy Canvas pixels without clipped icon sources
[1205/1362] [chromium-reduced-motion] › tests\browser\pixi-nation-overlays.spec.js:41:1 › 1800 changing frames churn all visual inputs while pools and source cache stay bounded
[1206/1362] [chromium-reduced-motion] › tests\browser\pixi-naval-logistics.spec.js:24:1 › Pixi owns the bounded naval-logistics prefix in exact legacy order with targeted pixels
[1207/1362] [chromium-reduced-motion] › tests\browser\pixi-naval-logistics.spec.js:47:1 › boarding cap and Canvas handoff follow earlier visible wakes before viewport culling
[1208/1362] [chromium-reduced-motion] › tests\browser\pixi-naval-logistics.spec.js:56:1 › naval cap failure is atomic, leaves structures owned, and recovers next valid frame
[1209/1362] [chromium-reduced-motion] › tests\browser\pixi-naval-logistics.spec.js:64:1 › invalid paint and every pooled fail-after-mutation path fall back in-frame without dirty idle state or recovery ghosts
[1210/1362] [chromium-reduced-motion] › tests\browser\pixi-naval-logistics.spec.js:90:1 › WeakMap source identity survives reorder, removal, and compaction without index cross-wiring
[1211/1362] [chromium-reduced-motion] › tests\browser\pixi-naval-logistics.spec.js:97:1 › reset withdraws naval ownership when structures are unowned and a normal render restores it
[1212/1362] [chromium-reduced-motion] › tests\browser\pixi-naval-logistics.spec.js:106:251 › naval container-resource constructor failure leaves no phantom slot and recovers
[1213/1362] [chromium-reduced-motion] › tests\browser\pixi-naval-logistics.spec.js:106:251 › naval graphics-resource constructor failure leaves no phantom slot and recovers
[1214/1362] [chromium-reduced-motion] › tests\browser\pixi-naval-logistics.spec.js:106:251 › naval label-resource constructor failure leaves no phantom slot and recovers
[1215/1362] [chromium-reduced-motion] › tests\browser\pixi-naval-logistics.spec.js:115:1 › naval fixture remains CSS-pixel aligned at DPR 1, 1.5, and 2
[1216/1362] [chromium-reduced-motion] › tests\browser\pixi-naval-logistics.spec.js:125:1 › naval active and idle resources release across BFCache recreation and context loss
[1217/1362] [chromium-reduced-motion] › tests\browser\pixi-naval-logistics.spec.js:139:1 › 1800-frame naval create/remove/reorder/state/visibility churn plateaus within frame budgets
[1218/1362] [chromium-reduced-motion] › tests\browser\pixi-notifications.spec.js:8:1 › Pixi owns ordered notification overlays after annotations without authority mutation
[1219/1362] [chromium-reduced-motion] › tests\browser\pixi-notifications.spec.js:12:1 › credits use the exclusive E16 viewport layer without advancing authority or audio
[1220/1362] [chromium-reduced-motion] › tests\browser\pixi-notifications.spec.js:16:1 › notification viewport raster is DPR-aware and exactly source-byte bounded
[1221/1362] [chromium-reduced-motion] › tests\browser\pixi-notifications.spec.js:20:1 › actual Pixi notification pixels match direct Canvas at DPR 1, 1.5, and 2
[1222/1362] [chromium-reduced-motion] › tests\browser\pixi-notifications.spec.js:24:45 › credits camera chronology normal uses frame-start world camera and one late advancement
[1223/1362] [chromium-reduced-motion] › tests\browser\pixi-notifications.spec.js:24:45 › credits camera chronology final-render uses frame-start world camera and one late advancement
[1224/1362] [chromium-reduced-motion] › tests\browser\pixi-notifications.spec.js:28:1 › default Canvas keeps the same first and subsequent credits camera chronology
[1225/1362] [chromium-reduced-motion] › tests\browser\pixi-notifications.spec.js:32:1 › notification anchoring remains bounded on mobile and under reduced motion
[1226/1362] [chromium-reduced-motion] › tests\browser\pixi-notifications.spec.js:36:412 › notification entry-cap falls back without truncation
[1227/1362] [chromium-reduced-motion] › tests\browser\pixi-notifications.spec.js:36:412 › notification label-cap falls back without truncation
[1228/1362] [chromium-reduced-motion] › tests\browser\pixi-notifications.spec.js:36:412 › notification char-cap falls back without truncation
[1229/1362] [chromium-reduced-motion] › tests\browser\pixi-notifications.spec.js:36:412 › notification primitive-cap falls back without truncation
[1230/1362] [chromium-reduced-motion] › tests\browser\pixi-notifications.spec.js:36:412 › notification segment-cap falls back without truncation
[1231/1362] [chromium-reduced-motion] › tests\browser\pixi-notifications.spec.js:36:412 › notification container-cap falls back without truncation
[1232/1362] [chromium-reduced-motion] › tests\browser\pixi-notifications.spec.js:36:412 › notification graphics-cap falls back without truncation
[1233/1362] [chromium-reduced-motion] › tests\browser\pixi-notifications.spec.js:36:412 › notification sprite-cap falls back without truncation
[1234/1362] [chromium-reduced-motion] › tests\browser\pixi-notifications.spec.js:36:412 › notification texture-cap falls back without truncation
[1235/1362] [chromium-reduced-motion] › tests\browser\pixi-notifications.spec.js:36:412 › notification source-byte-cap falls back without truncation
[1236/1362] [chromium-reduced-motion] › tests\browser\pixi-notifications.spec.js:40:1 › notification final append withdraws E16 and recovers next frame
[1237/1362] [chromium-reduced-motion] › tests\browser\pixi-notifications.spec.js:44:1 › queued age-zero badge advances, sounds, counts, and displays in the same frame
[1238/1362] [chromium-reduced-motion] › tests\browser\pixi-notifications.spec.js:48:1 › badge final lifetime frame paints once and is absent from the following inventory
[1239/1362] [chromium-reduced-motion] › tests\browser\pixi-notifications.spec.js:52:40 › final-render replays the prepared badge once without re-age or re-audio
[1240/1362] [chromium-reduced-motion] › tests\browser\pixi-notifications.spec.js:56:1 › every E16 offscreen stage fails notification-only, cleans up, and recovers
[1241/1362] [chromium-reduced-motion] › tests\browser\pixi-notifications.spec.js:61:1 › destination-dependent and unknown composites bypass allocation and preserve direct Canvas results
[1242/1362] [chromium-reduced-motion] › tests\browser\pixi-notifications.spec.js:65:61 › notification Entry cap preflight leaves the offscreen raster untouched
[1243/1362] [chromium-reduced-motion] › tests\browser\pixi-notifications.spec.js:65:61 › notification Char cap preflight leaves the offscreen raster untouched
[1244/1362] [chromium-reduced-motion] › tests\browser\pixi-notifications.spec.js:65:61 › notification Primitive cap preflight leaves the offscreen raster untouched
[1245/1362] [chromium-reduced-motion] › tests\browser\pixi-notifications.spec.js:65:61 › notification SourceByte cap preflight leaves the offscreen raster untouched
[1246/1362] [chromium-reduced-motion] › tests\browser\pixi-notifications.spec.js:69:1 › default Canvas notification path never allocates the Pixi offscreen raster
[1247/1362] [chromium-reduced-motion] › tests\browser\pixi-notifications.spec.js:73:1 › notification viewport source releases on reset and BFCache suspend, then recreates normally
[1248/1362] [chromium-reduced-motion] › tests\browser\pixi-notifications.spec.js:77:1 › 1800-frame notification churn remains bounded and meets submission ceilings
[1249/1362] [chromium-reduced-motion] › tests\browser\pixi-projectiles.spec.js:34:1 › Pixi owns every E7 variant in exact category and primitive order
[1250/1362] [chromium-reduced-motion] › tests\browser\pixi-projectiles.spec.js:40:1 › isolated Pixi Graphics rasterize every E7 primitive and preserve the separate intentional overlap order fixture
[1251/1362] [chromium-reduced-motion] › tests\browser\pixi-projectiles.spec.js:49:1 › projectile failures withdraw the complete layer and recover without live-slot ghosts
[1252/1362] [chromium-reduced-motion] › tests\browser\pixi-projectiles.spec.js:54:1 › fatal final submission replays the complete frame on Canvas without another RAF or presentation advance
[1253/1362] [chromium-reduced-motion] › tests\browser\pixi-projectiles.spec.js:61:1 › fatal world-layer update failure uses the same bounded full-frame Canvas replay
[1254/1362] [chromium-reduced-motion] › tests\browser\pixi-projectiles.spec.js:66:1 › visual-shot presentation ages exactly once and expires on the sixth displayed frame
[1255/1362] [chromium-reduced-motion] › tests\browser\pixi-projectiles.spec.js:70:1 › Pixi failure falls back without double-aging visual shots
[1256/1362] [chromium-reduced-motion] › tests\browser\pixi-projectiles.spec.js:74:1 › projectile ownership requires the complete E4-E6 prerequisite chain
[1257/1362] [chromium-reduced-motion] › tests\browser\pixi-projectiles.spec.js:78:1 › projectile fixture remains CSS-pixel aligned at DPR 1, 1.5, and 2
[1258/1362] [chromium-reduced-motion] › tests\browser\pixi-projectiles.spec.js:82:1 › 1800-frame variant, trail, fog, cull, reorder, and create-remove churn plateaus
[1259/1362] [chromium-reduced-motion] › tests\browser\pixi-structures.spec.js:71:1 › Pixi owns every complete visible structure with stable tile alignment and bounded reuse
[1260/1362] [chromium-reduced-motion] › tests\browser\pixi-structures.spec.js:118:120 › atomic Canvas fallback represents every base when the sprite-cap is exhausted
[1261/1362] [chromium-reduced-motion] › tests\browser\pixi-structures.spec.js:118:120 › atomic Canvas fallback represents every base when the texture-cap is exhausted
[1262/1362] [chromium-reduced-motion] › tests\browser\pixi-structures.spec.js:139:1 › structure completion, pop, texture replacement, destruction, eviction, invalid source, and reset use real resource identity
[1263/1362] [chromium-reduced-motion] › tests\browser\pixi-structures.spec.js:177:1 › overlapping structures remain in one Pixi-owned legacy-ordered scene graph
[1264/1362] [chromium-reduced-motion] › tests\browser\pixi-structures.spec.js:200:1 › fog-hidden active missile focus remains Pixi-owned and painted
[1265/1362] [chromium-reduced-motion] › tests\browser\pixi-structures.spec.js:213:1 › missile focus uses explicit route phase in Canvas and Pixi at two times with and without supply context
[1266/1362] [chromium-reduced-motion] › tests\browser\pixi-structures.spec.js:230:1 › Canvas fallback geometry ignores poisoned prior stroke state and restores defaults
[1267/1362] [chromium-reduced-motion] › tests\browser\pixi-structures.spec.js:239:1 › build, queue, pop, level, suppression, linked, and cooldown marks remain Pixi-owned
[1268/1362] [chromium-reduced-motion] › tests\browser\pixi-structures.spec.js:270:1 › a visible pre-base range keeps its ordered entry when the base sprite is offscreen
[1269/1362] [chromium-reduced-motion] › tests\browser\pixi-structures.spec.js:284:127 › pre-structure primitive-cap atomically restores Canvas pre-layers and bases
[1270/1362] [chromium-reduced-motion] › tests\browser\pixi-structures.spec.js:284:127 › pre-structure segment-cap atomically restores Canvas pre-layers and bases
[1271/1362] [chromium-reduced-motion] › tests\browser\pixi-structures.spec.js:298:117 › text-cap atomically restores the complete Canvas structure scene and recovers
[1272/1362] [chromium-reduced-motion] › tests\browser\pixi-structures.spec.js:298:117 › text-resource atomically restores the complete Canvas structure scene and recovers
[1273/1362] [chromium-reduced-motion] › tests\browser\pixi-structures.spec.js:314:1 › countdown labels use bounded explicit textures and do not enter the Pixi Text cache
[1274/1362] [chromium-reduced-motion] › tests\browser\pixi-structures.spec.js:330:4 › cap-one sprite-resource constructor failure leaves no phantom pool slot and recovers
[1275/1362] [chromium-reduced-motion] › tests\browser\pixi-structures.spec.js:330:4 › cap-one graphics-resource constructor failure leaves no phantom pool slot and recovers
[1276/1362] [chromium-reduced-motion] › tests\browser\pixi-structures.spec.js:330:4 › cap-one text-resource constructor failure leaves no phantom pool slot and recovers
[1277/1362] [chromium-reduced-motion] › tests\browser\pixi-structures.spec.js:343:1 › structure pooled resources discard tainted paint failures and recover without stale children
[1278/1362] [chromium-reduced-motion] › tests\browser\pixi-structures.spec.js:361:1 › segment cap accepts the exact generated count and rejects one less before drawing
[1279/1362] [chromium-reduced-motion] › tests\browser\pixi-structures.spec.js:379:1 › 60-frame paused dense-fixture microbenchmark stays bounded with visible and culled structure scenes
[1280/1362] [chromium-reduced-motion] › tests\browser\pixi-structures.spec.js:402:1 › 1800-frame dev Pixi structure state churn keeps every owned resource bounded
[1281/1362] [chromium-reduced-motion] › tests\browser\pixi-structures.spec.js:422:1 › quality tiers reduce route segments without hiding gameplay meaning
[1282/1362] [chromium-reduced-motion] › tests\browser\pixi-structures.spec.js:449:1 › reduced motion freezes pre-structure pulse and route movement while retaining all semantics
[1283/1362] [chromium-reduced-motion] › tests\browser\pixi-structures.spec.js:462:1 › complete Pixi structure ownership obeys effective motion policy without changing canonical state
[1284/1362] [chromium-reduced-motion] › tests\browser\pixi-structures.spec.js:484:1 › dense structure resources recreate after BFCache loss and cleanly hand ownership to Canvas on context loss
[1285/1362] [chromium-reduced-motion] › tests\browser\pixi-structures.spec.js:511:1 › Pixi structure layer smokes every map and major mode
[1286/1362] [chromium-reduced-motion] › tests\browser\pixi-support-actors.spec.js:24:1 › Pixi owns the exact support block after labels and hands state to floating text
[1287/1362] [chromium-reduced-motion] › tests\browser\pixi-support-actors.spec.js:30:1 › real isolated Pixi Graphics paint every support primitive at DPR 1, 1.5, and 2
[1288/1362] [chromium-reduced-motion] › tests\browser\pixi-support-actors.spec.js:38:1 › support resource failures withdraw all categories, direct Canvas paint, and recover
[1289/1362] [chromium-reduced-motion] › tests\browser\pixi-support-actors.spec.js:48:4 › production renderPass support-actor-graphics-after-paint proves isolated support operations and later floating text
[1290/1362] [chromium-reduced-motion] › tests\browser\pixi-support-actors.spec.js:48:4 › production renderPass support-actor-final-append proves isolated support operations and later floating text
[1291/1362] [chromium-reduced-motion] › tests\browser\pixi-support-actors.spec.js:48:4 › production renderPass support-actor-update proves isolated support operations and later floating text
[1292/1362] [chromium-reduced-motion] › tests\browser\pixi-support-actors.spec.js:48:4 › production renderPass final-render proves isolated support operations and later floating text
[1293/1362] [chromium-reduced-motion] › tests\browser\pixi-support-actors.spec.js:57:1 › support container and Graphics constructor failures leave no phantom resources
[1294/1362] [chromium-reduced-motion] › tests\browser\pixi-support-actors.spec.js:66:4 › support entry-cap rejects without truncation
[1295/1362] [chromium-reduced-motion] › tests\browser\pixi-support-actors.spec.js:66:4 › support trail-point-cap rejects without truncation
[1296/1362] [chromium-reduced-motion] › tests\browser\pixi-support-actors.spec.js:66:4 › support primitive-cap rejects without truncation
[1297/1362] [chromium-reduced-motion] › tests\browser\pixi-support-actors.spec.js:66:4 › support segment-cap rejects without truncation
[1298/1362] [chromium-reduced-motion] › tests\browser\pixi-support-actors.spec.js:66:4 › support container-cap rejects without truncation
[1299/1362] [chromium-reduced-motion] › tests\browser\pixi-support-actors.spec.js:66:4 › support graphics-cap rejects without truncation
[1300/1362] [chromium-reduced-motion] › tests\browser\pixi-support-actors.spec.js:68:1 › WeakMap occurrence identity survives reorder, removal, and restore
[1301/1362] [chromium-reduced-motion] › tests\browser\pixi-support-actors.spec.js:70:1 › support ownership requires map labels and reset recovery is clean
[1302/1362] [chromium-reduced-motion] › tests\browser\pixi-support-actors.spec.js:72:1 › 1800-frame support state/type/color/progress/trail/fog/cull/reorder churn plateaus
[1303/1362] [chromium-reduced-motion] › tests\browser\pixi-warships.spec.js:22:1 › Pixi owns every warship class and attached status visual in exact entry order
[1304/1362] [chromium-reduced-motion] › tests\browser\pixi-warships.spec.js:32:1 › warship caps advance chronologically through visible array order
[1305/1362] [chromium-reduced-motion] › tests\browser\pixi-warships.spec.js:46:1 › duplicate IDs and injected resource failures withdraw all warships but preserve naval ownership and recover
[1306/1362] [chromium-reduced-motion] › tests\browser\pixi-warships.spec.js:52:1 › constructor failures leave no phantom warship slots and stable IDs survive reorder, remove, and re-add
[1307/1362] [chromium-reduced-motion] › tests\browser\pixi-warships.spec.js:65:1 › warship ownership requires complete structures and naval logistics
[1308/1362] [chromium-reduced-motion] › tests\browser\pixi-warships.spec.js:69:1 › warship fixture remains CSS-pixel aligned at DPR 1, 1.5, and 2
[1309/1362] [chromium-reduced-motion] › tests\browser\pixi-warships.spec.js:73:1 › damaged leaned recoil HP pips match the legacy Canvas footprint at every DPR
[1310/1362] [chromium-reduced-motion] › tests\browser\pixi-warships.spec.js:80:1 › distinguishes inherited butt and round dash and cruiser-detail endpoints at every DPR
[1311/1362] [chromium-reduced-motion] › tests\browser\pixi-warships.spec.js:91:1 › 1800-frame class, color, state, selection, fire, HP, wake, cull, and reorder churn plateaus
[1312/1362] [chromium-reduced-motion] › tests\browser\pixi-world-annotations.spec.js:10:1 › production Pixi owns the exact annotation block after nation overlays
[1313/1362] [chromium-reduced-motion] › tests\browser\pixi-world-annotations.spec.js:14:449 › world annotation entry-cap rejects without truncation
[1314/1362] [chromium-reduced-motion] › tests\browser\pixi-world-annotations.spec.js:14:449 › world annotation member-cap rejects without truncation
[1315/1362] [chromium-reduced-motion] › tests\browser\pixi-world-annotations.spec.js:14:449 › world annotation primitive-cap rejects without truncation
[1316/1362] [chromium-reduced-motion] › tests\browser\pixi-world-annotations.spec.js:14:449 › world annotation segment-cap rejects without truncation
[1317/1362] [chromium-reduced-motion] › tests\browser\pixi-world-annotations.spec.js:14:449 › world annotation label-cap rejects without truncation
[1318/1362] [chromium-reduced-motion] › tests\browser\pixi-world-annotations.spec.js:14:449 › world annotation char-cap rejects without truncation
[1319/1362] [chromium-reduced-motion] › tests\browser\pixi-world-annotations.spec.js:14:449 › world annotation container-cap rejects without truncation
[1320/1362] [chromium-reduced-motion] › tests\browser\pixi-world-annotations.spec.js:14:449 › world annotation graphics-cap rejects without truncation
[1321/1362] [chromium-reduced-motion] › tests\browser\pixi-world-annotations.spec.js:14:449 › world annotation sprite-cap rejects without truncation
[1322/1362] [chromium-reduced-motion] › tests\browser\pixi-world-annotations.spec.js:14:449 › world annotation texture-cap rejects without truncation
[1323/1362] [chromium-reduced-motion] › tests\browser\pixi-world-annotations.spec.js:14:449 › world annotation source-byte-cap rejects without truncation
[1324/1362] [chromium-reduced-motion] › tests\browser\pixi-world-annotations.spec.js:18:1 › recoverable annotation final append withdraws all resources and retries
[1325/1362] [chromium-reduced-motion] › tests\browser\pixi-world-annotations.spec.js:22:1 › stable frames reuse textures and returning variants stay cached within policy
[1326/1362] [chromium-reduced-motion] › tests\browser\pixi-world-annotations.spec.js:26:1 › failed post-raster transaction balances references and destroys only new resources
[1327/1362] [chromium-reduced-motion] › tests\browser\pixi-world-annotations.spec.js:30:1 › texture cap pressure evicts least-recently-used zero-reference variants
[1328/1362] [chromium-reduced-motion] › tests\browser\pixi-world-annotations.spec.js:34:1 › source-byte pressure evicts zero-reference variants before allocating
[1329/1362] [chromium-reduced-motion] › tests\browser\pixi-world-annotations.spec.js:38:1 › DPR changes allocate once and reuse the returning DPR variant
[1330/1362] [chromium-reduced-motion] › tests\browser\pixi-world-annotations.spec.js:42:1 › reset and context teardown destroy every cached annotation texture once
[1331/1362] [chromium-reduced-motion] › tests\browser\pixi-world-annotations.spec.js:46:1 › fatal annotation update performs one nonadvancing full Canvas replay
[1332/1362] [chromium-reduced-motion] › tests\browser\pixi-world-annotations.spec.js:50:1 › opening, regions, owned SAM network, and labels match direct Canvas pixels
[1333/1362] [chromium-reduced-motion] › tests\browser\pixi-world-annotations.spec.js:54:1 › opening, region, enemy, fog-filtered, no-network, and zoom variants retain actual pixel parity
[1334/1362] [chromium-reduced-motion] › tests\browser\pixi-world-annotations.spec.js:58:1 › 1800-frame stable many-region plateaus and real annotation churn stays bounded
[1335/1362] [chromium-reduced-motion] › tests\browser\platform.spec.js:3:1 › local and WordPress adapters own platform boundaries
[1336/1362] [chromium-reduced-motion] › tests\browser\relay-websocket.spec.js:66:1 › real localhost relay coordinates isolated browser engines, recovery, desync, and wire bounds
[1337/1362] [chromium-reduced-motion] › tests\browser\renderer-foundation.spec.js:52:1 › Canvas and Pixi hybrid preserve state, input, camera, and bounded raster lifecycle
[1338/1362] [chromium-reduced-motion] › tests\browser\renderer-foundation.spec.js:161:1 › source Pixi smoke preserves raster, input alignment, and canonical parity
[1339/1362] [chromium-reduced-motion] › tests\browser\renderer-foundation.spec.js:190:42 › canvas survives repeated persisted page lifecycle with one RAF and viewport lifecycle
[1340/1362] [chromium-reduced-motion] › tests\browser\renderer-foundation.spec.js:190:42 › pixi survives repeated persisted page lifecycle with one RAF and viewport lifecycle
[1341/1362] [chromium-reduced-motion] › tests\browser\renderer-foundation.spec.js:230:1 › real WebGL context loss falls back without changing simulation state
[1342/1362] [chromium-reduced-motion] › tests\browser\renderer-foundation.spec.js:251:1 › Pixi initialization failure and unsupported names fall back without restarting simulation
[1343/1362] [chromium-reduced-motion] › tests\browser\score-retry.spec.js:3:58 › score expired response preserves the correct retry policy
[1344/1362] [chromium-reduced-motion] › tests\browser\score-retry.spec.js:3:58 › score invalid response preserves the correct retry policy
[1345/1362] [chromium-reduced-motion] › tests\browser\score-retry.spec.js:3:58 › score signature response preserves the correct retry policy
[1346/1362] [chromium-reduced-motion] › tests\browser\silo-flight-handoff.spec.js:2:1 › silo uses one artwork projectile at the flight handoff
[1347/1362] [chromium-reduced-motion] › tests\browser\startup.spec.js:5:1 › startup communicates loading and prevents input until the game is ready
[1348/1362] [chromium-reduced-motion] › tests\browser\startup.spec.js:40:1 › failed startup offers a working retry without exposing inactive controls
[1349/1362] [chromium-reduced-motion] › tests\browser\terrain-raster.spec.js:14:1 › F2 shares 4x deterministic bytes and recomposes only across the camera detail threshold
[1350/1362] [chromium-reduced-motion] › tests\browser\terrain-raster.spec.js:41:1 › F2 source bytes ignore DPR, quality, renderer and reduced-motion policy
[1351/1362] [chromium-reduced-motion] › tests\browser\terrain-raster.spec.js:52:1 › cold worker failure paints bounded emergency terrain and reset clears old map pixels immediately
[1352/1362] [chromium-reduced-motion] › tests\browser\terrain-raster.spec.js:62:1 › production publisher installs discarded-B cache-hit C and skips only its installed revision
[1353/1362] [chromium-reduced-motion] › tests\browser\terrain-raster.spec.js:69:1 › paused pick-area highlight clears immediately on Escape and mode cancellation
[1354/1362] [chromium-reduced-motion] › tests\browser\terrain-raster.spec.js:79:1 › F2 Canvas-high and Pixi-linear terrain-only framebuffers retain geometry and bounded sampling parity
[1355/1362] [chromium-reduced-motion] › tests\browser\terrain-raster.spec.js:94:1 › F2 authoritative coast and topology input probes remain exact under smoothed presentation
[1356/1362] [chromium-reduced-motion] › tests\browser\terrain-raster.spec.js:104:1 › F2 sustained 10Hz suppression converges and named synchronous interactions stay responsive

(node:53232) Warning: The 'NO_COLOR' env is ignored due to the 'FORCE_COLOR' env being set.
(Use `node --trace-warnings ...` to show where the warning was created)

[1357/1362] [chromium-source-contract] › tests\browser\build-contract.spec.js:4:1 › source and built module applications load every chunk and preserve the canonical simulation
[1358/1362] [chromium-source-contract] › tests\browser\startup.spec.js:5:1 › startup communicates loading and prevents input until the game is ready
[1359/1362] [chromium-source-contract] › tests\browser\startup.spec.js:40:1 › failed startup offers a working retry without exposing inactive controls

(node:6064) Warning: The 'NO_COLOR' env is ignored due to the 'FORCE_COLOR' env being set.
(Use `node --trace-warnings ...` to show where the warning was created)

[1360/1362] [chromium-built-contract] › tests\browser\build-contract.spec.js:4:1 › source and built module applications load every chunk and preserve the canonical simulation
[1361/1362] [chromium-built-contract] › tests\browser\startup.spec.js:5:1 › startup communicates loading and prevents input until the game is ready
[1362/1362] [chromium-built-contract] › tests\browser\startup.spec.js:40:1 › failed startup offers a working retry without exposing inactive controls
  940 skipped
  422 passed (21.5m)

> statefall@1.10.61 test:desktop-scale
> playwright test tests/browser/desktop-scale.spec.js --project=chromium-desktop-scale-1 --project=chromium-desktop-scale-1.5 --project=chromium-desktop-scale-2

[WebServer] (node:56796) Warning: The 'NO_COLOR' env is ignored due to the 'FORCE_COLOR' env being set.

[WebServer] (Use `node --trace-warnings ...` to show where the warning was created)

Running 21 tests using 1 worker


(node:23616) Warning: The 'NO_COLOR' env is ignored due to the 'FORCE_COLOR' env being set.
(Use `node --trace-warnings ...` to show where the warning was created)

[1/21] [chromium-desktop-scale-1] › tests\browser\desktop-scale.spec.js:98:1 › keeps Canvas, layout, targeting, and camera stable across desktop display scales
[2/21] [chromium-desktop-scale-1] › tests\browser\desktop-scale.spec.js:139:1 › keeps Pixi raster and Canvas overlay aligned across desktop display scales
[3/21] [chromium-desktop-scale-1] › tests\browser\desktop-scale.spec.js:163:1 › keeps Pixi structure sprites aligned to Canvas CSS-pixel coordinates across desktop display scales
[4/21] [chromium-desktop-scale-1] › tests\browser\desktop-scale.spec.js:177:1 › uses rasterized scaled-texture fringe for edge culling and ordered overlap at every DPR
[chromium-desktop-scale-1] › tests\browser\desktop-scale.spec.js:177:1 › uses rasterized scaled-texture fringe for edge culling and ordered overlap at every DPR
DPR 1 scaled texture edge: 1333 changed raster pixels in first 2 columns; 96px and 108px overlaps remain Pixi-owned

[5/21] [chromium-desktop-scale-1] › tests\browser\desktop-scale.spec.js:214:1 › matches Canvas alphabetic-baseline label semantics and overlapping level/queue/arc pixels at every DPR
[6/21] [chromium-desktop-scale-1] › tests\browser\desktop-scale.spec.js:232:1 › keeps Pixi naval logistics hulls, routes, wakes, labels, cargo, and boarding aligned at every DPR
[7/21] [chromium-desktop-scale-1] › tests\browser\desktop-scale.spec.js:243:1 › distinguishes merchant miter corners and boarding butt/round endpoints at every DPR
(node:39104) Warning: The 'NO_COLOR' env is ignored due to the 'FORCE_COLOR' env being set.
(Use `node --trace-warnings ...` to show where the warning was created)


[8/21] [chromium-desktop-scale-1.5] › tests\browser\desktop-scale.spec.js:98:1 › keeps Canvas, layout, targeting, and camera stable across desktop display scales
[9/21] [chromium-desktop-scale-1.5] › tests\browser\desktop-scale.spec.js:139:1 › keeps Pixi raster and Canvas overlay aligned across desktop display scales
[10/21] [chromium-desktop-scale-1.5] › tests\browser\desktop-scale.spec.js:163:1 › keeps Pixi structure sprites aligned to Canvas CSS-pixel coordinates across desktop display scales
[11/21] [chromium-desktop-scale-1.5] › tests\browser\desktop-scale.spec.js:177:1 › uses rasterized scaled-texture fringe for edge culling and ordered overlap at every DPR
[chromium-desktop-scale-1.5] › tests\browser\desktop-scale.spec.js:177:1 › uses rasterized scaled-texture fringe for edge culling and ordered overlap at every DPR
DPR 1.5 scaled texture edge: 3006 changed raster pixels in first 3 columns; 96px and 108px overlaps remain Pixi-owned

[12/21] [chromium-desktop-scale-1.5] › tests\browser\desktop-scale.spec.js:214:1 › matches Canvas alphabetic-baseline label semantics and overlapping level/queue/arc pixels at every DPR
[13/21] [chromium-desktop-scale-1.5] › tests\browser\desktop-scale.spec.js:232:1 › keeps Pixi naval logistics hulls, routes, wakes, labels, cargo, and boarding aligned at every DPR
[14/21] [chromium-desktop-scale-1.5] › tests\browser\desktop-scale.spec.js:243:1 › distinguishes merchant miter corners and boarding butt/round endpoints at every DPR
(node:51700) Warning: The 'NO_COLOR' env is ignored due to the 'FORCE_COLOR' env being set.

(Use `node --trace-warnings ...` to show where the warning was created)

[15/21] [chromium-desktop-scale-2] › tests\browser\desktop-scale.spec.js:98:1 › keeps Canvas, layout, targeting, and camera stable across desktop display scales
[16/21] [chromium-desktop-scale-2] › tests\browser\desktop-scale.spec.js:139:1 › keeps Pixi raster and Canvas overlay aligned across desktop display scales
[17/21] [chromium-desktop-scale-2] › tests\browser\desktop-scale.spec.js:163:1 › keeps Pixi structure sprites aligned to Canvas CSS-pixel coordinates across desktop display scales
[18/21] [chromium-desktop-scale-2] › tests\browser\desktop-scale.spec.js:177:1 › uses rasterized scaled-texture fringe for edge culling and ordered overlap at every DPR
[chromium-desktop-scale-2] › tests\browser\desktop-scale.spec.js:177:1 › uses rasterized scaled-texture fringe for edge culling and ordered overlap at every DPR
DPR 2 scaled texture edge: 5346 changed raster pixels in first 4 columns; 96px and 108px overlaps remain Pixi-owned

[19/21] [chromium-desktop-scale-2] › tests\browser\desktop-scale.spec.js:214:1 › matches Canvas alphabetic-baseline label semantics and overlapping level/queue/arc pixels at every DPR
[20/21] [chromium-desktop-scale-2] › tests\browser\desktop-scale.spec.js:232:1 › keeps Pixi naval logistics hulls, routes, wakes, labels, cargo, and boarding aligned at every DPR
[21/21] [chromium-desktop-scale-2] › tests\browser\desktop-scale.spec.js:243:1 › distinguishes merchant miter corners and boarding butt/round endpoints at every DPR
  21 passed (1.1m)

> statefall@1.10.61 test:prototype
> playwright test --config prototypes/graphics-vertical-slice/playwright.config.js --project=chromium-desktop


Running 1 test using 1 worker

(node:50980) Warning: The 'NO_COLOR' env is ignored due to the 'FORCE_COLOR' env being set.
(Use `node --trace-warnings ...` to show where the warning was created)


[1/1] [chromium-desktop] › prototypes\graphics-vertical-slice\graphics-vertical-slice.spec.js:7:1 › renders the deterministic command-map slice
  1 passed (1.2s)
